Workbook

Sheet Summary
A1: AzteckPlinkoFull Workbook
A2: Generated from F:\Gaming\Stakes\math-sdk\games\azteck_plinko_final
A4: Package
A5: Key | B5: Value
A6: Root | B6: F:\Gaming\Stakes\math-sdk\games\azteck_plinko_final
A7: Index | B7: F:\Gaming\Stakes\math-sdk\games\azteck_plinko_final\artifacts\publish_files\index.json
A8: Lookup files | B8: 72
A9: Docs dir exists | B9: TRUE
A10: RTP tolerance | B10: 0.01
A11: Payout scale | B11: 100
A12: Max bet assumption | B12: 500
A14: Mode Metrics
A15: Mode | B15: Cost | C15: Rows Config | D15: Expected Buckets | E15: Rows | F15: Unique Multipliers | G15: Bucket Structure Pass | H15: RTP Target | I15: RTP Actual | J15: Abs Drift | K15: RTP Pass | L15: Hit Rate | M15: Zero Rate | N15: Profit Rate | O15: Weighted Mean | P15: Std | Q15: Max Win | R15: Max Win Probability | S15: Max Exposure
A16: buy100_expert_10 | B16: ='buy100_expert_10'!$B$3 | C16: 10 | D16: =IF(C16="","",C16+1) | E16: ='buy100_expert_10'!B21 | F16: ='buy100_expert_10'!B22 | G16: =IF(C16="","N/A",F16=ROUNDUP((C16+1)/2,0)) | H16: ='buy100_expert_10'!$D$3 | I16: ='buy100_expert_10'!G16 | J16: =ABS(I16-H16) | K16: ='buy100_expert_10'!H16 | L16: =SUMIFS('buy100_expert_10'!E7:E14,'buy100_expert_10'!D7:D14,">0") | M16: =SUMIFS('buy100_expert_10'!E7:E14,'buy100_expert_10'!D7:D14,"=0") | N16: =SUMIFS('buy100_expert_10'!E7:E14,'buy100_expert_10'!D7:D14,">"&B16) | O16: ='buy100_expert_10'!F16 | P16: =SQRT(SUMPRODUCT('buy100_expert_10'!E7:E14,('buy100_expert_10'!D7:D14-O16)^2)) | Q16: ='buy100_expert_10'!B19 | R16: ='buy100_expert_10'!B20 | S16: ='buy100_expert_10'!B23
A17: buy100_expert_11 | B17: ='buy100_expert_11'!$B$3 | C17: 11 | D17: =IF(C17="","",C17+1) | E17: ='buy100_expert_11'!B22 | F17: ='buy100_expert_11'!B23 | G17: =IF(C17="","N/A",F17=ROUNDUP((C17+1)/2,0)) | H17: ='buy100_expert_11'!$D$3 | I17: ='buy100_expert_11'!G17 | J17: =ABS(I17-H17) | K17: ='buy100_expert_11'!H17 | L17: =SUMIFS('buy100_expert_11'!E7:E15,'buy100_expert_11'!D7:D15,">0") | M17: =SUMIFS('buy100_expert_11'!E7:E15,'buy100_expert_11'!D7:D15,"=0") | N17: =SUMIFS('buy100_expert_11'!E7:E15,'buy100_expert_11'!D7:D15,">"&B17) | O17: ='buy100_expert_11'!F17 | P17: =SQRT(SUMPRODUCT('buy100_expert_11'!E7:E15,('buy100_expert_11'!D7:D15-O17)^2)) | Q17: ='buy100_expert_11'!B20 | R17: ='buy100_expert_11'!B21 | S17: ='buy100_expert_11'!B24
A18: buy100_expert_12 | B18: ='buy100_expert_12'!$B$3 | C18: 12 | D18: =IF(C18="","",C18+1) | E18: ='buy100_expert_12'!B23 | F18: ='buy100_expert_12'!B24 | G18: =IF(C18="","N/A",F18=ROUNDUP((C18+1)/2,0)) | H18: ='buy100_expert_12'!$D$3 | I18: ='buy100_expert_12'!G18 | J18: =ABS(I18-H18) | K18: ='buy100_expert_12'!H18 | L18: =SUMIFS('buy100_expert_12'!E7:E16,'buy100_expert_12'!D7:D16,">0") | M18: =SUMIFS('buy100_expert_12'!E7:E16,'buy100_expert_12'!D7:D16,"=0") | N18: =SUMIFS('buy100_expert_12'!E7:E16,'buy100_expert_12'!D7:D16,">"&B18) | O18: ='buy100_expert_12'!F18 | P18: =SQRT(SUMPRODUCT('buy100_expert_12'!E7:E16,('buy100_expert_12'!D7:D16-O18)^2)) | Q18: ='buy100_expert_12'!B21 | R18: ='buy100_expert_12'!B22 | S18: ='buy100_expert_12'!B25
A19: buy100_expert_13 | B19: ='buy100_expert_13'!$B$3 | C19: 13 | D19: =IF(C19="","",C19+1) | E19: ='buy100_expert_13'!B24 | F19: ='buy100_expert_13'!B25 | G19: =IF(C19="","N/A",F19=ROUNDUP((C19+1)/2,0)) | H19: ='buy100_expert_13'!$D$3 | I19: ='buy100_expert_13'!G19 | J19: =ABS(I19-H19) | K19: ='buy100_expert_13'!H19 | L19: =SUMIFS('buy100_expert_13'!E7:E17,'buy100_expert_13'!D7:D17,">0") | M19: =SUMIFS('buy100_expert_13'!E7:E17,'buy100_expert_13'!D7:D17,"=0") | N19: =SUMIFS('buy100_expert_13'!E7:E17,'buy100_expert_13'!D7:D17,">"&B19) | O19: ='buy100_expert_13'!F19 | P19: =SQRT(SUMPRODUCT('buy100_expert_13'!E7:E17,('buy100_expert_13'!D7:D17-O19)^2)) | Q19: ='buy100_expert_13'!B22 | R19: ='buy100_expert_13'!B23 | S19: ='buy100_expert_13'!B26
A20: buy100_expert_14 | B20: ='buy100_expert_14'!$B$3 | C20: 14 | D20: =IF(C20="","",C20+1) | E20: ='buy100_expert_14'!B25 | F20: ='buy100_expert_14'!B26 | G20: =IF(C20="","N/A",F20=ROUNDUP((C20+1)/2,0)) | H20: ='buy100_expert_14'!$D$3 | I20: ='buy100_expert_14'!G20 | J20: =ABS(I20-H20) | K20: ='buy100_expert_14'!H20 | L20: =SUMIFS('buy100_expert_14'!E7:E18,'buy100_expert_14'!D7:D18,">0") | M20: =SUMIFS('buy100_expert_14'!E7:E18,'buy100_expert_14'!D7:D18,"=0") | N20: =SUMIFS('buy100_expert_14'!E7:E18,'buy100_expert_14'!D7:D18,">"&B20) | O20: ='buy100_expert_14'!F20 | P20: =SQRT(SUMPRODUCT('buy100_expert_14'!E7:E18,('buy100_expert_14'!D7:D18-O20)^2)) | Q20: ='buy100_expert_14'!B23 | R20: ='buy100_expert_14'!B24 | S20: ='buy100_expert_14'!B27
A21: buy100_expert_15 | B21: ='buy100_expert_15'!$B$3 | C21: 15 | D21: =IF(C21="","",C21+1) | E21: ='buy100_expert_15'!B24 | F21: ='buy100_expert_15'!B25 | G21: =IF(C21="","N/A",F21=ROUNDUP((C21+1)/2,0)) | H21: ='buy100_expert_15'!$D$3 | I21: ='buy100_expert_15'!G19 | J21: =ABS(I21-H21) | K21: ='buy100_expert_15'!H19 | L21: =SUMIFS('buy100_expert_15'!E7:E17,'buy100_expert_15'!D7:D17,">0") | M21: =SUMIFS('buy100_expert_15'!E7:E17,'buy100_expert_15'!D7:D17,"=0") | N21: =SUMIFS('buy100_expert_15'!E7:E17,'buy100_expert_15'!D7:D17,">"&B21) | O21: ='buy100_expert_15'!F19 | P21: =SQRT(SUMPRODUCT('buy100_expert_15'!E7:E17,('buy100_expert_15'!D7:D17-O21)^2)) | Q21: ='buy100_expert_15'!B22 | R21: ='buy100_expert_15'!B23 | S21: ='buy100_expert_15'!B26
A22: buy100_expert_16 | B22: ='buy100_expert_16'!$B$3 | C22: 16 | D22: =IF(C22="","",C22+1) | E22: ='buy100_expert_16'!B25 | F22: ='buy100_expert_16'!B26 | G22: =IF(C22="","N/A",F22=ROUNDUP((C22+1)/2,0)) | H22: ='buy100_expert_16'!$D$3 | I22: ='buy100_expert_16'!G20 | J22: =ABS(I22-H22) | K22: ='buy100_expert_16'!H20 | L22: =SUMIFS('buy100_expert_16'!E7:E18,'buy100_expert_16'!D7:D18,">0") | M22: =SUMIFS('buy100_expert_16'!E7:E18,'buy100_expert_16'!D7:D18,"=0") | N22: =SUMIFS('buy100_expert_16'!E7:E18,'buy100_expert_16'!D7:D18,">"&B22) | O22: ='buy100_expert_16'!F20 | P22: =SQRT(SUMPRODUCT('buy100_expert_16'!E7:E18,('buy100_expert_16'!D7:D18-O22)^2)) | Q22: ='buy100_expert_16'!B23 | R22: ='buy100_expert_16'!B24 | S22: ='buy100_expert_16'!B27
A23: buy100_expert_8 | B23: ='buy100_expert_8'!$B$3 | C23: 8 | D23: =IF(C23="","",C23+1) | E23: ='buy100_expert_8'!B21 | F23: ='buy100_expert_8'!B22 | G23: =IF(C23="","N/A",F23=ROUNDUP((C23+1)/2,0)) | H23: ='buy100_expert_8'!$D$3 | I23: ='buy100_expert_8'!G16 | J23: =ABS(I23-H23) | K23: ='buy100_expert_8'!H16 | L23: =SUMIFS('buy100_expert_8'!E7:E14,'buy100_expert_8'!D7:D14,">0") | M23: =SUMIFS('buy100_expert_8'!E7:E14,'buy100_expert_8'!D7:D14,"=0") | N23: =SUMIFS('buy100_expert_8'!E7:E14,'buy100_expert_8'!D7:D14,">"&B23) | O23: ='buy100_expert_8'!F16 | P23: =SQRT(SUMPRODUCT('buy100_expert_8'!E7:E14,('buy100_expert_8'!D7:D14-O23)^2)) | Q23: ='buy100_expert_8'!B19 | R23: ='buy100_expert_8'!B20 | S23: ='buy100_expert_8'!B23
A24: buy100_expert_9 | B24: ='buy100_expert_9'!$B$3 | C24: 9 | D24: =IF(C24="","",C24+1) | E24: ='buy100_expert_9'!B22 | F24: ='buy100_expert_9'!B23 | G24: =IF(C24="","N/A",F24=ROUNDUP((C24+1)/2,0)) | H24: ='buy100_expert_9'!$D$3 | I24: ='buy100_expert_9'!G17 | J24: =ABS(I24-H24) | K24: ='buy100_expert_9'!H17 | L24: =SUMIFS('buy100_expert_9'!E7:E15,'buy100_expert_9'!D7:D15,">0") | M24: =SUMIFS('buy100_expert_9'!E7:E15,'buy100_expert_9'!D7:D15,"=0") | N24: =SUMIFS('buy100_expert_9'!E7:E15,'buy100_expert_9'!D7:D15,">"&B24) | O24: ='buy100_expert_9'!F17 | P24: =SQRT(SUMPRODUCT('buy100_expert_9'!E7:E15,('buy100_expert_9'!D7:D15-O24)^2)) | Q24: ='buy100_expert_9'!B20 | R24: ='buy100_expert_9'!B21 | S24: ='buy100_expert_9'!B24
A25: buy100_high_10 | B25: ='buy100_high_10'!$B$3 | C25: 10 | D25: =IF(C25="","",C25+1) | E25: ='buy100_high_10'!B23 | F25: ='buy100_high_10'!B24 | G25: =IF(C25="","N/A",F25=ROUNDUP((C25+1)/2,0)) | H25: ='buy100_high_10'!$D$3 | I25: ='buy100_high_10'!G18 | J25: =ABS(I25-H25) | K25: ='buy100_high_10'!H18 | L25: =SUMIFS('buy100_high_10'!E7:E16,'buy100_high_10'!D7:D16,">0") | M25: =SUMIFS('buy100_high_10'!E7:E16,'buy100_high_10'!D7:D16,"=0") | N25: =SUMIFS('buy100_high_10'!E7:E16,'buy100_high_10'!D7:D16,">"&B25) | O25: ='buy100_high_10'!F18 | P25: =SQRT(SUMPRODUCT('buy100_high_10'!E7:E16,('buy100_high_10'!D7:D16-O25)^2)) | Q25: ='buy100_high_10'!B21 | R25: ='buy100_high_10'!B22 | S25: ='buy100_high_10'!B25
A26: buy100_high_11 | B26: ='buy100_high_11'!$B$3 | C26: 11 | D26: =IF(C26="","",C26+1) | E26: ='buy100_high_11'!B24 | F26: ='buy100_high_11'!B25 | G26: =IF(C26="","N/A",F26=ROUNDUP((C26+1)/2,0)) | H26: ='buy100_high_11'!$D$3 | I26: ='buy100_high_11'!G19 | J26: =ABS(I26-H26) | K26: ='buy100_high_11'!H19 | L26: =SUMIFS('buy100_high_11'!E7:E17,'buy100_high_11'!D7:D17,">0") | M26: =SUMIFS('buy100_high_11'!E7:E17,'buy100_high_11'!D7:D17,"=0") | N26: =SUMIFS('buy100_high_11'!E7:E17,'buy100_high_11'!D7:D17,">"&B26) | O26: ='buy100_high_11'!F19 | P26: =SQRT(SUMPRODUCT('buy100_high_11'!E7:E17,('buy100_high_11'!D7:D17-O26)^2)) | Q26: ='buy100_high_11'!B22 | R26: ='buy100_high_11'!B23 | S26: ='buy100_high_11'!B26
A27: buy100_high_12 | B27: ='buy100_high_12'!$B$3 | C27: 12 | D27: =IF(C27="","",C27+1) | E27: ='buy100_high_12'!B25 | F27: ='buy100_high_12'!B26 | G27: =IF(C27="","N/A",F27=ROUNDUP((C27+1)/2,0)) | H27: ='buy100_high_12'!$D$3 | I27: ='buy100_high_12'!G20 | J27: =ABS(I27-H27) | K27: ='buy100_high_12'!H20 | L27: =SUMIFS('buy100_high_12'!E7:E18,'buy100_high_12'!D7:D18,">0") | M27: =SUMIFS('buy100_high_12'!E7:E18,'buy100_high_12'!D7:D18,"=0") | N27: =SUMIFS('buy100_high_12'!E7:E18,'buy100_high_12'!D7:D18,">"&B27) | O27: ='buy100_high_12'!F20 | P27: =SQRT(SUMPRODUCT('buy100_high_12'!E7:E18,('buy100_high_12'!D7:D18-O27)^2)) | Q27: ='buy100_high_12'!B23 | R27: ='buy100_high_12'!B24 | S27: ='buy100_high_12'!B27
A28: buy100_high_13 | B28: ='buy100_high_13'!$B$3 | C28: 13 | D28: =IF(C28="","",C28+1) | E28: ='buy100_high_13'!B26 | F28: ='buy100_high_13'!B27 | G28: =IF(C28="","N/A",F28=ROUNDUP((C28+1)/2,0)) | H28: ='buy100_high_13'!$D$3 | I28: ='buy100_high_13'!G21 | J28: =ABS(I28-H28) | K28: ='buy100_high_13'!H21 | L28: =SUMIFS('buy100_high_13'!E7:E19,'buy100_high_13'!D7:D19,">0") | M28: =SUMIFS('buy100_high_13'!E7:E19,'buy100_high_13'!D7:D19,"=0") | N28: =SUMIFS('buy100_high_13'!E7:E19,'buy100_high_13'!D7:D19,">"&B28) | O28: ='buy100_high_13'!F21 | P28: =SQRT(SUMPRODUCT('buy100_high_13'!E7:E19,('buy100_high_13'!D7:D19-O28)^2)) | Q28: ='buy100_high_13'!B24 | R28: ='buy100_high_13'!B25 | S28: ='buy100_high_13'!B28
A29: buy100_high_14 | B29: ='buy100_high_14'!$B$3 | C29: 14 | D29: =IF(C29="","",C29+1) | E29: ='buy100_high_14'!B25 | F29: ='buy100_high_14'!B26 | G29: =IF(C29="","N/A",F29=ROUNDUP((C29+1)/2,0)) | H29: ='buy100_high_14'!$D$3 | I29: ='buy100_high_14'!G20 | J29: =ABS(I29-H29) | K29: ='buy100_high_14'!H20 | L29: =SUMIFS('buy100_high_14'!E7:E18,'buy100_high_14'!D7:D18,">0") | M29: =SUMIFS('buy100_high_14'!E7:E18,'buy100_high_14'!D7:D18,"=0") | N29: =SUMIFS('buy100_high_14'!E7:E18,'buy100_high_14'!D7:D18,">"&B29) | O29: ='buy100_high_14'!F20 | P29: =SQRT(SUMPRODUCT('buy100_high_14'!E7:E18,('buy100_high_14'!D7:D18-O29)^2)) | Q29: ='buy100_high_14'!B23 | R29: ='buy100_high_14'!B24 | S29: ='buy100_high_14'!B27
A30: buy100_high_15 | B30: ='buy100_high_15'!$B$3 | C30: 15 | D30: =IF(C30="","",C30+1) | E30: ='buy100_high_15'!B26 | F30: ='buy100_high_15'!B27 | G30: =IF(C30="","N/A",F30=ROUNDUP((C30+1)/2,0)) | H30: ='buy100_high_15'!$D$3 | I30: ='buy100_high_15'!G21 | J30: =ABS(I30-H30) | K30: ='buy100_high_15'!H21 | L30: =SUMIFS('buy100_high_15'!E7:E19,'buy100_high_15'!D7:D19,">0") | M30: =SUMIFS('buy100_high_15'!E7:E19,'buy100_high_15'!D7:D19,"=0") | N30: =SUMIFS('buy100_high_15'!E7:E19,'buy100_high_15'!D7:D19,">"&B30) | O30: ='buy100_high_15'!F21 | P30: =SQRT(SUMPRODUCT('buy100_high_15'!E7:E19,('buy100_high_15'!D7:D19-O30)^2)) | Q30: ='buy100_high_15'!B24 | R30: ='buy100_high_15'!B25 | S30: ='buy100_high_15'!B28
A31: buy100_high_16 | B31: ='buy100_high_16'!$B$3 | C31: 16 | D31: =IF(C31="","",C31+1) | E31: ='buy100_high_16'!B27 | F31: ='buy100_high_16'!B28 | G31: =IF(C31="","N/A",F31=ROUNDUP((C31+1)/2,0)) | H31: ='buy100_high_16'!$D$3 | I31: ='buy100_high_16'!G22 | J31: =ABS(I31-H31) | K31: ='buy100_high_16'!H22 | L31: =SUMIFS('buy100_high_16'!E7:E20,'buy100_high_16'!D7:D20,">0") | M31: =SUMIFS('buy100_high_16'!E7:E20,'buy100_high_16'!D7:D20,"=0") | N31: =SUMIFS('buy100_high_16'!E7:E20,'buy100_high_16'!D7:D20,">"&B31) | O31: ='buy100_high_16'!F22 | P31: =SQRT(SUMPRODUCT('buy100_high_16'!E7:E20,('buy100_high_16'!D7:D20-O31)^2)) | Q31: ='buy100_high_16'!B25 | R31: ='buy100_high_16'!B26 | S31: ='buy100_high_16'!B29
A32: buy100_high_8 | B32: ='buy100_high_8'!$B$3 | C32: 8 | D32: =IF(C32="","",C32+1) | E32: ='buy100_high_8'!B22 | F32: ='buy100_high_8'!B23 | G32: =IF(C32="","N/A",F32=ROUNDUP((C32+1)/2,0)) | H32: ='buy100_high_8'!$D$3 | I32: ='buy100_high_8'!G17 | J32: =ABS(I32-H32) | K32: ='buy100_high_8'!H17 | L32: =SUMIFS('buy100_high_8'!E7:E15,'buy100_high_8'!D7:D15,">0") | M32: =SUMIFS('buy100_high_8'!E7:E15,'buy100_high_8'!D7:D15,"=0") | N32: =SUMIFS('buy100_high_8'!E7:E15,'buy100_high_8'!D7:D15,">"&B32) | O32: ='buy100_high_8'!F17 | P32: =SQRT(SUMPRODUCT('buy100_high_8'!E7:E15,('buy100_high_8'!D7:D15-O32)^2)) | Q32: ='buy100_high_8'!B20 | R32: ='buy100_high_8'!B21 | S32: ='buy100_high_8'!B24
A33: buy100_high_9 | B33: ='buy100_high_9'!$B$3 | C33: 9 | D33: =IF(C33="","",C33+1) | E33: ='buy100_high_9'!B22 | F33: ='buy100_high_9'!B23 | G33: =IF(C33="","N/A",F33=ROUNDUP((C33+1)/2,0)) | H33: ='buy100_high_9'!$D$3 | I33: ='buy100_high_9'!G17 | J33: =ABS(I33-H33) | K33: ='buy100_high_9'!H17 | L33: =SUMIFS('buy100_high_9'!E7:E15,'buy100_high_9'!D7:D15,">0") | M33: =SUMIFS('buy100_high_9'!E7:E15,'buy100_high_9'!D7:D15,"=0") | N33: =SUMIFS('buy100_high_9'!E7:E15,'buy100_high_9'!D7:D15,">"&B33) | O33: ='buy100_high_9'!F17 | P33: =SQRT(SUMPRODUCT('buy100_high_9'!E7:E15,('buy100_high_9'!D7:D15-O33)^2)) | Q33: ='buy100_high_9'!B20 | R33: ='buy100_high_9'!B21 | S33: ='buy100_high_9'!B24
A34: buy100_low_10 | B34: ='buy100_low_10'!$B$3 | C34: 10 | D34: =IF(C34="","",C34+1) | E34: ='buy100_low_10'!B24 | F34: ='buy100_low_10'!B25 | G34: =IF(C34="","N/A",F34=ROUNDUP((C34+1)/2,0)) | H34: ='buy100_low_10'!$D$3 | I34: ='buy100_low_10'!G19 | J34: =ABS(I34-H34) | K34: ='buy100_low_10'!H19 | L34: =SUMIFS('buy100_low_10'!E7:E17,'buy100_low_10'!D7:D17,">0") | M34: =SUMIFS('buy100_low_10'!E7:E17,'buy100_low_10'!D7:D17,"=0") | N34: =SUMIFS('buy100_low_10'!E7:E17,'buy100_low_10'!D7:D17,">"&B34) | O34: ='buy100_low_10'!F19 | P34: =SQRT(SUMPRODUCT('buy100_low_10'!E7:E17,('buy100_low_10'!D7:D17-O34)^2)) | Q34: ='buy100_low_10'!B22 | R34: ='buy100_low_10'!B23 | S34: ='buy100_low_10'!B26
A35: buy100_low_11 | B35: ='buy100_low_11'!$B$3 | C35: 11 | D35: =IF(C35="","",C35+1) | E35: ='buy100_low_11'!B24 | F35: ='buy100_low_11'!B25 | G35: =IF(C35="","N/A",F35=ROUNDUP((C35+1)/2,0)) | H35: ='buy100_low_11'!$D$3 | I35: ='buy100_low_11'!G19 | J35: =ABS(I35-H35) | K35: ='buy100_low_11'!H19 | L35: =SUMIFS('buy100_low_11'!E7:E17,'buy100_low_11'!D7:D17,">0") | M35: =SUMIFS('buy100_low_11'!E7:E17,'buy100_low_11'!D7:D17,"=0") | N35: =SUMIFS('buy100_low_11'!E7:E17,'buy100_low_11'!D7:D17,">"&B35) | O35: ='buy100_low_11'!F19 | P35: =SQRT(SUMPRODUCT('buy100_low_11'!E7:E17,('buy100_low_11'!D7:D17-O35)^2)) | Q35: ='buy100_low_11'!B22 | R35: ='buy100_low_11'!B23 | S35: ='buy100_low_11'!B26
A36: buy100_low_12 | B36: ='buy100_low_12'!$B$3 | C36: 12 | D36: =IF(C36="","",C36+1) | E36: ='buy100_low_12'!B25 | F36: ='buy100_low_12'!B26 | G36: =IF(C36="","N/A",F36=ROUNDUP((C36+1)/2,0)) | H36: ='buy100_low_12'!$D$3 | I36: ='buy100_low_12'!G20 | J36: =ABS(I36-H36) | K36: ='buy100_low_12'!H20 | L36: =SUMIFS('buy100_low_12'!E7:E18,'buy100_low_12'!D7:D18,">0") | M36: =SUMIFS('buy100_low_12'!E7:E18,'buy100_low_12'!D7:D18,"=0") | N36: =SUMIFS('buy100_low_12'!E7:E18,'buy100_low_12'!D7:D18,">"&B36) | O36: ='buy100_low_12'!F20 | P36: =SQRT(SUMPRODUCT('buy100_low_12'!E7:E18,('buy100_low_12'!D7:D18-O36)^2)) | Q36: ='buy100_low_12'!B23 | R36: ='buy100_low_12'!B24 | S36: ='buy100_low_12'!B27
A37: buy100_low_13 | B37: ='buy100_low_13'!$B$3 | C37: 13 | D37: =IF(C37="","",C37+1) | E37: ='buy100_low_13'!B27 | F37: ='buy100_low_13'!B28 | G37: =IF(C37="","N/A",F37=ROUNDUP((C37+1)/2,0)) | H37: ='buy100_low_13'!$D$3 | I37: ='buy100_low_13'!G22 | J37: =ABS(I37-H37) | K37: ='buy100_low_13'!H22 | L37: =SUMIFS('buy100_low_13'!E7:E20,'buy100_low_13'!D7:D20,">0") | M37: =SUMIFS('buy100_low_13'!E7:E20,'buy100_low_13'!D7:D20,"=0") | N37: =SUMIFS('buy100_low_13'!E7:E20,'buy100_low_13'!D7:D20,">"&B37) | O37: ='buy100_low_13'!F22 | P37: =SQRT(SUMPRODUCT('buy100_low_13'!E7:E20,('buy100_low_13'!D7:D20-O37)^2)) | Q37: ='buy100_low_13'!B25 | R37: ='buy100_low_13'!B26 | S37: ='buy100_low_13'!B29
A38: buy100_low_14 | B38: ='buy100_low_14'!$B$3 | C38: 14 | D38: =IF(C38="","",C38+1) | E38: ='buy100_low_14'!B27 | F38: ='buy100_low_14'!B28 | G38: =IF(C38="","N/A",F38=ROUNDUP((C38+1)/2,0)) | H38: ='buy100_low_14'!$D$3 | I38: ='buy100_low_14'!G22 | J38: =ABS(I38-H38) | K38: ='buy100_low_14'!H22 | L38: =SUMIFS('buy100_low_14'!E7:E20,'buy100_low_14'!D7:D20,">0") | M38: =SUMIFS('buy100_low_14'!E7:E20,'buy100_low_14'!D7:D20,"=0") | N38: =SUMIFS('buy100_low_14'!E7:E20,'buy100_low_14'!D7:D20,">"&B38) | O38: ='buy100_low_14'!F22 | P38: =SQRT(SUMPRODUCT('buy100_low_14'!E7:E20,('buy100_low_14'!D7:D20-O38)^2)) | Q38: ='buy100_low_14'!B25 | R38: ='buy100_low_14'!B26 | S38: ='buy100_low_14'!B29
A39: buy100_low_15 | B39: ='buy100_low_15'!$B$3 | C39: 15 | D39: =IF(C39="","",C39+1) | E39: ='buy100_low_15'!B26 | F39: ='buy100_low_15'!B27 | G39: =IF(C39="","N/A",F39=ROUNDUP((C39+1)/2,0)) | H39: ='buy100_low_15'!$D$3 | I39: ='buy100_low_15'!G21 | J39: =ABS(I39-H39) | K39: ='buy100_low_15'!H21 | L39: =SUMIFS('buy100_low_15'!E7:E19,'buy100_low_15'!D7:D19,">0") | M39: =SUMIFS('buy100_low_15'!E7:E19,'buy100_low_15'!D7:D19,"=0") | N39: =SUMIFS('buy100_low_15'!E7:E19,'buy100_low_15'!D7:D19,">"&B39) | O39: ='buy100_low_15'!F21 | P39: =SQRT(SUMPRODUCT('buy100_low_15'!E7:E19,('buy100_low_15'!D7:D19-O39)^2)) | Q39: ='buy100_low_15'!B24 | R39: ='buy100_low_15'!B25 | S39: ='buy100_low_15'!B28
A40: buy100_low_16 | B40: ='buy100_low_16'!$B$3 | C40: 16 | D40: =IF(C40="","",C40+1) | E40: ='buy100_low_16'!B27 | F40: ='buy100_low_16'!B28 | G40: =IF(C40="","N/A",F40=ROUNDUP((C40+1)/2,0)) | H40: ='buy100_low_16'!$D$3 | I40: ='buy100_low_16'!G22 | J40: =ABS(I40-H40) | K40: ='buy100_low_16'!H22 | L40: =SUMIFS('buy100_low_16'!E7:E20,'buy100_low_16'!D7:D20,">0") | M40: =SUMIFS('buy100_low_16'!E7:E20,'buy100_low_16'!D7:D20,"=0") | N40: =SUMIFS('buy100_low_16'!E7:E20,'buy100_low_16'!D7:D20,">"&B40) | O40: ='buy100_low_16'!F22 | P40: =SQRT(SUMPRODUCT('buy100_low_16'!E7:E20,('buy100_low_16'!D7:D20-O40)^2)) | Q40: ='buy100_low_16'!B25 | R40: ='buy100_low_16'!B26 | S40: ='buy100_low_16'!B29
A41: buy100_low_8 | B41: ='buy100_low_8'!$B$3 | C41: 8 | D41: =IF(C41="","",C41+1) | E41: ='buy100_low_8'!B22 | F41: ='buy100_low_8'!B23 | G41: =IF(C41="","N/A",F41=ROUNDUP((C41+1)/2,0)) | H41: ='buy100_low_8'!$D$3 | I41: ='buy100_low_8'!G17 | J41: =ABS(I41-H41) | K41: ='buy100_low_8'!H17 | L41: =SUMIFS('buy100_low_8'!E7:E15,'buy100_low_8'!D7:D15,">0") | M41: =SUMIFS('buy100_low_8'!E7:E15,'buy100_low_8'!D7:D15,"=0") | N41: =SUMIFS('buy100_low_8'!E7:E15,'buy100_low_8'!D7:D15,">"&B41) | O41: ='buy100_low_8'!F17 | P41: =SQRT(SUMPRODUCT('buy100_low_8'!E7:E15,('buy100_low_8'!D7:D15-O41)^2)) | Q41: ='buy100_low_8'!B20 | R41: ='buy100_low_8'!B21 | S41: ='buy100_low_8'!B24
A42: buy100_low_9 | B42: ='buy100_low_9'!$B$3 | C42: 9 | D42: =IF(C42="","",C42+1) | E42: ='buy100_low_9'!B23 | F42: ='buy100_low_9'!B24 | G42: =IF(C42="","N/A",F42=ROUNDUP((C42+1)/2,0)) | H42: ='buy100_low_9'!$D$3 | I42: ='buy100_low_9'!G18 | J42: =ABS(I42-H42) | K42: ='buy100_low_9'!H18 | L42: =SUMIFS('buy100_low_9'!E7:E16,'buy100_low_9'!D7:D16,">0") | M42: =SUMIFS('buy100_low_9'!E7:E16,'buy100_low_9'!D7:D16,"=0") | N42: =SUMIFS('buy100_low_9'!E7:E16,'buy100_low_9'!D7:D16,">"&B42) | O42: ='buy100_low_9'!F18 | P42: =SQRT(SUMPRODUCT('buy100_low_9'!E7:E16,('buy100_low_9'!D7:D16-O42)^2)) | Q42: ='buy100_low_9'!B21 | R42: ='buy100_low_9'!B22 | S42: ='buy100_low_9'!B25
A43: buy100_medium_10 | B43: ='buy100_medium_10'!$B$3 | C43: 10 | D43: =IF(C43="","",C43+1) | E43: ='buy100_medium_10'!B23 | F43: ='buy100_medium_10'!B24 | G43: =IF(C43="","N/A",F43=ROUNDUP((C43+1)/2,0)) | H43: ='buy100_medium_10'!$D$3 | I43: ='buy100_medium_10'!G18 | J43: =ABS(I43-H43) | K43: ='buy100_medium_10'!H18 | L43: =SUMIFS('buy100_medium_10'!E7:E16,'buy100_medium_10'!D7:D16,">0") | M43: =SUMIFS('buy100_medium_10'!E7:E16,'buy100_medium_10'!D7:D16,"=0") | N43: =SUMIFS('buy100_medium_10'!E7:E16,'buy100_medium_10'!D7:D16,">"&B43) | O43: ='buy100_medium_10'!F18 | P43: =SQRT(SUMPRODUCT('buy100_medium_10'!E7:E16,('buy100_medium_10'!D7:D16-O43)^2)) | Q43: ='buy100_medium_10'!B21 | R43: ='buy100_medium_10'!B22 | S43: ='buy100_medium_10'!B25
A44: buy100_medium_11 | B44: ='buy100_medium_11'!$B$3 | C44: 11 | D44: =IF(C44="","",C44+1) | E44: ='buy100_medium_11'!B24 | F44: ='buy100_medium_11'!B25 | G44: =IF(C44="","N/A",F44=ROUNDUP((C44+1)/2,0)) | H44: ='buy100_medium_11'!$D$3 | I44: ='buy100_medium_11'!G19 | J44: =ABS(I44-H44) | K44: ='buy100_medium_11'!H19 | L44: =SUMIFS('buy100_medium_11'!E7:E17,'buy100_medium_11'!D7:D17,">0") | M44: =SUMIFS('buy100_medium_11'!E7:E17,'buy100_medium_11'!D7:D17,"=0") | N44: =SUMIFS('buy100_medium_11'!E7:E17,'buy100_medium_11'!D7:D17,">"&B44) | O44: ='buy100_medium_11'!F19 | P44: =SQRT(SUMPRODUCT('buy100_medium_11'!E7:E17,('buy100_medium_11'!D7:D17-O44)^2)) | Q44: ='buy100_medium_11'!B22 | R44: ='buy100_medium_11'!B23 | S44: ='buy100_medium_11'!B26
A45: buy100_medium_12 | B45: ='buy100_medium_12'!$B$3 | C45: 12 | D45: =IF(C45="","",C45+1) | E45: ='buy100_medium_12'!B25 | F45: ='buy100_medium_12'!B26 | G45: =IF(C45="","N/A",F45=ROUNDUP((C45+1)/2,0)) | H45: ='buy100_medium_12'!$D$3 | I45: ='buy100_medium_12'!G20 | J45: =ABS(I45-H45) | K45: ='buy100_medium_12'!H20 | L45: =SUMIFS('buy100_medium_12'!E7:E18,'buy100_medium_12'!D7:D18,">0") | M45: =SUMIFS('buy100_medium_12'!E7:E18,'buy100_medium_12'!D7:D18,"=0") | N45: =SUMIFS('buy100_medium_12'!E7:E18,'buy100_medium_12'!D7:D18,">"&B45) | O45: ='buy100_medium_12'!F20 | P45: =SQRT(SUMPRODUCT('buy100_medium_12'!E7:E18,('buy100_medium_12'!D7:D18-O45)^2)) | Q45: ='buy100_medium_12'!B23 | R45: ='buy100_medium_12'!B24 | S45: ='buy100_medium_12'!B27
A46: buy100_medium_13 | B46: ='buy100_medium_13'!$B$3 | C46: 13 | D46: =IF(C46="","",C46+1) | E46: ='buy100_medium_13'!B26 | F46: ='buy100_medium_13'!B27 | G46: =IF(C46="","N/A",F46=ROUNDUP((C46+1)/2,0)) | H46: ='buy100_medium_13'!$D$3 | I46: ='buy100_medium_13'!G21 | J46: =ABS(I46-H46) | K46: ='buy100_medium_13'!H21 | L46: =SUMIFS('buy100_medium_13'!E7:E19,'buy100_medium_13'!D7:D19,">0") | M46: =SUMIFS('buy100_medium_13'!E7:E19,'buy100_medium_13'!D7:D19,"=0") | N46: =SUMIFS('buy100_medium_13'!E7:E19,'buy100_medium_13'!D7:D19,">"&B46) | O46: ='buy100_medium_13'!F21 | P46: =SQRT(SUMPRODUCT('buy100_medium_13'!E7:E19,('buy100_medium_13'!D7:D19-O46)^2)) | Q46: ='buy100_medium_13'!B24 | R46: ='buy100_medium_13'!B25 | S46: ='buy100_medium_13'!B28
A47: buy100_medium_14 | B47: ='buy100_medium_14'!$B$3 | C47: 14 | D47: =IF(C47="","",C47+1) | E47: ='buy100_medium_14'!B27 | F47: ='buy100_medium_14'!B28 | G47: =IF(C47="","N/A",F47=ROUNDUP((C47+1)/2,0)) | H47: ='buy100_medium_14'!$D$3 | I47: ='buy100_medium_14'!G22 | J47: =ABS(I47-H47) | K47: ='buy100_medium_14'!H22 | L47: =SUMIFS('buy100_medium_14'!E7:E20,'buy100_medium_14'!D7:D20,">0") | M47: =SUMIFS('buy100_medium_14'!E7:E20,'buy100_medium_14'!D7:D20,"=0") | N47: =SUMIFS('buy100_medium_14'!E7:E20,'buy100_medium_14'!D7:D20,">"&B47) | O47: ='buy100_medium_14'!F22 | P47: =SQRT(SUMPRODUCT('buy100_medium_14'!E7:E20,('buy100_medium_14'!D7:D20-O47)^2)) | Q47: ='buy100_medium_14'!B25 | R47: ='buy100_medium_14'!B26 | S47: ='buy100_medium_14'!B29
A48: buy100_medium_15 | B48: ='buy100_medium_15'!$B$3 | C48: 15 | D48: =IF(C48="","",C48+1) | E48: ='buy100_medium_15'!B28 | F48: ='buy100_medium_15'!B29 | G48: =IF(C48="","N/A",F48=ROUNDUP((C48+1)/2,0)) | H48: ='buy100_medium_15'!$D$3 | I48: ='buy100_medium_15'!G23 | J48: =ABS(I48-H48) | K48: ='buy100_medium_15'!H23 | L48: =SUMIFS('buy100_medium_15'!E7:E21,'buy100_medium_15'!D7:D21,">0") | M48: =SUMIFS('buy100_medium_15'!E7:E21,'buy100_medium_15'!D7:D21,"=0") | N48: =SUMIFS('buy100_medium_15'!E7:E21,'buy100_medium_15'!D7:D21,">"&B48) | O48: ='buy100_medium_15'!F23 | P48: =SQRT(SUMPRODUCT('buy100_medium_15'!E7:E21,('buy100_medium_15'!D7:D21-O48)^2)) | Q48: ='buy100_medium_15'!B26 | R48: ='buy100_medium_15'!B27 | S48: ='buy100_medium_15'!B30
A49: buy100_medium_16 | B49: ='buy100_medium_16'!$B$3 | C49: 16 | D49: =IF(C49="","",C49+1) | E49: ='buy100_medium_16'!B27 | F49: ='buy100_medium_16'!B28 | G49: =IF(C49="","N/A",F49=ROUNDUP((C49+1)/2,0)) | H49: ='buy100_medium_16'!$D$3 | I49: ='buy100_medium_16'!G22 | J49: =ABS(I49-H49) | K49: ='buy100_medium_16'!H22 | L49: =SUMIFS('buy100_medium_16'!E7:E20,'buy100_medium_16'!D7:D20,">0") | M49: =SUMIFS('buy100_medium_16'!E7:E20,'buy100_medium_16'!D7:D20,"=0") | N49: =SUMIFS('buy100_medium_16'!E7:E20,'buy100_medium_16'!D7:D20,">"&B49) | O49: ='buy100_medium_16'!F22 | P49: =SQRT(SUMPRODUCT('buy100_medium_16'!E7:E20,('buy100_medium_16'!D7:D20-O49)^2)) | Q49: ='buy100_medium_16'!B25 | R49: ='buy100_medium_16'!B26 | S49: ='buy100_medium_16'!B29
A50: buy100_medium_8 | B50: ='buy100_medium_8'!$B$3 | C50: 8 | D50: =IF(C50="","",C50+1) | E50: ='buy100_medium_8'!B22 | F50: ='buy100_medium_8'!B23 | G50: =IF(C50="","N/A",F50=ROUNDUP((C50+1)/2,0)) | H50: ='buy100_medium_8'!$D$3 | I50: ='buy100_medium_8'!G17 | J50: =ABS(I50-H50) | K50: ='buy100_medium_8'!H17 | L50: =SUMIFS('buy100_medium_8'!E7:E15,'buy100_medium_8'!D7:D15,">0") | M50: =SUMIFS('buy100_medium_8'!E7:E15,'buy100_medium_8'!D7:D15,"=0") | N50: =SUMIFS('buy100_medium_8'!E7:E15,'buy100_medium_8'!D7:D15,">"&B50) | O50: ='buy100_medium_8'!F17 | P50: =SQRT(SUMPRODUCT('buy100_medium_8'!E7:E15,('buy100_medium_8'!D7:D15-O50)^2)) | Q50: ='buy100_medium_8'!B20 | R50: ='buy100_medium_8'!B21 | S50: ='buy100_medium_8'!B24
A51: buy100_medium_9 | B51: ='buy100_medium_9'!$B$3 | C51: 9 | D51: =IF(C51="","",C51+1) | E51: ='buy100_medium_9'!B23 | F51: ='buy100_medium_9'!B24 | G51: =IF(C51="","N/A",F51=ROUNDUP((C51+1)/2,0)) | H51: ='buy100_medium_9'!$D$3 | I51: ='buy100_medium_9'!G18 | J51: =ABS(I51-H51) | K51: ='buy100_medium_9'!H18 | L51: =SUMIFS('buy100_medium_9'!E7:E16,'buy100_medium_9'!D7:D16,">0") | M51: =SUMIFS('buy100_medium_9'!E7:E16,'buy100_medium_9'!D7:D16,"=0") | N51: =SUMIFS('buy100_medium_9'!E7:E16,'buy100_medium_9'!D7:D16,">"&B51) | O51: ='buy100_medium_9'!F18 | P51: =SQRT(SUMPRODUCT('buy100_medium_9'!E7:E16,('buy100_medium_9'!D7:D16-O51)^2)) | Q51: ='buy100_medium_9'!B21 | R51: ='buy100_medium_9'!B22 | S51: ='buy100_medium_9'!B25
A52: normal_expert_10 | B52: ='normal_expert_10'!$B$3 | C52: 10 | D52: =IF(C52="","",C52+1) | E52: ='normal_expert_10'!B21 | F52: ='normal_expert_10'!B22 | G52: =IF(C52="","N/A",F52=ROUNDUP((C52+1)/2,0)) | H52: ='normal_expert_10'!$D$3 | I52: ='normal_expert_10'!G16 | J52: =ABS(I52-H52) | K52: ='normal_expert_10'!H16 | L52: =SUMIFS('normal_expert_10'!E7:E14,'normal_expert_10'!D7:D14,">0") | M52: =SUMIFS('normal_expert_10'!E7:E14,'normal_expert_10'!D7:D14,"=0") | N52: =SUMIFS('normal_expert_10'!E7:E14,'normal_expert_10'!D7:D14,">"&B52) | O52: ='normal_expert_10'!F16 | P52: =SQRT(SUMPRODUCT('normal_expert_10'!E7:E14,('normal_expert_10'!D7:D14-O52)^2)) | Q52: ='normal_expert_10'!B19 | R52: ='normal_expert_10'!B20 | S52: ='normal_expert_10'!B23
A53: normal_expert_11 | B53: ='normal_expert_11'!$B$3 | C53: 11 | D53: =IF(C53="","",C53+1) | E53: ='normal_expert_11'!B22 | F53: ='normal_expert_11'!B23 | G53: =IF(C53="","N/A",F53=ROUNDUP((C53+1)/2,0)) | H53: ='normal_expert_11'!$D$3 | I53: ='normal_expert_11'!G17 | J53: =ABS(I53-H53) | K53: ='normal_expert_11'!H17 | L53: =SUMIFS('normal_expert_11'!E7:E15,'normal_expert_11'!D7:D15,">0") | M53: =SUMIFS('normal_expert_11'!E7:E15,'normal_expert_11'!D7:D15,"=0") | N53: =SUMIFS('normal_expert_11'!E7:E15,'normal_expert_11'!D7:D15,">"&B53) | O53: ='normal_expert_11'!F17 | P53: =SQRT(SUMPRODUCT('normal_expert_11'!E7:E15,('normal_expert_11'!D7:D15-O53)^2)) | Q53: ='normal_expert_11'!B20 | R53: ='normal_expert_11'!B21 | S53: ='normal_expert_11'!B24
A54: normal_expert_12 | B54: ='normal_expert_12'!$B$3 | C54: 12 | D54: =IF(C54="","",C54+1) | E54: ='normal_expert_12'!B23 | F54: ='normal_expert_12'!B24 | G54: =IF(C54="","N/A",F54=ROUNDUP((C54+1)/2,0)) | H54: ='normal_expert_12'!$D$3 | I54: ='normal_expert_12'!G18 | J54: =ABS(I54-H54) | K54: ='normal_expert_12'!H18 | L54: =SUMIFS('normal_expert_12'!E7:E16,'normal_expert_12'!D7:D16,">0") | M54: =SUMIFS('normal_expert_12'!E7:E16,'normal_expert_12'!D7:D16,"=0") | N54: =SUMIFS('normal_expert_12'!E7:E16,'normal_expert_12'!D7:D16,">"&B54) | O54: ='normal_expert_12'!F18 | P54: =SQRT(SUMPRODUCT('normal_expert_12'!E7:E16,('normal_expert_12'!D7:D16-O54)^2)) | Q54: ='normal_expert_12'!B21 | R54: ='normal_expert_12'!B22 | S54: ='normal_expert_12'!B25
A55: normal_expert_13 | B55: ='normal_expert_13'!$B$3 | C55: 13 | D55: =IF(C55="","",C55+1) | E55: ='normal_expert_13'!B24 | F55: ='normal_expert_13'!B25 | G55: =IF(C55="","N/A",F55=ROUNDUP((C55+1)/2,0)) | H55: ='normal_expert_13'!$D$3 | I55: ='normal_expert_13'!G19 | J55: =ABS(I55-H55) | K55: ='normal_expert_13'!H19 | L55: =SUMIFS('normal_expert_13'!E7:E17,'normal_expert_13'!D7:D17,">0") | M55: =SUMIFS('normal_expert_13'!E7:E17,'normal_expert_13'!D7:D17,"=0") | N55: =SUMIFS('normal_expert_13'!E7:E17,'normal_expert_13'!D7:D17,">"&B55) | O55: ='normal_expert_13'!F19 | P55: =SQRT(SUMPRODUCT('normal_expert_13'!E7:E17,('normal_expert_13'!D7:D17-O55)^2)) | Q55: ='normal_expert_13'!B22 | R55: ='normal_expert_13'!B23 | S55: ='normal_expert_13'!B26
A56: normal_expert_14 | B56: ='normal_expert_14'!$B$3 | C56: 14 | D56: =IF(C56="","",C56+1) | E56: ='normal_expert_14'!B25 | F56: ='normal_expert_14'!B26 | G56: =IF(C56="","N/A",F56=ROUNDUP((C56+1)/2,0)) | H56: ='normal_expert_14'!$D$3 | I56: ='normal_expert_14'!G20 | J56: =ABS(I56-H56) | K56: ='normal_expert_14'!H20 | L56: =SUMIFS('normal_expert_14'!E7:E18,'normal_expert_14'!D7:D18,">0") | M56: =SUMIFS('normal_expert_14'!E7:E18,'normal_expert_14'!D7:D18,"=0") | N56: =SUMIFS('normal_expert_14'!E7:E18,'normal_expert_14'!D7:D18,">"&B56) | O56: ='normal_expert_14'!F20 | P56: =SQRT(SUMPRODUCT('normal_expert_14'!E7:E18,('normal_expert_14'!D7:D18-O56)^2)) | Q56: ='normal_expert_14'!B23 | R56: ='normal_expert_14'!B24 | S56: ='normal_expert_14'!B27
A57: normal_expert_15 | B57: ='normal_expert_15'!$B$3 | C57: 15 | D57: =IF(C57="","",C57+1) | E57: ='normal_expert_15'!B24 | F57: ='normal_expert_15'!B25 | G57: =IF(C57="","N/A",F57=ROUNDUP((C57+1)/2,0)) | H57: ='normal_expert_15'!$D$3 | I57: ='normal_expert_15'!G19 | J57: =ABS(I57-H57) | K57: ='normal_expert_15'!H19 | L57: =SUMIFS('normal_expert_15'!E7:E17,'normal_expert_15'!D7:D17,">0") | M57: =SUMIFS('normal_expert_15'!E7:E17,'normal_expert_15'!D7:D17,"=0") | N57: =SUMIFS('normal_expert_15'!E7:E17,'normal_expert_15'!D7:D17,">"&B57) | O57: ='normal_expert_15'!F19 | P57: =SQRT(SUMPRODUCT('normal_expert_15'!E7:E17,('normal_expert_15'!D7:D17-O57)^2)) | Q57: ='normal_expert_15'!B22 | R57: ='normal_expert_15'!B23 | S57: ='normal_expert_15'!B26
A58: normal_expert_16 | B58: ='normal_expert_16'!$B$3 | C58: 16 | D58: =IF(C58="","",C58+1) | E58: ='normal_expert_16'!B25 | F58: ='normal_expert_16'!B26 | G58: =IF(C58="","N/A",F58=ROUNDUP((C58+1)/2,0)) | H58: ='normal_expert_16'!$D$3 | I58: ='normal_expert_16'!G20 | J58: =ABS(I58-H58) | K58: ='normal_expert_16'!H20 | L58: =SUMIFS('normal_expert_16'!E7:E18,'normal_expert_16'!D7:D18,">0") | M58: =SUMIFS('normal_expert_16'!E7:E18,'normal_expert_16'!D7:D18,"=0") | N58: =SUMIFS('normal_expert_16'!E7:E18,'normal_expert_16'!D7:D18,">"&B58) | O58: ='normal_expert_16'!F20 | P58: =SQRT(SUMPRODUCT('normal_expert_16'!E7:E18,('normal_expert_16'!D7:D18-O58)^2)) | Q58: ='normal_expert_16'!B23 | R58: ='normal_expert_16'!B24 | S58: ='normal_expert_16'!B27
A59: normal_expert_8 | B59: ='normal_expert_8'!$B$3 | C59: 8 | D59: =IF(C59="","",C59+1) | E59: ='normal_expert_8'!B21 | F59: ='normal_expert_8'!B22 | G59: =IF(C59="","N/A",F59=ROUNDUP((C59+1)/2,0)) | H59: ='normal_expert_8'!$D$3 | I59: ='normal_expert_8'!G16 | J59: =ABS(I59-H59) | K59: ='normal_expert_8'!H16 | L59: =SUMIFS('normal_expert_8'!E7:E14,'normal_expert_8'!D7:D14,">0") | M59: =SUMIFS('normal_expert_8'!E7:E14,'normal_expert_8'!D7:D14,"=0") | N59: =SUMIFS('normal_expert_8'!E7:E14,'normal_expert_8'!D7:D14,">"&B59) | O59: ='normal_expert_8'!F16 | P59: =SQRT(SUMPRODUCT('normal_expert_8'!E7:E14,('normal_expert_8'!D7:D14-O59)^2)) | Q59: ='normal_expert_8'!B19 | R59: ='normal_expert_8'!B20 | S59: ='normal_expert_8'!B23
A60: normal_expert_9 | B60: ='normal_expert_9'!$B$3 | C60: 9 | D60: =IF(C60="","",C60+1) | E60: ='normal_expert_9'!B22 | F60: ='normal_expert_9'!B23 | G60: =IF(C60="","N/A",F60=ROUNDUP((C60+1)/2,0)) | H60: ='normal_expert_9'!$D$3 | I60: ='normal_expert_9'!G17 | J60: =ABS(I60-H60) | K60: ='normal_expert_9'!H17 | L60: =SUMIFS('normal_expert_9'!E7:E15,'normal_expert_9'!D7:D15,">0") | M60: =SUMIFS('normal_expert_9'!E7:E15,'normal_expert_9'!D7:D15,"=0") | N60: =SUMIFS('normal_expert_9'!E7:E15,'normal_expert_9'!D7:D15,">"&B60) | O60: ='normal_expert_9'!F17 | P60: =SQRT(SUMPRODUCT('normal_expert_9'!E7:E15,('normal_expert_9'!D7:D15-O60)^2)) | Q60: ='normal_expert_9'!B20 | R60: ='normal_expert_9'!B21 | S60: ='normal_expert_9'!B24
A61: normal_high_10 | B61: ='normal_high_10'!$B$3 | C61: 10 | D61: =IF(C61="","",C61+1) | E61: ='normal_high_10'!B23 | F61: ='normal_high_10'!B24 | G61: =IF(C61="","N/A",F61=ROUNDUP((C61+1)/2,0)) | H61: ='normal_high_10'!$D$3 | I61: ='normal_high_10'!G18 | J61: =ABS(I61-H61) | K61: ='normal_high_10'!H18 | L61: =SUMIFS('normal_high_10'!E7:E16,'normal_high_10'!D7:D16,">0") | M61: =SUMIFS('normal_high_10'!E7:E16,'normal_high_10'!D7:D16,"=0") | N61: =SUMIFS('normal_high_10'!E7:E16,'normal_high_10'!D7:D16,">"&B61) | O61: ='normal_high_10'!F18 | P61: =SQRT(SUMPRODUCT('normal_high_10'!E7:E16,('normal_high_10'!D7:D16-O61)^2)) | Q61: ='normal_high_10'!B21 | R61: ='normal_high_10'!B22 | S61: ='normal_high_10'!B25
A62: normal_high_11 | B62: ='normal_high_11'!$B$3 | C62: 11 | D62: =IF(C62="","",C62+1) | E62: ='normal_high_11'!B24 | F62: ='normal_high_11'!B25 | G62: =IF(C62="","N/A",F62=ROUNDUP((C62+1)/2,0)) | H62: ='normal_high_11'!$D$3 | I62: ='normal_high_11'!G19 | J62: =ABS(I62-H62) | K62: ='normal_high_11'!H19 | L62: =SUMIFS('normal_high_11'!E7:E17,'normal_high_11'!D7:D17,">0") | M62: =SUMIFS('normal_high_11'!E7:E17,'normal_high_11'!D7:D17,"=0") | N62: =SUMIFS('normal_high_11'!E7:E17,'normal_high_11'!D7:D17,">"&B62) | O62: ='normal_high_11'!F19 | P62: =SQRT(SUMPRODUCT('normal_high_11'!E7:E17,('normal_high_11'!D7:D17-O62)^2)) | Q62: ='normal_high_11'!B22 | R62: ='normal_high_11'!B23 | S62: ='normal_high_11'!B26
A63: normal_high_12 | B63: ='normal_high_12'!$B$3 | C63: 12 | D63: =IF(C63="","",C63+1) | E63: ='normal_high_12'!B25 | F63: ='normal_high_12'!B26 | G63: =IF(C63="","N/A",F63=ROUNDUP((C63+1)/2,0)) | H63: ='normal_high_12'!$D$3 | I63: ='normal_high_12'!G20 | J63: =ABS(I63-H63) | K63: ='normal_high_12'!H20 | L63: =SUMIFS('normal_high_12'!E7:E18,'normal_high_12'!D7:D18,">0") | M63: =SUMIFS('normal_high_12'!E7:E18,'normal_high_12'!D7:D18,"=0") | N63: =SUMIFS('normal_high_12'!E7:E18,'normal_high_12'!D7:D18,">"&B63) | O63: ='normal_high_12'!F20 | P63: =SQRT(SUMPRODUCT('normal_high_12'!E7:E18,('normal_high_12'!D7:D18-O63)^2)) | Q63: ='normal_high_12'!B23 | R63: ='normal_high_12'!B24 | S63: ='normal_high_12'!B27
A64: normal_high_13 | B64: ='normal_high_13'!$B$3 | C64: 13 | D64: =IF(C64="","",C64+1) | E64: ='normal_high_13'!B26 | F64: ='normal_high_13'!B27 | G64: =IF(C64="","N/A",F64=ROUNDUP((C64+1)/2,0)) | H64: ='normal_high_13'!$D$3 | I64: ='normal_high_13'!G21 | J64: =ABS(I64-H64) | K64: ='normal_high_13'!H21 | L64: =SUMIFS('normal_high_13'!E7:E19,'normal_high_13'!D7:D19,">0") | M64: =SUMIFS('normal_high_13'!E7:E19,'normal_high_13'!D7:D19,"=0") | N64: =SUMIFS('normal_high_13'!E7:E19,'normal_high_13'!D7:D19,">"&B64) | O64: ='normal_high_13'!F21 | P64: =SQRT(SUMPRODUCT('normal_high_13'!E7:E19,('normal_high_13'!D7:D19-O64)^2)) | Q64: ='normal_high_13'!B24 | R64: ='normal_high_13'!B25 | S64: ='normal_high_13'!B28
A65: normal_high_14 | B65: ='normal_high_14'!$B$3 | C65: 14 | D65: =IF(C65="","",C65+1) | E65: ='normal_high_14'!B25 | F65: ='normal_high_14'!B26 | G65: =IF(C65="","N/A",F65=ROUNDUP((C65+1)/2,0)) | H65: ='normal_high_14'!$D$3 | I65: ='normal_high_14'!G20 | J65: =ABS(I65-H65) | K65: ='normal_high_14'!H20 | L65: =SUMIFS('normal_high_14'!E7:E18,'normal_high_14'!D7:D18,">0") | M65: =SUMIFS('normal_high_14'!E7:E18,'normal_high_14'!D7:D18,"=0") | N65: =SUMIFS('normal_high_14'!E7:E18,'normal_high_14'!D7:D18,">"&B65) | O65: ='normal_high_14'!F20 | P65: =SQRT(SUMPRODUCT('normal_high_14'!E7:E18,('normal_high_14'!D7:D18-O65)^2)) | Q65: ='normal_high_14'!B23 | R65: ='normal_high_14'!B24 | S65: ='normal_high_14'!B27
A66: normal_high_15 | B66: ='normal_high_15'!$B$3 | C66: 15 | D66: =IF(C66="","",C66+1) | E66: ='normal_high_15'!B26 | F66: ='normal_high_15'!B27 | G66: =IF(C66="","N/A",F66=ROUNDUP((C66+1)/2,0)) | H66: ='normal_high_15'!$D$3 | I66: ='normal_high_15'!G21 | J66: =ABS(I66-H66) | K66: ='normal_high_15'!H21 | L66: =SUMIFS('normal_high_15'!E7:E19,'normal_high_15'!D7:D19,">0") | M66: =SUMIFS('normal_high_15'!E7:E19,'normal_high_15'!D7:D19,"=0") | N66: =SUMIFS('normal_high_15'!E7:E19,'normal_high_15'!D7:D19,">"&B66) | O66: ='normal_high_15'!F21 | P66: =SQRT(SUMPRODUCT('normal_high_15'!E7:E19,('normal_high_15'!D7:D19-O66)^2)) | Q66: ='normal_high_15'!B24 | R66: ='normal_high_15'!B25 | S66: ='normal_high_15'!B28
A67: normal_high_16 | B67: ='normal_high_16'!$B$3 | C67: 16 | D67: =IF(C67="","",C67+1) | E67: ='normal_high_16'!B27 | F67: ='normal_high_16'!B28 | G67: =IF(C67="","N/A",F67=ROUNDUP((C67+1)/2,0)) | H67: ='normal_high_16'!$D$3 | I67: ='normal_high_16'!G22 | J67: =ABS(I67-H67) | K67: ='normal_high_16'!H22 | L67: =SUMIFS('normal_high_16'!E7:E20,'normal_high_16'!D7:D20,">0") | M67: =SUMIFS('normal_high_16'!E7:E20,'normal_high_16'!D7:D20,"=0") | N67: =SUMIFS('normal_high_16'!E7:E20,'normal_high_16'!D7:D20,">"&B67) | O67: ='normal_high_16'!F22 | P67: =SQRT(SUMPRODUCT('normal_high_16'!E7:E20,('normal_high_16'!D7:D20-O67)^2)) | Q67: ='normal_high_16'!B25 | R67: ='normal_high_16'!B26 | S67: ='normal_high_16'!B29
A68: normal_high_8 | B68: ='normal_high_8'!$B$3 | C68: 8 | D68: =IF(C68="","",C68+1) | E68: ='normal_high_8'!B22 | F68: ='normal_high_8'!B23 | G68: =IF(C68="","N/A",F68=ROUNDUP((C68+1)/2,0)) | H68: ='normal_high_8'!$D$3 | I68: ='normal_high_8'!G17 | J68: =ABS(I68-H68) | K68: ='normal_high_8'!H17 | L68: =SUMIFS('normal_high_8'!E7:E15,'normal_high_8'!D7:D15,">0") | M68: =SUMIFS('normal_high_8'!E7:E15,'normal_high_8'!D7:D15,"=0") | N68: =SUMIFS('normal_high_8'!E7:E15,'normal_high_8'!D7:D15,">"&B68) | O68: ='normal_high_8'!F17 | P68: =SQRT(SUMPRODUCT('normal_high_8'!E7:E15,('normal_high_8'!D7:D15-O68)^2)) | Q68: ='normal_high_8'!B20 | R68: ='normal_high_8'!B21 | S68: ='normal_high_8'!B24
A69: normal_high_9 | B69: ='normal_high_9'!$B$3 | C69: 9 | D69: =IF(C69="","",C69+1) | E69: ='normal_high_9'!B22 | F69: ='normal_high_9'!B23 | G69: =IF(C69="","N/A",F69=ROUNDUP((C69+1)/2,0)) | H69: ='normal_high_9'!$D$3 | I69: ='normal_high_9'!G17 | J69: =ABS(I69-H69) | K69: ='normal_high_9'!H17 | L69: =SUMIFS('normal_high_9'!E7:E15,'normal_high_9'!D7:D15,">0") | M69: =SUMIFS('normal_high_9'!E7:E15,'normal_high_9'!D7:D15,"=0") | N69: =SUMIFS('normal_high_9'!E7:E15,'normal_high_9'!D7:D15,">"&B69) | O69: ='normal_high_9'!F17 | P69: =SQRT(SUMPRODUCT('normal_high_9'!E7:E15,('normal_high_9'!D7:D15-O69)^2)) | Q69: ='normal_high_9'!B20 | R69: ='normal_high_9'!B21 | S69: ='normal_high_9'!B24
A70: normal_low_10 | B70: ='normal_low_10'!$B$3 | C70: 10 | D70: =IF(C70="","",C70+1) | E70: ='normal_low_10'!B24 | F70: ='normal_low_10'!B25 | G70: =IF(C70="","N/A",F70=ROUNDUP((C70+1)/2,0)) | H70: ='normal_low_10'!$D$3 | I70: ='normal_low_10'!G19 | J70: =ABS(I70-H70) | K70: ='normal_low_10'!H19 | L70: =SUMIFS('normal_low_10'!E7:E17,'normal_low_10'!D7:D17,">0") | M70: =SUMIFS('normal_low_10'!E7:E17,'normal_low_10'!D7:D17,"=0") | N70: =SUMIFS('normal_low_10'!E7:E17,'normal_low_10'!D7:D17,">"&B70) | O70: ='normal_low_10'!F19 | P70: =SQRT(SUMPRODUCT('normal_low_10'!E7:E17,('normal_low_10'!D7:D17-O70)^2)) | Q70: ='normal_low_10'!B22 | R70: ='normal_low_10'!B23 | S70: ='normal_low_10'!B26
A71: normal_low_11 | B71: ='normal_low_11'!$B$3 | C71: 11 | D71: =IF(C71="","",C71+1) | E71: ='normal_low_11'!B24 | F71: ='normal_low_11'!B25 | G71: =IF(C71="","N/A",F71=ROUNDUP((C71+1)/2,0)) | H71: ='normal_low_11'!$D$3 | I71: ='normal_low_11'!G19 | J71: =ABS(I71-H71) | K71: ='normal_low_11'!H19 | L71: =SUMIFS('normal_low_11'!E7:E17,'normal_low_11'!D7:D17,">0") | M71: =SUMIFS('normal_low_11'!E7:E17,'normal_low_11'!D7:D17,"=0") | N71: =SUMIFS('normal_low_11'!E7:E17,'normal_low_11'!D7:D17,">"&B71) | O71: ='normal_low_11'!F19 | P71: =SQRT(SUMPRODUCT('normal_low_11'!E7:E17,('normal_low_11'!D7:D17-O71)^2)) | Q71: ='normal_low_11'!B22 | R71: ='normal_low_11'!B23 | S71: ='normal_low_11'!B26
A72: normal_low_12 | B72: ='normal_low_12'!$B$3 | C72: 12 | D72: =IF(C72="","",C72+1) | E72: ='normal_low_12'!B25 | F72: ='normal_low_12'!B26 | G72: =IF(C72="","N/A",F72=ROUNDUP((C72+1)/2,0)) | H72: ='normal_low_12'!$D$3 | I72: ='normal_low_12'!G20 | J72: =ABS(I72-H72) | K72: ='normal_low_12'!H20 | L72: =SUMIFS('normal_low_12'!E7:E18,'normal_low_12'!D7:D18,">0") | M72: =SUMIFS('normal_low_12'!E7:E18,'normal_low_12'!D7:D18,"=0") | N72: =SUMIFS('normal_low_12'!E7:E18,'normal_low_12'!D7:D18,">"&B72) | O72: ='normal_low_12'!F20 | P72: =SQRT(SUMPRODUCT('normal_low_12'!E7:E18,('normal_low_12'!D7:D18-O72)^2)) | Q72: ='normal_low_12'!B23 | R72: ='normal_low_12'!B24 | S72: ='normal_low_12'!B27
A73: normal_low_13 | B73: ='normal_low_13'!$B$3 | C73: 13 | D73: =IF(C73="","",C73+1) | E73: ='normal_low_13'!B27 | F73: ='normal_low_13'!B28 | G73: =IF(C73="","N/A",F73=ROUNDUP((C73+1)/2,0)) | H73: ='normal_low_13'!$D$3 | I73: ='normal_low_13'!G22 | J73: =ABS(I73-H73) | K73: ='normal_low_13'!H22 | L73: =SUMIFS('normal_low_13'!E7:E20,'normal_low_13'!D7:D20,">0") | M73: =SUMIFS('normal_low_13'!E7:E20,'normal_low_13'!D7:D20,"=0") | N73: =SUMIFS('normal_low_13'!E7:E20,'normal_low_13'!D7:D20,">"&B73) | O73: ='normal_low_13'!F22 | P73: =SQRT(SUMPRODUCT('normal_low_13'!E7:E20,('normal_low_13'!D7:D20-O73)^2)) | Q73: ='normal_low_13'!B25 | R73: ='normal_low_13'!B26 | S73: ='normal_low_13'!B29
A74: normal_low_14 | B74: ='normal_low_14'!$B$3 | C74: 14 | D74: =IF(C74="","",C74+1) | E74: ='normal_low_14'!B27 | F74: ='normal_low_14'!B28 | G74: =IF(C74="","N/A",F74=ROUNDUP((C74+1)/2,0)) | H74: ='normal_low_14'!$D$3 | I74: ='normal_low_14'!G22 | J74: =ABS(I74-H74) | K74: ='normal_low_14'!H22 | L74: =SUMIFS('normal_low_14'!E7:E20,'normal_low_14'!D7:D20,">0") | M74: =SUMIFS('normal_low_14'!E7:E20,'normal_low_14'!D7:D20,"=0") | N74: =SUMIFS('normal_low_14'!E7:E20,'normal_low_14'!D7:D20,">"&B74) | O74: ='normal_low_14'!F22 | P74: =SQRT(SUMPRODUCT('normal_low_14'!E7:E20,('normal_low_14'!D7:D20-O74)^2)) | Q74: ='normal_low_14'!B25 | R74: ='normal_low_14'!B26 | S74: ='normal_low_14'!B29
A75: normal_low_15 | B75: ='normal_low_15'!$B$3 | C75: 15 | D75: =IF(C75="","",C75+1) | E75: ='normal_low_15'!B26 | F75: ='normal_low_15'!B27 | G75: =IF(C75="","N/A",F75=ROUNDUP((C75+1)/2,0)) | H75: ='normal_low_15'!$D$3 | I75: ='normal_low_15'!G21 | J75: =ABS(I75-H75) | K75: ='normal_low_15'!H21 | L75: =SUMIFS('normal_low_15'!E7:E19,'normal_low_15'!D7:D19,">0") | M75: =SUMIFS('normal_low_15'!E7:E19,'normal_low_15'!D7:D19,"=0") | N75: =SUMIFS('normal_low_15'!E7:E19,'normal_low_15'!D7:D19,">"&B75) | O75: ='normal_low_15'!F21 | P75: =SQRT(SUMPRODUCT('normal_low_15'!E7:E19,('normal_low_15'!D7:D19-O75)^2)) | Q75: ='normal_low_15'!B24 | R75: ='normal_low_15'!B25 | S75: ='normal_low_15'!B28
A76: normal_low_16 | B76: ='normal_low_16'!$B$3 | C76: 16 | D76: =IF(C76="","",C76+1) | E76: ='normal_low_16'!B27 | F76: ='normal_low_16'!B28 | G76: =IF(C76="","N/A",F76=ROUNDUP((C76+1)/2,0)) | H76: ='normal_low_16'!$D$3 | I76: ='normal_low_16'!G22 | J76: =ABS(I76-H76) | K76: ='normal_low_16'!H22 | L76: =SUMIFS('normal_low_16'!E7:E20,'normal_low_16'!D7:D20,">0") | M76: =SUMIFS('normal_low_16'!E7:E20,'normal_low_16'!D7:D20,"=0") | N76: =SUMIFS('normal_low_16'!E7:E20,'normal_low_16'!D7:D20,">"&B76) | O76: ='normal_low_16'!F22 | P76: =SQRT(SUMPRODUCT('normal_low_16'!E7:E20,('normal_low_16'!D7:D20-O76)^2)) | Q76: ='normal_low_16'!B25 | R76: ='normal_low_16'!B26 | S76: ='normal_low_16'!B29
A77: normal_low_8 | B77: ='normal_low_8'!$B$3 | C77: 8 | D77: =IF(C77="","",C77+1) | E77: ='normal_low_8'!B22 | F77: ='normal_low_8'!B23 | G77: =IF(C77="","N/A",F77=ROUNDUP((C77+1)/2,0)) | H77: ='normal_low_8'!$D$3 | I77: ='normal_low_8'!G17 | J77: =ABS(I77-H77) | K77: ='normal_low_8'!H17 | L77: =SUMIFS('normal_low_8'!E7:E15,'normal_low_8'!D7:D15,">0") | M77: =SUMIFS('normal_low_8'!E7:E15,'normal_low_8'!D7:D15,"=0") | N77: =SUMIFS('normal_low_8'!E7:E15,'normal_low_8'!D7:D15,">"&B77) | O77: ='normal_low_8'!F17 | P77: =SQRT(SUMPRODUCT('normal_low_8'!E7:E15,('normal_low_8'!D7:D15-O77)^2)) | Q77: ='normal_low_8'!B20 | R77: ='normal_low_8'!B21 | S77: ='normal_low_8'!B24
A78: normal_low_9 | B78: ='normal_low_9'!$B$3 | C78: 9 | D78: =IF(C78="","",C78+1) | E78: ='normal_low_9'!B23 | F78: ='normal_low_9'!B24 | G78: =IF(C78="","N/A",F78=ROUNDUP((C78+1)/2,0)) | H78: ='normal_low_9'!$D$3 | I78: ='normal_low_9'!G18 | J78: =ABS(I78-H78) | K78: ='normal_low_9'!H18 | L78: =SUMIFS('normal_low_9'!E7:E16,'normal_low_9'!D7:D16,">0") | M78: =SUMIFS('normal_low_9'!E7:E16,'normal_low_9'!D7:D16,"=0") | N78: =SUMIFS('normal_low_9'!E7:E16,'normal_low_9'!D7:D16,">"&B78) | O78: ='normal_low_9'!F18 | P78: =SQRT(SUMPRODUCT('normal_low_9'!E7:E16,('normal_low_9'!D7:D16-O78)^2)) | Q78: ='normal_low_9'!B21 | R78: ='normal_low_9'!B22 | S78: ='normal_low_9'!B25
A79: normal_medium_10 | B79: ='normal_medium_10'!$B$3 | C79: 10 | D79: =IF(C79="","",C79+1) | E79: ='normal_medium_10'!B23 | F79: ='normal_medium_10'!B24 | G79: =IF(C79="","N/A",F79=ROUNDUP((C79+1)/2,0)) | H79: ='normal_medium_10'!$D$3 | I79: ='normal_medium_10'!G18 | J79: =ABS(I79-H79) | K79: ='normal_medium_10'!H18 | L79: =SUMIFS('normal_medium_10'!E7:E16,'normal_medium_10'!D7:D16,">0") | M79: =SUMIFS('normal_medium_10'!E7:E16,'normal_medium_10'!D7:D16,"=0") | N79: =SUMIFS('normal_medium_10'!E7:E16,'normal_medium_10'!D7:D16,">"&B79) | O79: ='normal_medium_10'!F18 | P79: =SQRT(SUMPRODUCT('normal_medium_10'!E7:E16,('normal_medium_10'!D7:D16-O79)^2)) | Q79: ='normal_medium_10'!B21 | R79: ='normal_medium_10'!B22 | S79: ='normal_medium_10'!B25
A80: normal_medium_11 | B80: ='normal_medium_11'!$B$3 | C80: 11 | D80: =IF(C80="","",C80+1) | E80: ='normal_medium_11'!B24 | F80: ='normal_medium_11'!B25 | G80: =IF(C80="","N/A",F80=ROUNDUP((C80+1)/2,0)) | H80: ='normal_medium_11'!$D$3 | I80: ='normal_medium_11'!G19 | J80: =ABS(I80-H80) | K80: ='normal_medium_11'!H19 | L80: =SUMIFS('normal_medium_11'!E7:E17,'normal_medium_11'!D7:D17,">0") | M80: =SUMIFS('normal_medium_11'!E7:E17,'normal_medium_11'!D7:D17,"=0") | N80: =SUMIFS('normal_medium_11'!E7:E17,'normal_medium_11'!D7:D17,">"&B80) | O80: ='normal_medium_11'!F19 | P80: =SQRT(SUMPRODUCT('normal_medium_11'!E7:E17,('normal_medium_11'!D7:D17-O80)^2)) | Q80: ='normal_medium_11'!B22 | R80: ='normal_medium_11'!B23 | S80: ='normal_medium_11'!B26
A81: normal_medium_12 | B81: ='normal_medium_12'!$B$3 | C81: 12 | D81: =IF(C81="","",C81+1) | E81: ='normal_medium_12'!B25 | F81: ='normal_medium_12'!B26 | G81: =IF(C81="","N/A",F81=ROUNDUP((C81+1)/2,0)) | H81: ='normal_medium_12'!$D$3 | I81: ='normal_medium_12'!G20 | J81: =ABS(I81-H81) | K81: ='normal_medium_12'!H20 | L81: =SUMIFS('normal_medium_12'!E7:E18,'normal_medium_12'!D7:D18,">0") | M81: =SUMIFS('normal_medium_12'!E7:E18,'normal_medium_12'!D7:D18,"=0") | N81: =SUMIFS('normal_medium_12'!E7:E18,'normal_medium_12'!D7:D18,">"&B81) | O81: ='normal_medium_12'!F20 | P81: =SQRT(SUMPRODUCT('normal_medium_12'!E7:E18,('normal_medium_12'!D7:D18-O81)^2)) | Q81: ='normal_medium_12'!B23 | R81: ='normal_medium_12'!B24 | S81: ='normal_medium_12'!B27
A82: normal_medium_13 | B82: ='normal_medium_13'!$B$3 | C82: 13 | D82: =IF(C82="","",C82+1) | E82: ='normal_medium_13'!B26 | F82: ='normal_medium_13'!B27 | G82: =IF(C82="","N/A",F82=ROUNDUP((C82+1)/2,0)) | H82: ='normal_medium_13'!$D$3 | I82: ='normal_medium_13'!G21 | J82: =ABS(I82-H82) | K82: ='normal_medium_13'!H21 | L82: =SUMIFS('normal_medium_13'!E7:E19,'normal_medium_13'!D7:D19,">0") | M82: =SUMIFS('normal_medium_13'!E7:E19,'normal_medium_13'!D7:D19,"=0") | N82: =SUMIFS('normal_medium_13'!E7:E19,'normal_medium_13'!D7:D19,">"&B82) | O82: ='normal_medium_13'!F21 | P82: =SQRT(SUMPRODUCT('normal_medium_13'!E7:E19,('normal_medium_13'!D7:D19-O82)^2)) | Q82: ='normal_medium_13'!B24 | R82: ='normal_medium_13'!B25 | S82: ='normal_medium_13'!B28
A83: normal_medium_14 | B83: ='normal_medium_14'!$B$3 | C83: 14 | D83: =IF(C83="","",C83+1) | E83: ='normal_medium_14'!B27 | F83: ='normal_medium_14'!B28 | G83: =IF(C83="","N/A",F83=ROUNDUP((C83+1)/2,0)) | H83: ='normal_medium_14'!$D$3 | I83: ='normal_medium_14'!G22 | J83: =ABS(I83-H83) | K83: ='normal_medium_14'!H22 | L83: =SUMIFS('normal_medium_14'!E7:E20,'normal_medium_14'!D7:D20,">0") | M83: =SUMIFS('normal_medium_14'!E7:E20,'normal_medium_14'!D7:D20,"=0") | N83: =SUMIFS('normal_medium_14'!E7:E20,'normal_medium_14'!D7:D20,">"&B83) | O83: ='normal_medium_14'!F22 | P83: =SQRT(SUMPRODUCT('normal_medium_14'!E7:E20,('normal_medium_14'!D7:D20-O83)^2)) | Q83: ='normal_medium_14'!B25 | R83: ='normal_medium_14'!B26 | S83: ='normal_medium_14'!B29
A84: normal_medium_15 | B84: ='normal_medium_15'!$B$3 | C84: 15 | D84: =IF(C84="","",C84+1) | E84: ='normal_medium_15'!B28 | F84: ='normal_medium_15'!B29 | G84: =IF(C84="","N/A",F84=ROUNDUP((C84+1)/2,0)) | H84: ='normal_medium_15'!$D$3 | I84: ='normal_medium_15'!G23 | J84: =ABS(I84-H84) | K84: ='normal_medium_15'!H23 | L84: =SUMIFS('normal_medium_15'!E7:E21,'normal_medium_15'!D7:D21,">0") | M84: =SUMIFS('normal_medium_15'!E7:E21,'normal_medium_15'!D7:D21,"=0") | N84: =SUMIFS('normal_medium_15'!E7:E21,'normal_medium_15'!D7:D21,">"&B84) | O84: ='normal_medium_15'!F23 | P84: =SQRT(SUMPRODUCT('normal_medium_15'!E7:E21,('normal_medium_15'!D7:D21-O84)^2)) | Q84: ='normal_medium_15'!B26 | R84: ='normal_medium_15'!B27 | S84: ='normal_medium_15'!B30
A85: normal_medium_16 | B85: ='normal_medium_16'!$B$3 | C85: 16 | D85: =IF(C85="","",C85+1) | E85: ='normal_medium_16'!B27 | F85: ='normal_medium_16'!B28 | G85: =IF(C85="","N/A",F85=ROUNDUP((C85+1)/2,0)) | H85: ='normal_medium_16'!$D$3 | I85: ='normal_medium_16'!G22 | J85: =ABS(I85-H85) | K85: ='normal_medium_16'!H22 | L85: =SUMIFS('normal_medium_16'!E7:E20,'normal_medium_16'!D7:D20,">0") | M85: =SUMIFS('normal_medium_16'!E7:E20,'normal_medium_16'!D7:D20,"=0") | N85: =SUMIFS('normal_medium_16'!E7:E20,'normal_medium_16'!D7:D20,">"&B85) | O85: ='normal_medium_16'!F22 | P85: =SQRT(SUMPRODUCT('normal_medium_16'!E7:E20,('normal_medium_16'!D7:D20-O85)^2)) | Q85: ='normal_medium_16'!B25 | R85: ='normal_medium_16'!B26 | S85: ='normal_medium_16'!B29
A86: normal_medium_8 | B86: ='normal_medium_8'!$B$3 | C86: 8 | D86: =IF(C86="","",C86+1) | E86: ='normal_medium_8'!B22 | F86: ='normal_medium_8'!B23 | G86: =IF(C86="","N/A",F86=ROUNDUP((C86+1)/2,0)) | H86: ='normal_medium_8'!$D$3 | I86: ='normal_medium_8'!G17 | J86: =ABS(I86-H86) | K86: ='normal_medium_8'!H17 | L86: =SUMIFS('normal_medium_8'!E7:E15,'normal_medium_8'!D7:D15,">0") | M86: =SUMIFS('normal_medium_8'!E7:E15,'normal_medium_8'!D7:D15,"=0") | N86: =SUMIFS('normal_medium_8'!E7:E15,'normal_medium_8'!D7:D15,">"&B86) | O86: ='normal_medium_8'!F17 | P86: =SQRT(SUMPRODUCT('normal_medium_8'!E7:E15,('normal_medium_8'!D7:D15-O86)^2)) | Q86: ='normal_medium_8'!B20 | R86: ='normal_medium_8'!B21 | S86: ='normal_medium_8'!B24
A87: normal_medium_9 | B87: ='normal_medium_9'!$B$3 | C87: 9 | D87: =IF(C87="","",C87+1) | E87: ='normal_medium_9'!B23 | F87: ='normal_medium_9'!B24 | G87: =IF(C87="","N/A",F87=ROUNDUP((C87+1)/2,0)) | H87: ='normal_medium_9'!$D$3 | I87: ='normal_medium_9'!G18 | J87: =ABS(I87-H87) | K87: ='normal_medium_9'!H18 | L87: =SUMIFS('normal_medium_9'!E7:E16,'normal_medium_9'!D7:D16,">0") | M87: =SUMIFS('normal_medium_9'!E7:E16,'normal_medium_9'!D7:D16,"=0") | N87: =SUMIFS('normal_medium_9'!E7:E16,'normal_medium_9'!D7:D16,">"&B87) | O87: ='normal_medium_9'!F18 | P87: =SQRT(SUMPRODUCT('normal_medium_9'!E7:E16,('normal_medium_9'!D7:D16-O87)^2)) | Q87: ='normal_medium_9'!B21 | R87: ='normal_medium_9'!B22 | S87: ='normal_medium_9'!B25
A89: Summary Checks
A90: Key | B90: Value
A91: Modes analyzed | B91: =ROWS(A16:A87)
A92: RTP pass count | B92: =COUNTIF(K16:K87,TRUE)
A93: Probability sum pass count | B93: =IF(178<107,0,COUNTIFS(D107:D178,"<>",D107:D178,">=0.999999999",D107:D178,"<=1.000000001"))
A94: All RTP pass | B94: =COUNTIF(K16:K87,FALSE)=0
A95: Bucket structure pass count | B95: =COUNTIF(G16:G87,TRUE)
A96: Min RTP Drift | B96: =MIN(J16:J87)
A97: Max RTP Drift | B97: =MAX(J16:J87)
A99: Validation Snapshot
A100: Key | B100: Value
A101: Modes analyzed | B101: =ROWS(A16:A87)
A102: All RTP pass | B102: =COUNTIF(K16:K87,FALSE)=0
A103: Generated workbook | B103: F:\Gaming\Stakes\math-sdk\games\azteck_plinko_final\AzteckPlinkoFull_audit_formulas.xlsx
A105: Formula Audit Metrics
...

Sheet buy100_expert_10
A1: buy100_expert_10 Lookup Detail
A2: Derived from lookup rows
A3: Cost | B3: 99 | C3: Target RTP | D3: 0.9605 | E3: RTP Tol | F3: 0.01 | G3: Payout Scale | H3: 100
A5: Rows
A6: sim_id | B6: weight | C6: payout_raw | D6: payout_scaled | E6: probability | F6: weighted_payout | G6: cumulative_probability
A7: 3 | B7: 16918 | C7: 198000 | D7: =C7/$H$3 | E7: =IF($B$16>0,B7/$B$16,0) | F7: =D7*E7 | G7: =E7
A8: 4 | B8: 186113 | C8: 5940 | D8: =C8/$H$3 | E8: =IF($B$16>0,B8/$B$16,0) | F8: =D8*E8 | G8: =G7+E8
A9: 5 | B9: 197979 | C9: 990 | D9: =C9/$H$3 | E9: =IF($B$16>0,B9/$B$16,0) | F9: =D9*E9 | G9: =G8+E9
A10: 6 | B10: 197979 | C10: 990 | D10: =C10/$H$3 | E10: =IF($B$16>0,B10/$B$16,0) | F10: =D10*E10 | G10: =G9+E10
A11: 7 | B11: 197979 | C11: 990 | D11: =C11/$H$3 | E11: =IF($B$16>0,B11/$B$16,0) | F11: =D11*E11 | G11: =G10+E11
A12: 8 | B12: 186113 | C12: 5940 | D12: =C12/$H$3 | E12: =IF($B$16>0,B12/$B$16,0) | F12: =D12*E12 | G12: =G11+E12
A13: 9 | B13: 16918 | C13: 198000 | D13: =C13/$H$3 | E13: =IF($B$16>0,B13/$B$16,0) | F13: =D13*E13 | G13: =G12+E13
A14: 11 | B14: 1 | C14: 10000000 | D14: =C14/$H$3 | E14: =IF($B$16>0,B14/$B$16,0) | F14: =D14*E14 | G14: =G13+E14
A16: CHECK_SUMS | B16: =SUM(B7:B14) | C16: payout_raw_sum | D16: =SUM(D7:D14) | E16: =SUM(E7:E14) | F16: =SUM(F7:F14) | G16: =IF($B$3>0,F16/$B$3,0) | H16: =IF($D$3="","N/A",ABS(G16-$D$3)<=$F$3)
A17: rtp_drift | B17: =IF($D$3="","",G16-$D$3)
A18: prob_sum_check | B18: =ABS(E16-1)<=1E-9
A19: max_win_value | B19: =MAX(D7:D14)
A20: max_win_probability | B20: =SUMIFS(E7:E14,D7:D14,B19)
A21: outcome_rows | B21: =ROWS(A7:A14)
A22: unique_multipliers | B22: =SUMPRODUCT(1/COUNTIF(D7:D14,D7:D14))
A23: max_exposure_with_max_bet | B23: =B19*500.0

Sheet buy100_expert_11
A1: buy100_expert_11 Lookup Detail
A2: Derived from lookup rows
A3: Cost | B3: 99 | C3: Target RTP | D3: 0.9605 | E3: RTP Tol | F3: 0.01 | G3: Payout Scale | H3: 100
A5: Rows
A6: sim_id | B6: weight | C6: payout_raw | D6: payout_scaled | E6: probability | F6: weighted_payout | G6: cumulative_probability
A7: 3 | B7: 6436 | C7: 396000 | D7: =C7/$H$3 | E7: =IF($B$17>0,B7/$B$17,0) | F7: =D7*E7 | G7: =E7
A8: 4 | B8: 156093 | C8: 10890 | D8: =C8/$H$3 | E8: =IF($B$17>0,B8/$B$17,0) | F8: =D8*E8 | G8: =G7+E8
A9: 5 | B9: 168044 | C9: 1980 | D9: =C9/$H$3 | E9: =IF($B$17>0,B9/$B$17,0) | F9: =D9*E9 | G9: =G8+E9
A10: 6 | B10: 169427 | C10: 990 | D10: =C10/$H$3 | E10: =IF($B$17>0,B10/$B$17,0) | F10: =D10*E10 | G10: =G9+E10
A11: 7 | B11: 169427 | C11: 990 | D11: =C11/$H$3 | E11: =IF($B$17>0,B11/$B$17,0) | F11: =D11*E11 | G11: =G10+E11
A12: 8 | B12: 168043 | C12: 1980 | D12: =C12/$H$3 | E12: =IF($B$17>0,B12/$B$17,0) | F12: =D12*E12 | G12: =G11+E12
A13: 9 | B13: 156093 | C13: 10890 | D13: =C13/$H$3 | E13: =IF($B$17>0,B13/$B$17,0) | F13: =D13*E13 | G13: =G12+E13
A14: 10 | B14: 6436 | C14: 396000 | D14: =C14/$H$3 | E14: =IF($B$17>0,B14/$B$17,0) | F14: =D14*E14 | G14: =G13+E14
A15: 12 | B15: 1 | C15: 10000000 | D15: =C15/$H$3 | E15: =IF($B$17>0,B15/$B$17,0) | F15: =D15*E15 | G15: =G14+E15
A17: CHECK_SUMS | B17: =SUM(B7:B15) | C17: payout_raw_sum | D17: =SUM(D7:D15) | E17: =SUM(E7:E15) | F17: =SUM(F7:F15) | G17: =IF($B$3>0,F17/$B$3,0) | H17: =IF($D$3="","N/A",ABS(G17-$D$3)<=$F$3)
A18: rtp_drift | B18: =IF($D$3="","",G17-$D$3)
A19: prob_sum_check | B19: =ABS(E17-1)<=1E-9
A20: max_win_value | B20: =MAX(D7:D15)
A21: max_win_probability | B21: =SUMIFS(E7:E15,D7:D15,B20)
A22: outcome_rows | B22: =ROWS(A7:A15)
A23: unique_multipliers | B23: =SUMPRODUCT(1/COUNTIF(D7:D15,D7:D15))
A24: max_exposure_with_max_bet | B24: =B20*500.0

Sheet buy100_expert_12
A1: buy100_expert_12 Lookup Detail
A2: Derived from lookup rows
A3: Cost | B3: 99 | C3: Target RTP | D3: 0.9605 | E3: RTP Tol | F3: 0.01 | G3: Payout Scale | H3: 100
A5: Rows
A6: sim_id | B6: weight | C6: payout_raw | D6: payout_scaled | E6: probability | F6: weighted_payout | G6: cumulative_probability
A7: 3 | B7: 3327 | C7: 594000 | D7: =C7/$H$3 | E7: =IF($B$18>0,B7/$B$18,0) | F7: =D7*E7 | G7: =E7
A8: 4 | B8: 133852 | C8: 14850 | D8: =C8/$H$3 | E8: =IF($B$18>0,B8/$B$18,0) | F8: =D8*E8 | G8: =G7+E8
A9: 5 | B9: 143482 | C9: 3960 | D9: =C9/$H$3 | E9: =IF($B$18>0,B9/$B$18,0) | F9: =D9*E9 | G9: =G8+E9
A10: 6 | B10: 146226 | C10: 990 | D10: =C10/$H$3 | E10: =IF($B$18>0,B10/$B$18,0) | F10: =D10*E10 | G10: =G9+E10
A11: 7 | B11: 146226 | C11: 990 | D11: =C11/$H$3 | E11: =IF($B$18>0,B11/$B$18,0) | F11: =D11*E11 | G11: =G10+E11
A12: 8 | B12: 146226 | C12: 990 | D12: =C12/$H$3 | E12: =IF($B$18>0,B12/$B$18,0) | F12: =D12*E12 | G12: =G11+E12
A13: 9 | B13: 143481 | C13: 3960 | D13: =C13/$H$3 | E13: =IF($B$18>0,B13/$B$18,0) | F13: =D13*E13 | G13: =G12+E13
A14: 10 | B14: 133852 | C14: 14850 | D14: =C14/$H$3 | E14: =IF($B$18>0,B14/$B$18,0) | F14: =D14*E14 | G14: =G13+E14
A15: 11 | B15: 3327 | C15: 594000 | D15: =C15/$H$3 | E15: =IF($B$18>0,B15/$B$18,0) | F15: =D15*E15 | G15: =G14+E15
A16: 13 | B16: 1 | C16: 10000000 | D16: =C16/$H$3 | E16: =IF($B$18>0,B16/$B$18,0) | F16: =D16*E16 | G16: =G15+E16
A18: CHECK_SUMS | B18: =SUM(B7:B16) | C18: payout_raw_sum | D18: =SUM(D7:D16) | E18: =SUM(E7:E16) | F18: =SUM(F7:F16) | G18: =IF($B$3>0,F18/$B$3,0) | H18: =IF($D$3="","N/A",ABS(G18-$D$3)<=$F$3)
A19: rtp_drift | B19: =IF($D$3="","",G18-$D$3)
A20: prob_sum_check | B20: =ABS(E18-1)<=1E-9
A21: max_win_value | B21: =MAX(D7:D16)
A22: max_win_probability | B22: =SUMIFS(E7:E16,D7:D16,B21)
A23: outcome_rows | B23: =ROWS(A7:A16)
A24: unique_multipliers | B24: =SUMPRODUCT(1/COUNTIF(D7:D16,D7:D16))
A25: max_exposure_with_max_bet | B25: =B21*500.0

Sheet buy100_expert_13
A1: buy100_expert_13 Lookup Detail
A2: Derived from lookup rows
A3: Cost | B3: 99 | C3: Target RTP | D3: 0.9605 | E3: RTP Tol | F3: 0.01 | G3: Payout Scale | H3: 100
A5: Rows
A6: sim_id | B6: weight | C6: payout_raw | D6: payout_scaled | E6: probability | F6: weighted_payout | G6: cumulative_probability
A7: 3 | B7: 447 | C7: 990000 | D7: =C7/$H$3 | E7: =IF($B$19>0,B7/$B$19,0) | F7: =D7*E7 | G7: =E7
A8: 4 | B8: 110896 | C8: 29700 | D8: =C8/$H$3 | E8: =IF($B$19>0,B8/$B$19,0) | F8: =D8*E8 | G8: =G7+E8
A9: 5 | B9: 127109 | C9: 5940 | D9: =C9/$H$3 | E9: =IF($B$19>0,B9/$B$19,0) | F9: =D9*E9 | G9: =G8+E9
A10: 6 | B10: 130774 | C10: 990 | D10: =C10/$H$3 | E10: =IF($B$19>0,B10/$B$19,0) | F10: =D10*E10 | G10: =G9+E10
A11: 7 | B11: 130774 | C11: 990 | D11: =C11/$H$3 | E11: =IF($B$19>0,B11/$B$19,0) | F11: =D11*E11 | G11: =G10+E11
A12: 8 | B12: 130774 | C12: 990 | D12: =C12/$H$3 | E12: =IF($B$19>0,B12/$B$19,0) | F12: =D12*E12 | G12: =G11+E12
A13: 9 | B13: 130774 | C13: 990 | D13: =C13/$H$3 | E13: =IF($B$19>0,B13/$B$19,0) | F13: =D13*E13 | G13: =G12+E13
A14: 10 | B14: 127109 | C14: 5940 | D14: =C14/$H$3 | E14: =IF($B$19>0,B14/$B$19,0) | F14: =D14*E14 | G14: =G13+E14
A15: 11 | B15: 110895 | C15: 29700 | D15: =C15/$H$3 | E15: =IF($B$19>0,B15/$B$19,0) | F15: =D15*E15 | G15: =G14+E15
A16: 12 | B16: 447 | C16: 990000 | D16: =C16/$H$3 | E16: =IF($B$19>0,B16/$B$19,0) | F16: =D16*E16 | G16: =G15+E16
A17: 14 | B17: 1 | C17: 10000000 | D17: =C17/$H$3 | E17: =IF($B$19>0,B17/$B$19,0) | F17: =D17*E17 | G17: =G16+E17
A19: CHECK_SUMS | B19: =SUM(B7:B17) | C19: payout_raw_sum | D19: =SUM(D7:D17) | E19: =SUM(E7:E17) | F19: =SUM(F7:F17) | G19: =IF($B$3>0,F19/$B$3,0) | H19: =IF($D$3="","N/A",ABS(G19-$D$3)<=$F$3)
A20: rtp_drift | B20: =IF($D$3="","",G19-$D$3)
A21: prob_sum_check | B21: =ABS(E19-1)<=1E-9
A22: max_win_value | B22: =MAX(D7:D17)
A23: max_win_probability | B23: =SUMIFS(E7:E17,D7:D17,B22)
A24: outcome_rows | B24: =ROWS(A7:A17)
A25: unique_multipliers | B25: =SUMPRODUCT(1/COUNTIF(D7:D17,D7:D17))
A26: max_exposure_with_max_bet | B26: =B22*500.0

Sheet buy100_expert_14
A1: buy100_expert_14 Lookup Detail
A2: Derived from lookup rows
A3: Cost | B3: 99 | C3: Target RTP | D3: 0.9605 | E3: RTP Tol | F3: 0.01 | G3: Payout Scale | H3: 100
A5: Rows
A6: sim_id | B6: weight | C6: payout_raw | D6: payout_scaled | E6: probability | F6: weighted_payout | G6: cumulative_probability
A7: 3 | B7: 39 | C7: 1584000 | D7: =C7/$H$3 | E7: =IF($B$20>0,B7/$B$20,0) | F7: =D7*E7 | G7: =E7
A8: 4 | B8: 100403 | C8: 29700 | D8: =C8/$H$3 | E8: =IF($B$20>0,B8/$B$20,0) | F8: =D8*E8 | G8: =G7+E8
A9: 5 | B9: 109878 | C9: 11880 | D9: =C9/$H$3 | E9: =IF($B$20>0,B9/$B$20,0) | F9: =D9*E9 | G9: =G8+E9
A10: 6 | B10: 115524 | C10: 1980 | D10: =C10/$H$3 | E10: =IF($B$20>0,B10/$B$20,0) | F10: =D10*E10 | G10: =G9+E10
A11: 7 | B11: 116104 | C11: 990 | D11: =C11/$H$3 | E11: =IF($B$20>0,B11/$B$20,0) | F11: =D11*E11 | G11: =G10+E11
A12: 8 | B12: 116104 | C12: 990 | D12: =C12/$H$3 | E12: =IF($B$20>0,B12/$B$20,0) | F12: =D12*E12 | G12: =G11+E12
A13: 9 | B13: 116104 | C13: 990 | D13: =C13/$H$3 | E13: =IF($B$20>0,B13/$B$20,0) | F13: =D13*E13 | G13: =G12+E13
A14: 10 | B14: 115524 | C14: 1980 | D14: =C14/$H$3 | E14: =IF($B$20>0,B14/$B$20,0) | F14: =D14*E14 | G14: =G13+E14
A15: 11 | B15: 109878 | C15: 11880 | D15: =C15/$H$3 | E15: =IF($B$20>0,B15/$B$20,0) | F15: =D15*E15 | G15: =G14+E15
A16: 12 | B16: 100403 | C16: 29700 | D16: =C16/$H$3 | E16: =IF($B$20>0,B16/$B$20,0) | F16: =D16*E16 | G16: =G15+E16
A17: 13 | B17: 38 | C17: 1584000 | D17: =C17/$H$3 | E17: =IF($B$20>0,B17/$B$20,0) | F17: =D17*E17 | G17: =G16+E17
A18: 15 | B18: 1 | C18: 10000000 | D18: =C18/$H$3 | E18: =IF($B$20>0,B18/$B$20,0) | F18: =D18*E18 | G18: =G17+E18
A20: CHECK_SUMS | B20: =SUM(B7:B18) | C20: payout_raw_sum | D20: =SUM(D7:D18) | E20: =SUM(E7:E18) | F20: =SUM(F7:F18) | G20: =IF($B$3>0,F20/$B$3,0) | H20: =IF($D$3="","N/A",ABS(G20-$D$3)<=$F$3)
A21: rtp_drift | B21: =IF($D$3="","",G20-$D$3)
A22: prob_sum_check | B22: =ABS(E20-1)<=1E-9
A23: max_win_value | B23: =MAX(D7:D18)
A24: max_win_probability | B24: =SUMIFS(E7:E18,D7:D18,B23)
A25: outcome_rows | B25: =ROWS(A7:A18)
A26: unique_multipliers | B26: =SUMPRODUCT(1/COUNTIF(D7:D18,D7:D18))
A27: max_exposure_with_max_bet | B27: =B23*500.0

Sheet buy100_expert_15
A1: buy100_expert_15 Lookup Detail
A2: Derived from lookup rows
A3: Cost | B3: 99 | C3: Target RTP | D3: 0.9605 | E3: RTP Tol | F3: 0.01 | G3: Payout Scale | H3: 100
A5: Rows
A6: sim_id | B6: weight | C6: payout_raw | D6: payout_scaled | E6: probability | F6: weighted_payout | G6: cumulative_probability
A7: 4 | B7: 44501 | C7: 59400 | D7: =C7/$H$3 | E7: =IF($B$19>0,B7/$B$19,0) | F7: =D7*E7 | G7: =E7
A8: 5 | B8: 91285 | C8: 17820 | D8: =C8/$H$3 | E8: =IF($B$19>0,B8/$B$19,0) | F8: =D8*E8 | G8: =G7+E8
A9: 6 | B9: 120024 | C9: 1980 | D9: =C9/$H$3 | E9: =IF($B$19>0,B9/$B$19,0) | F9: =D9*E9 | G9: =G8+E9
A10: 7 | B10: 122095 | C10: 990 | D10: =C10/$H$3 | E10: =IF($B$19>0,B10/$B$19,0) | F10: =D10*E10 | G10: =G9+E10
A11: 8 | B11: 122095 | C11: 990 | D11: =C11/$H$3 | E11: =IF($B$19>0,B11/$B$19,0) | F11: =D11*E11 | G11: =G10+E11
A12: 9 | B12: 122095 | C12: 990 | D12: =C12/$H$3 | E12: =IF($B$19>0,B12/$B$19,0) | F12: =D12*E12 | G12: =G11+E12
A13: 10 | B13: 122094 | C13: 990 | D13: =C13/$H$3 | E13: =IF($B$19>0,B13/$B$19,0) | F13: =D13*E13 | G13: =G12+E13
A14: 11 | B14: 120024 | C14: 1980 | D14: =C14/$H$3 | E14: =IF($B$19>0,B14/$B$19,0) | F14: =D14*E14 | G14: =G13+E14
A15: 12 | B15: 91285 | C15: 17820 | D15: =C15/$H$3 | E15: =IF($B$19>0,B15/$B$19,0) | F15: =D15*E15 | G15: =G14+E15
A16: 13 | B16: 44501 | C16: 59400 | D16: =C16/$H$3 | E16: =IF($B$19>0,B16/$B$19,0) | F16: =D16*E16 | G16: =G15+E16
A17: 16 | B17: 1 | C17: 10000000 | D17: =C17/$H$3 | E17: =IF($B$19>0,B17/$B$19,0) | F17: =D17*E17 | G17: =G16+E17
A19: CHECK_SUMS | B19: =SUM(B7:B17) | C19: payout_raw_sum | D19: =SUM(D7:D17) | E19: =SUM(E7:E17) | F19: =SUM(F7:F17) | G19: =IF($B$3>0,F19/$B$3,0) | H19: =IF($D$3="","N/A",ABS(G19-$D$3)<=$F$3)
A20: rtp_drift | B20: =IF($D$3="","",G19-$D$3)
A21: prob_sum_check | B21: =ABS(E19-1)<=1E-9
A22: max_win_value | B22: =MAX(D7:D17)
A23: max_win_probability | B23: =SUMIFS(E7:E17,D7:D17,B22)
A24: outcome_rows | B24: =ROWS(A7:A17)
A25: unique_multipliers | B25: =SUMPRODUCT(1/COUNTIF(D7:D17,D7:D17))
A26: max_exposure_with_max_bet | B26: =B22*500.0

Sheet buy100_expert_16
A1: buy100_expert_16 Lookup Detail
A2: Derived from lookup rows
A3: Cost | B3: 99 | C3: Target RTP | D3: 0.9605 | E3: RTP Tol | F3: 0.01 | G3: Payout Scale | H3: 100
A5: Rows
A6: sim_id | B6: weight | C6: payout_raw | D6: payout_scaled | E6: probability | F6: weighted_payout | G6: cumulative_probability
A7: 4 | B7: 23897 | C7: 69300 | D7: =C7/$H$3 | E7: =IF($B$20>0,B7/$B$20,0) | F7: =D7*E7 | G7: =E7
A8: 5 | B8: 69779 | C8: 24750 | D8: =C8/$H$3 | E8: =IF($B$20>0,B8/$B$20,0) | F8: =D8*E8 | G8: =G7+E8
A9: 6 | B9: 97389 | C9: 10890 | D9: =C9/$H$3 | E9: =IF($B$20>0,B9/$B$20,0) | F9: =D9*E9 | G9: =G8+E9
A10: 7 | B10: 123574 | C10: 990 | D10: =C10/$H$3 | E10: =IF($B$20>0,B10/$B$20,0) | F10: =D10*E10 | G10: =G9+E10
A11: 8 | B11: 123574 | C11: 990 | D11: =C11/$H$3 | E11: =IF($B$20>0,B11/$B$20,0) | F11: =D11*E11 | G11: =G10+E11
A12: 9 | B12: 123574 | C12: 990 | D12: =C12/$H$3 | E12: =IF($B$20>0,B12/$B$20,0) | F12: =D12*E12 | G12: =G11+E12
A13: 10 | B13: 123574 | C13: 990 | D13: =C13/$H$3 | E13: =IF($B$20>0,B13/$B$20,0) | F13: =D13*E13 | G13: =G12+E13
A14: 11 | B14: 123574 | C14: 990 | D14: =C14/$H$3 | E14: =IF($B$20>0,B14/$B$20,0) | F14: =D14*E14 | G14: =G13+E14
A15: 12 | B15: 97389 | C15: 10890 | D15: =C15/$H$3 | E15: =IF($B$20>0,B15/$B$20,0) | F15: =D15*E15 | G15: =G14+E15
A16: 13 | B16: 69778 | C16: 24750 | D16: =C16/$H$3 | E16: =IF($B$20>0,B16/$B$20,0) | F16: =D16*E16 | G16: =G15+E16
A17: 14 | B17: 23897 | C17: 69300 | D17: =C17/$H$3 | E17: =IF($B$20>0,B17/$B$20,0) | F17: =D17*E17 | G17: =G16+E17
A18: 17 | B18: 1 | C18: 10000000 | D18: =C18/$H$3 | E18: =IF($B$20>0,B18/$B$20,0) | F18: =D18*E18 | G18: =G17+E18
A20: CHECK_SUMS | B20: =SUM(B7:B18) | C20: payout_raw_sum | D20: =SUM(D7:D18) | E20: =SUM(E7:E18) | F20: =SUM(F7:F18) | G20: =IF($B$3>0,F20/$B$3,0) | H20: =IF($D$3="","N/A",ABS(G20-$D$3)<=$F$3)
A21: rtp_drift | B21: =IF($D$3="","",G20-$D$3)
A22: prob_sum_check | B22: =ABS(E20-1)<=1E-9
A23: max_win_value | B23: =MAX(D7:D18)
A24: max_win_probability | B24: =SUMIFS(E7:E18,D7:D18,B23)
A25: outcome_rows | B25: =ROWS(A7:A18)
A26: unique_multipliers | B26: =SUMPRODUCT(1/COUNTIF(D7:D18,D7:D18))
A27: max_exposure_with_max_bet | B27: =B23*500.0

Sheet buy100_expert_8
A1: buy100_expert_8 Lookup Detail
A2: Derived from lookup rows
A3: Cost | B3: 99 | C3: Target RTP | D3: 0.9605 | E3: RTP Tol | F3: 0.01 | G3: Payout Scale | H3: 100
A5: Rows
A6: sim_id | B6: weight | C6: payout_raw | D6: payout_scaled | E6: probability | F6: weighted_payout | G6: cumulative_probability
A7: 2 | B7: 53 | C7: 455400 | D7: =C7/$H$3 | E7: =IF($B$16>0,B7/$B$16,0) | F7: =D7*E7 | G7: =E7
A8: 3 | B8: 39227 | C8: 108900 | D8: =C8/$H$3 | E8: =IF($B$16>0,B8/$B$16,0) | F8: =D8*E8 | G8: =G7+E8
A9: 4 | B9: 307147 | C9: 990 | D9: =C9/$H$3 | E9: =IF($B$16>0,B9/$B$16,0) | F9: =D9*E9 | G9: =G8+E9
A10: 5 | B10: 307146 | C10: 990 | D10: =C10/$H$3 | E10: =IF($B$16>0,B10/$B$16,0) | F10: =D10*E10 | G10: =G9+E10
A11: 6 | B11: 307146 | C11: 990 | D11: =C11/$H$3 | E11: =IF($B$16>0,B11/$B$16,0) | F11: =D11*E11 | G11: =G10+E11
A12: 7 | B12: 39227 | C12: 108900 | D12: =C12/$H$3 | E12: =IF($B$16>0,B12/$B$16,0) | F12: =D12*E12 | G12: =G11+E12
A13: 8 | B13: 53 | C13: 455400 | D13: =C13/$H$3 | E13: =IF($B$16>0,B13/$B$16,0) | F13: =D13*E13 | G13: =G12+E13
A14: 9 | B14: 1 | C14: 4950000 | D14: =C14/$H$3 | E14: =IF($B$16>0,B14/$B$16,0) | F14: =D14*E14 | G14: =G13+E14
A16: CHECK_SUMS | B16: =SUM(B7:B14) | C16: payout_raw_sum | D16: =SUM(D7:D14) | E16: =SUM(E7:E14) | F16: =SUM(F7:F14) | G16: =IF($B$3>0,F16/$B$3,0) | H16: =IF($D$3="","N/A",ABS(G16-$D$3)<=$F$3)
A17: rtp_drift | B17: =IF($D$3="","",G16-$D$3)
A18: prob_sum_check | B18: =ABS(E16-1)<=1E-9
A19: max_win_value | B19: =MAX(D7:D14)
A20: max_win_probability | B20: =SUMIFS(E7:E14,D7:D14,B19)
A21: outcome_rows | B21: =ROWS(A7:A14)
A22: unique_multipliers | B22: =SUMPRODUCT(1/COUNTIF(D7:D14,D7:D14))
A23: max_exposure_with_max_bet | B23: =B19*500.0

Sheet buy100_expert_9
A1: buy100_expert_9 Lookup Detail
A2: Derived from lookup rows
A3: Cost | B3: 99 | C3: Target RTP | D3: 0.9605 | E3: RTP Tol | F3: 0.01 | G3: Payout Scale | H3: 100
A5: Rows
A6: sim_id | B6: weight | C6: payout_raw | D6: payout_scaled | E6: probability | F6: weighted_payout | G6: cumulative_probability
A7: 2 | B7: 3 | C7: 772200 | D7: =C7/$H$3 | E7: =IF($B$17>0,B7/$B$17,0) | F7: =D7*E7 | G7: =E7
A8: 3 | B8: 27253 | C8: 148500 | D8: =C8/$H$3 | E8: =IF($B$17>0,B8/$B$17,0) | F8: =D8*E8 | G8: =G7+E8
A9: 4 | B9: 234653 | C9: 1980 | D9: =C9/$H$3 | E9: =IF($B$17>0,B9/$B$17,0) | F9: =D9*E9 | G9: =G8+E9
A10: 5 | B10: 238091 | C10: 990 | D10: =C10/$H$3 | E10: =IF($B$17>0,B10/$B$17,0) | F10: =D10*E10 | G10: =G9+E10
A11: 6 | B11: 238091 | C11: 990 | D11: =C11/$H$3 | E11: =IF($B$17>0,B11/$B$17,0) | F11: =D11*E11 | G11: =G10+E11
A12: 7 | B12: 234653 | C12: 1980 | D12: =C12/$H$3 | E12: =IF($B$17>0,B12/$B$17,0) | F12: =D12*E12 | G12: =G11+E12
A13: 8 | B13: 27252 | C13: 148500 | D13: =C13/$H$3 | E13: =IF($B$17>0,B13/$B$17,0) | F13: =D13*E13 | G13: =G12+E13
A14: 9 | B14: 3 | C14: 772200 | D14: =C14/$H$3 | E14: =IF($B$17>0,B14/$B$17,0) | F14: =D14*E14 | G14: =G13+E14
A15: 10 | B15: 1 | C15: 9900000 | D15: =C15/$H$3 | E15: =IF($B$17>0,B15/$B$17,0) | F15: =D15*E15 | G15: =G14+E15
A17: CHECK_SUMS | B17: =SUM(B7:B15) | C17: payout_raw_sum | D17: =SUM(D7:D15) | E17: =SUM(E7:E15) | F17: =SUM(F7:F15) | G17: =IF($B$3>0,F17/$B$3,0) | H17: =IF($D$3="","N/A",ABS(G17-$D$3)<=$F$3)
A18: rtp_drift | B18: =IF($D$3="","",G17-$D$3)
A19: prob_sum_check | B19: =ABS(E17-1)<=1E-9
A20: max_win_value | B20: =MAX(D7:D15)
A21: max_win_probability | B21: =SUMIFS(E7:E15,D7:D15,B20)
A22: outcome_rows | B22: =ROWS(A7:A15)
A23: unique_multipliers | B23: =SUMPRODUCT(1/COUNTIF(D7:D15,D7:D15))
A24: max_exposure_with_max_bet | B24: =B20*500.0

Sheet buy100_high_10
A1: buy100_high_10 Lookup Detail
A2: Derived from lookup rows
A3: Cost | B3: 99 | C3: Target RTP | D3: 0.9605 | E3: RTP Tol | F3: 0.01 | G3: Payout Scale | H3: 100
A5: Rows
A6: sim_id | B6: weight | C6: payout_raw | D6: payout_scaled | E6: probability | F6: weighted_payout | G6: cumulative_probability
A7: 2 | B7: 6175 | C7: 99000 | D7: =C7/$H$3 | E7: =IF($B$18>0,B7/$B$18,0) | F7: =D7*E7 | G7: =E7
A8: 3 | B8: 70857 | C8: 29700 | D8: =C8/$H$3 | E8: =IF($B$18>0,B8/$B$18,0) | F8: =D8*E8 | G8: =G7+E8
A9: 4 | B9: 147334 | C9: 8910 | D9: =C9/$H$3 | E9: =IF($B$18>0,B9/$B$18,0) | F9: =D9*E9 | G9: =G8+E9
A10: 5 | B10: 181608 | C10: 2970 | D10: =C10/$H$3 | E10: =IF($B$18>0,B10/$B$18,0) | F10: =D10*E10 | G10: =G9+E10
A11: 6 | B11: 188051 | C11: 1980 | D11: =C11/$H$3 | E11: =IF($B$18>0,B11/$B$18,0) | F11: =D11*E11 | G11: =G10+E11
A12: 7 | B12: 181608 | C12: 2970 | D12: =C12/$H$3 | E12: =IF($B$18>0,B12/$B$18,0) | F12: =D12*E12 | G12: =G11+E12
A13: 8 | B13: 147334 | C13: 8910 | D13: =C13/$H$3 | E13: =IF($B$18>0,B13/$B$18,0) | F13: =D13*E13 | G13: =G12+E13
A14: 9 | B14: 70857 | C14: 29700 | D14: =C14/$H$3 | E14: =IF($B$18>0,B14/$B$18,0) | F14: =D14*E14 | G14: =G13+E14
A15: 10 | B15: 6175 | C15: 99000 | D15: =C15/$H$3 | E15: =IF($B$18>0,B15/$B$18,0) | F15: =D15*E15 | G15: =G14+E15
A16: 11 | B16: 1 | C16: 752400 | D16: =C16/$H$3 | E16: =IF($B$18>0,B16/$B$18,0) | F16: =D16*E16 | G16: =G15+E16
A18: CHECK_SUMS | B18: =SUM(B7:B16) | C18: payout_raw_sum | D18: =SUM(D7:D16) | E18: =SUM(E7:E16) | F18: =SUM(F7:F16) | G18: =IF($B$3>0,F18/$B$3,0) | H18: =IF($D$3="","N/A",ABS(G18-$D$3)<=$F$3)
A19: rtp_drift | B19: =IF($D$3="","",G18-$D$3)
A20: prob_sum_check | B20: =ABS(E18-1)<=1E-9
A21: max_win_value | B21: =MAX(D7:D16)
A22: max_win_probability | B22: =SUMIFS(E7:E16,D7:D16,B21)
A23: outcome_rows | B23: =ROWS(A7:A16)
A24: unique_multipliers | B24: =SUMPRODUCT(1/COUNTIF(D7:D16,D7:D16))
A25: max_exposure_with_max_bet | B25: =B21*500.0

Sheet buy100_high_11
A1: buy100_high_11 Lookup Detail
A2: Derived from lookup rows
A3: Cost | B3: 99 | C3: Target RTP | D3: 0.9605 | E3: RTP Tol | F3: 0.01 | G3: Payout Scale | H3: 100
A5: Rows
A6: sim_id | B6: weight | C6: payout_raw | D6: payout_scaled | E6: probability | F6: weighted_payout | G6: cumulative_probability
A7: 2 | B7: 2022 | C7: 138600 | D7: =C7/$H$3 | E7: =IF($B$19>0,B7/$B$19,0) | F7: =D7*E7 | G7: =E7
A8: 3 | B8: 35021 | C8: 51480 | D8: =C8/$H$3 | E8: =IF($B$19>0,B8/$B$19,0) | F8: =D8*E8 | G8: =G7+E8
A9: 4 | B9: 119996 | C9: 13860 | D9: =C9/$H$3 | E9: =IF($B$19>0,B9/$B$19,0) | F9: =D9*E9 | G9: =G8+E9
A10: 5 | B10: 165925 | C10: 3960 | D10: =C10/$H$3 | E10: =IF($B$19>0,B10/$B$19,0) | F10: =D10*E10 | G10: =G9+E10
A11: 6 | B11: 177036 | C11: 1980 | D11: =C11/$H$3 | E11: =IF($B$19>0,B11/$B$19,0) | F11: =D11*E11 | G11: =G10+E11
A12: 7 | B12: 177035 | C12: 1980 | D12: =C12/$H$3 | E12: =IF($B$19>0,B12/$B$19,0) | F12: =D12*E12 | G12: =G11+E12
A13: 8 | B13: 165925 | C13: 3960 | D13: =C13/$H$3 | E13: =IF($B$19>0,B13/$B$19,0) | F13: =D13*E13 | G13: =G12+E13
A14: 9 | B14: 119996 | C14: 13860 | D14: =C14/$H$3 | E14: =IF($B$19>0,B14/$B$19,0) | F14: =D14*E14 | G14: =G13+E14
A15: 10 | B15: 35021 | C15: 51480 | D15: =C15/$H$3 | E15: =IF($B$19>0,B15/$B$19,0) | F15: =D15*E15 | G15: =G14+E15
A16: 11 | B16: 2022 | C16: 138600 | D16: =C16/$H$3 | E16: =IF($B$19>0,B16/$B$19,0) | F16: =D16*E16 | G16: =G15+E16
A17: 12 | B17: 1 | C17: 1188000 | D17: =C17/$H$3 | E17: =IF($B$19>0,B17/$B$19,0) | F17: =D17*E17 | G17: =G16+E17
A19: CHECK_SUMS | B19: =SUM(B7:B17) | C19: payout_raw_sum | D19: =SUM(D7:D17) | E19: =SUM(E7:E17) | F19: =SUM(F7:F17) | G19: =IF($B$3>0,F19/$B$3,0) | H19: =IF($D$3="","N/A",ABS(G19-$D$3)<=$F$3)
A20: rtp_drift | B20: =IF($D$3="","",G19-$D$3)
A21: prob_sum_check | B21: =ABS(E19-1)<=1E-9
A22: max_win_value | B22: =MAX(D7:D17)
A23: max_win_probability | B23: =SUMIFS(E7:E17,D7:D17,B22)
A24: outcome_rows | B24: =ROWS(A7:A17)
A25: unique_multipliers | B25: =SUMPRODUCT(1/COUNTIF(D7:D17,D7:D17))
A26: max_exposure_with_max_bet | B26: =B22*500.0

Sheet buy100_high_12
A1: buy100_high_12 Lookup Detail
A2: Derived from lookup rows
A3: Cost | B3: 99 | C3: Target RTP | D3: 0.9605 | E3: RTP Tol | F3: 0.01 | G3: Payout Scale | H3: 100
A5: Rows
A6: sim_id | B6: weight | C6: payout_raw | D6: payout_scaled | E6: probability | F6: weighted_payout | G6: cumulative_probability
A7: 2 | B7: 166 | C7: 237600 | D7: =C7/$H$3 | E7: =IF($B$20>0,B7/$B$20,0) | F7: =D7*E7 | G7: =E7
A8: 3 | B8: 16582 | C8: 80190 | D8: =C8/$H$3 | E8: =IF($B$20>0,B8/$B$20,0) | F8: =D8*E8 | G8: =G7+E8
A9: 4 | B9: 96980 | C9: 19800 | D9: =C9/$H$3 | E9: =IF($B$20>0,B9/$B$20,0) | F9: =D9*E9 | G9: =G8+E9
A10: 5 | B10: 141302 | C10: 6930 | D10: =C10/$H$3 | E10: =IF($B$20>0,B10/$B$20,0) | F10: =D10*E10 | G10: =G9+E10
A11: 6 | B11: 163313 | C11: 1980 | D11: =C11/$H$3 | E11: =IF($B$20>0,B11/$B$20,0) | F11: =D11*E11 | G11: =G10+E11
A12: 7 | B12: 163313 | C12: 1980 | D12: =C12/$H$3 | E12: =IF($B$20>0,B12/$B$20,0) | F12: =D12*E12 | G12: =G11+E12
A13: 8 | B13: 163313 | C13: 1980 | D13: =C13/$H$3 | E13: =IF($B$20>0,B13/$B$20,0) | F13: =D13*E13 | G13: =G12+E13
A14: 9 | B14: 141302 | C14: 6930 | D14: =C14/$H$3 | E14: =IF($B$20>0,B14/$B$20,0) | F14: =D14*E14 | G14: =G13+E14
A15: 10 | B15: 96980 | C15: 19800 | D15: =C15/$H$3 | E15: =IF($B$20>0,B15/$B$20,0) | F15: =D15*E15 | G15: =G14+E15
A16: 11 | B16: 16582 | C16: 80190 | D16: =C16/$H$3 | E16: =IF($B$20>0,B16/$B$20,0) | F16: =D16*E16 | G16: =G15+E16
A17: 12 | B17: 166 | C17: 237600 | D17: =C17/$H$3 | E17: =IF($B$20>0,B17/$B$20,0) | F17: =D17*E17 | G17: =G16+E17
A18: 13 | B18: 1 | C18: 1683000 | D18: =C18/$H$3 | E18: =IF($B$20>0,B18/$B$20,0) | F18: =D18*E18 | G18: =G17+E18
A20: CHECK_SUMS | B20: =SUM(B7:B18) | C20: payout_raw_sum | D20: =SUM(D7:D18) | E20: =SUM(E7:E18) | F20: =SUM(F7:F18) | G20: =IF($B$3>0,F20/$B$3,0) | H20: =IF($D$3="","N/A",ABS(G20-$D$3)<=$F$3)
A21: rtp_drift | B21: =IF($D$3="","",G20-$D$3)
A22: prob_sum_check | B22: =ABS(E20-1)<=1E-9
A23: max_win_value | B23: =MAX(D7:D18)
A24: max_win_probability | B24: =SUMIFS(E7:E18,D7:D18,B23)
A25: outcome_rows | B25: =ROWS(A7:A18)
A26: unique_multipliers | B26: =SUMPRODUCT(1/COUNTIF(D7:D18,D7:D18))
A27: max_exposure_with_max_bet | B27: =B23*500.0

Sheet buy100_high_13
A1: buy100_high_13 Lookup Detail
A2: Derived from lookup rows
A3: Cost | B3: 99 | C3: Target RTP | D3: 0.9605 | E3: RTP Tol | F3: 0.01 | G3: Payout Scale | H3: 100
A5: Rows
A6: sim_id | B6: weight | C6: payout_raw | D6: payout_scaled | E6: probability | F6: weighted_payout | G6: cumulative_probability
A7: 2 | B7: 4 | C7: 366300 | D7: =C7/$H$3 | E7: =IF($B$21>0,B7/$B$21,0) | F7: =D7*E7 | G7: =E7
A8: 3 | B8: 7209 | C8: 108900 | D8: =C8/$H$3 | E8: =IF($B$21>0,B8/$B$21,0) | F8: =D8*E8 | G8: =G7+E8
A9: 4 | B9: 53155 | C9: 39600 | D9: =C9/$H$3 | E9: =IF($B$21>0,B9/$B$21,0) | F9: =D9*E9 | G9: =G8+E9
A10: 5 | B10: 125144 | C10: 9900 | D10: =C10/$H$3 | E10: =IF($B$21>0,B10/$B$21,0) | F10: =D10*E10 | G10: =G9+E10
A11: 6 | B11: 157244 | C11: 1980 | D11: =C11/$H$3 | E11: =IF($B$21>0,B11/$B$21,0) | F11: =D11*E11 | G11: =G10+E11
A12: 7 | B12: 157244 | C12: 1980 | D12: =C12/$H$3 | E12: =IF($B$21>0,B12/$B$21,0) | F12: =D12*E12 | G12: =G11+E12
A13: 8 | B13: 157244 | C13: 1980 | D13: =C13/$H$3 | E13: =IF($B$21>0,B13/$B$21,0) | F13: =D13*E13 | G13: =G12+E13
A14: 9 | B14: 157243 | C14: 1980 | D14: =C14/$H$3 | E14: =IF($B$21>0,B14/$B$21,0) | F14: =D14*E14 | G14: =G13+E14
A15: 10 | B15: 125144 | C15: 9900 | D15: =C15/$H$3 | E15: =IF($B$21>0,B15/$B$21,0) | F15: =D15*E15 | G15: =G14+E15
A16: 11 | B16: 53155 | C16: 39600 | D16: =C16/$H$3 | E16: =IF($B$21>0,B16/$B$21,0) | F16: =D16*E16 | G16: =G15+E16
A17: 12 | B17: 7209 | C17: 108900 | D17: =C17/$H$3 | E17: =IF($B$21>0,B17/$B$21,0) | F17: =D17*E17 | G17: =G16+E17
A18: 13 | B18: 4 | C18: 366300 | D18: =C18/$H$3 | E18: =IF($B$21>0,B18/$B$21,0) | F18: =D18*E18 | G18: =G17+E18
A19: 14 | B19: 1 | C19: 2574000 | D19: =C19/$H$3 | E19: =IF($B$21>0,B19/$B$21,0) | F19: =D19*E19 | G19: =G18+E19
A21: CHECK_SUMS | B21: =SUM(B7:B19) | C21: payout_raw_sum | D21: =SUM(D7:D19) | E21: =SUM(E7:E19) | F21: =SUM(F7:F19) | G21: =IF($B$3>0,F21/$B$3,0) | H21: =IF($D$3="","N/A",ABS(G21-$D$3)<=$F$3)
A22: rtp_drift | B22: =IF($D$3="","",G21-$D$3)
A23: prob_sum_check | B23: =ABS(E21-1)<=1E-9
A24: max_win_value | B24: =MAX(D7:D19)
A25: max_win_probability | B25: =SUMIFS(E7:E19,D7:D19,B24)
A26: outcome_rows | B26: =ROWS(A7:A19)
A27: unique_multipliers | B27: =SUMPRODUCT(1/COUNTIF(D7:D19,D7:D19))
A28: max_exposure_with_max_bet | B28: =B24*500.0

Sheet buy100_high_14
A1: buy100_high_14 Lookup Detail
A2: Derived from lookup rows
A3: Cost | B3: 99 | C3: Target RTP | D3: 0.9605 | E3: RTP Tol | F3: 0.01 | G3: Payout Scale | H3: 100
A5: Rows
A6: sim_id | B6: weight | C6: payout_raw | D6: payout_scaled | E6: probability | F6: weighted_payout | G6: cumulative_probability
A7: 3 | B7: 1079 | C7: 178200 | D7: =C7/$H$3 | E7: =IF($B$20>0,B7/$B$20,0) | F7: =D7*E7 | G7: =E7
A8: 4 | B8: 39331 | C8: 49500 | D8: =C8/$H$3 | E8: =IF($B$20>0,B8/$B$20,0) | F8: =D8*E8 | G8: =G7+E8
A9: 5 | B9: 92711 | C9: 18810 | D9: =C9/$H$3 | E9: =IF($B$20>0,B9/$B$20,0) | F9: =D9*E9 | G9: =G8+E9
A10: 6 | B10: 144323 | C10: 2970 | D10: =C10/$H$3 | E10: =IF($B$20>0,B10/$B$20,0) | F10: =D10*E10 | G10: =G9+E10
A11: 7 | B11: 148371 | C11: 1980 | D11: =C11/$H$3 | E11: =IF($B$20>0,B11/$B$20,0) | F11: =D11*E11 | G11: =G10+E11
A12: 8 | B12: 148370 | C12: 1980 | D12: =C12/$H$3 | E12: =IF($B$20>0,B12/$B$20,0) | F12: =D12*E12 | G12: =G11+E12
A13: 9 | B13: 148370 | C13: 1980 | D13: =C13/$H$3 | E13: =IF($B$20>0,B13/$B$20,0) | F13: =D13*E13 | G13: =G12+E13
A14: 10 | B14: 144323 | C14: 2970 | D14: =C14/$H$3 | E14: =IF($B$20>0,B14/$B$20,0) | F14: =D14*E14 | G14: =G13+E14
A15: 11 | B15: 92711 | C15: 18810 | D15: =C15/$H$3 | E15: =IF($B$20>0,B15/$B$20,0) | F15: =D15*E15 | G15: =G14+E15
A16: 12 | B16: 39331 | C16: 49500 | D16: =C16/$H$3 | E16: =IF($B$20>0,B16/$B$20,0) | F16: =D16*E16 | G16: =G15+E16
A17: 13 | B17: 1079 | C17: 178200 | D17: =C17/$H$3 | E17: =IF($B$20>0,B17/$B$20,0) | F17: =D17*E17 | G17: =G16+E17
A18: 15 | B18: 1 | C18: 4158000 | D18: =C18/$H$3 | E18: =IF($B$20>0,B18/$B$20,0) | F18: =D18*E18 | G18: =G17+E18
A20: CHECK_SUMS | B20: =SUM(B7:B18) | C20: payout_raw_sum | D20: =SUM(D7:D18) | E20: =SUM(E7:E18) | F20: =SUM(F7:F18) | G20: =IF($B$3>0,F20/$B$3,0) | H20: =IF($D$3="","N/A",ABS(G20-$D$3)<=$F$3)
A21: rtp_drift | B21: =IF($D$3="","",G20-$D$3)
A22: prob_sum_check | B22: =ABS(E20-1)<=1E-9
A23: max_win_value | B23: =MAX(D7:D18)
A24: max_win_probability | B24: =SUMIFS(E7:E18,D7:D18,B23)
A25: outcome_rows | B25: =ROWS(A7:A18)
A26: unique_multipliers | B26: =SUMPRODUCT(1/COUNTIF(D7:D18,D7:D18))
A27: max_exposure_with_max_bet | B27: =B23*500.0

Sheet buy100_high_15
A1: buy100_high_15 Lookup Detail
A2: Derived from lookup rows
A3: Cost | B3: 99 | C3: Target RTP | D3: 0.9605 | E3: RTP Tol | F3: 0.01 | G3: Payout Scale | H3: 100
A5: Rows
A6: sim_id | B6: weight | C6: payout_raw | D6: payout_scaled | E6: probability | F6: weighted_payout | G6: cumulative_probability
A7: 3 | B7: 136 | C7: 267300 | D7: =C7/$H$3 | E7: =IF($B$21>0,B7/$B$21,0) | F7: =D7*E7 | G7: =E7
A8: 4 | B8: 18698 | C8: 79200 | D8: =C8/$H$3 | E8: =IF($B$21>0,B8/$B$21,0) | F8: =D8*E8 | G8: =G7+E8
A9: 5 | B9: 68315 | C9: 29700 | D9: =C9/$H$3 | E9: =IF($B$21>0,B9/$B$21,0) | F9: =D9*E9 | G9: =G8+E9
A10: 6 | B10: 130579 | C10: 4950 | D10: =C10/$H$3 | E10: =IF($B$21>0,B10/$B$21,0) | F10: =D10*E10 | G10: =G9+E10
A11: 7 | B11: 141136 | C11: 1980 | D11: =C11/$H$3 | E11: =IF($B$21>0,B11/$B$21,0) | F11: =D11*E11 | G11: =G10+E11
A12: 8 | B12: 141136 | C12: 1980 | D12: =C12/$H$3 | E12: =IF($B$21>0,B12/$B$21,0) | F12: =D12*E12 | G12: =G11+E12
A13: 9 | B13: 141136 | C13: 1980 | D13: =C13/$H$3 | E13: =IF($B$21>0,B13/$B$21,0) | F13: =D13*E13 | G13: =G12+E13
A14: 10 | B14: 141136 | C14: 1980 | D14: =C14/$H$3 | E14: =IF($B$21>0,B14/$B$21,0) | F14: =D14*E14 | G14: =G13+E14
A15: 11 | B15: 130579 | C15: 4950 | D15: =C15/$H$3 | E15: =IF($B$21>0,B15/$B$21,0) | F15: =D15*E15 | G15: =G14+E15
A16: 12 | B16: 68314 | C16: 29700 | D16: =C16/$H$3 | E16: =IF($B$21>0,B16/$B$21,0) | F16: =D16*E16 | G16: =G15+E16
A17: 13 | B17: 18698 | C17: 79200 | D17: =C17/$H$3 | E17: =IF($B$21>0,B17/$B$21,0) | F17: =D17*E17 | G17: =G16+E17
A18: 14 | B18: 136 | C18: 267300 | D18: =C18/$H$3 | E18: =IF($B$21>0,B18/$B$21,0) | F18: =D18*E18 | G18: =G17+E18
A19: 16 | B19: 1 | C19: 6138000 | D19: =C19/$H$3 | E19: =IF($B$21>0,B19/$B$21,0) | F19: =D19*E19 | G19: =G18+E19
A21: CHECK_SUMS | B21: =SUM(B7:B19) | C21: payout_raw_sum | D21: =SUM(D7:D19) | E21: =SUM(E7:E19) | F21: =SUM(F7:F19) | G21: =IF($B$3>0,F21/$B$3,0) | H21: =IF($D$3="","N/A",ABS(G21-$D$3)<=$F$3)
A22: rtp_drift | B22: =IF($D$3="","",G21-$D$3)
A23: prob_sum_check | B23: =ABS(E21-1)<=1E-9
A24: max_win_value | B24: =MAX(D7:D19)
A25: max_win_probability | B25: =SUMIFS(E7:E19,D7:D19,B24)
A26: outcome_rows | B26: =ROWS(A7:A19)
A27: unique_multipliers | B27: =SUMPRODUCT(1/COUNTIF(D7:D19,D7:D19))
A28: max_exposure_with_max_bet | B28: =B24*500.0

Sheet buy100_high_16
A1: buy100_high_16 Lookup Detail
A2: Derived from lookup rows
A3: Cost | B3: 99 | C3: Target RTP | D3: 0.9605 | E3: RTP Tol | F3: 0.01 | G3: Payout Scale | H3: 100
A5: Rows
A6: sim_id | B6: weight | C6: payout_raw | D6: payout_scaled | E6: probability | F6: weighted_payout | G6: cumulative_probability
A7: 3 | B7: 31 | C7: 257400 | D7: =C7/$H$3 | E7: =IF($B$22>0,B7/$B$22,0) | F7: =D7*E7 | G7: =E7
A8: 4 | B8: 8163 | C8: 89100 | D8: =C8/$H$3 | E8: =IF($B$22>0,B8/$B$22,0) | F8: =D8*E8 | G8: =G7+E8
A9: 5 | B9: 42226 | C9: 39600 | D9: =C9/$H$3 | E9: =IF($B$22>0,B9/$B$22,0) | F9: =D9*E9 | G9: =G8+E9
A10: 6 | B10: 81484 | C10: 19800 | D10: =C10/$H$3 | E10: =IF($B$22>0,B10/$B$22,0) | F10: =D10*E10 | G10: =G9+E10
A11: 7 | B11: 147239 | C11: 1980 | D11: =C11/$H$3 | E11: =IF($B$22>0,B11/$B$22,0) | F11: =D11*E11 | G11: =G10+E11
A12: 8 | B12: 147238 | C12: 1980 | D12: =C12/$H$3 | E12: =IF($B$22>0,B12/$B$22,0) | F12: =D12*E12 | G12: =G11+E12
A13: 9 | B13: 147238 | C13: 1980 | D13: =C13/$H$3 | E13: =IF($B$22>0,B13/$B$22,0) | F13: =D13*E13 | G13: =G12+E13
A14: 10 | B14: 147238 | C14: 1980 | D14: =C14/$H$3 | E14: =IF($B$22>0,B14/$B$22,0) | F14: =D14*E14 | G14: =G13+E14
A15: 11 | B15: 147238 | C15: 1980 | D15: =C15/$H$3 | E15: =IF($B$22>0,B15/$B$22,0) | F15: =D15*E15 | G15: =G14+E15
A16: 12 | B16: 81484 | C16: 19800 | D16: =C16/$H$3 | E16: =IF($B$22>0,B16/$B$22,0) | F16: =D16*E16 | G16: =G15+E16
A17: 13 | B17: 42226 | C17: 39600 | D17: =C17/$H$3 | E17: =IF($B$22>0,B17/$B$22,0) | F17: =D17*E17 | G17: =G16+E17
A18: 14 | B18: 8163 | C18: 89100 | D18: =C18/$H$3 | E18: =IF($B$22>0,B18/$B$22,0) | F18: =D18*E18 | G18: =G17+E18
A19: 15 | B19: 31 | C19: 257400 | D19: =C19/$H$3 | E19: =IF($B$22>0,B19/$B$22,0) | F19: =D19*E19 | G19: =G18+E19
A20: 17 | B20: 1 | C20: 9900000 | D20: =C20/$H$3 | E20: =IF($B$22>0,B20/$B$22,0) | F20: =D20*E20 | G20: =G19+E20
A22: CHECK_SUMS | B22: =SUM(B7:B20) | C22: payout_raw_sum | D22: =SUM(D7:D20) | E22: =SUM(E7:E20) | F22: =SUM(F7:F20) | G22: =IF($B$3>0,F22/$B$3,0) | H22: =IF($D$3="","N/A",ABS(G22-$D$3)<=$F$3)
A23: rtp_drift | B23: =IF($D$3="","",G22-$D$3)
A24: prob_sum_check | B24: =ABS(E22-1)<=1E-9
A25: max_win_value | B25: =MAX(D7:D20)
A26: max_win_probability | B26: =SUMIFS(E7:E20,D7:D20,B25)
A27: outcome_rows | B27: =ROWS(A7:A20)
A28: unique_multipliers | B28: =SUMPRODUCT(1/COUNTIF(D7:D20,D7:D20))
A29: max_exposure_with_max_bet | B29: =B25*500.0

Sheet buy100_high_8
A1: buy100_high_8 Lookup Detail
A2: Derived from lookup rows
A3: Cost | B3: 99 | C3: Target RTP | D3: 0.9605 | E3: RTP Tol | F3: 0.01 | G3: Payout Scale | H3: 100
A5: Rows
A6: sim_id | B6: weight | C6: payout_raw | D6: payout_scaled | E6: probability | F6: weighted_payout | G6: cumulative_probability
A7: 1 | B7: 3 | C7: 287100 | D7: =C7/$H$3 | E7: =IF($B$17>0,B7/$B$17,0) | F7: =D7*E7 | G7: =E7
A8: 2 | B8: 49565 | C8: 39600 | D8: =C8/$H$3 | E8: =IF($B$17>0,B8/$B$17,0) | F8: =D8*E8 | G8: =G7+E8
A9: 3 | B9: 131430 | C9: 14850 | D9: =C9/$H$3 | E9: =IF($B$17>0,B9/$B$17,0) | F9: =D9*E9 | G9: =G8+E9
A10: 4 | B10: 209886 | C10: 2970 | D10: =C10/$H$3 | E10: =IF($B$17>0,B10/$B$17,0) | F10: =D10*E10 | G10: =G9+E10
A11: 5 | B11: 218234 | C11: 1980 | D11: =C11/$H$3 | E11: =IF($B$17>0,B11/$B$17,0) | F11: =D11*E11 | G11: =G10+E11
A12: 6 | B12: 209886 | C12: 2970 | D12: =C12/$H$3 | E12: =IF($B$17>0,B12/$B$17,0) | F12: =D12*E12 | G12: =G11+E12
A13: 7 | B13: 131430 | C13: 14850 | D13: =C13/$H$3 | E13: =IF($B$17>0,B13/$B$17,0) | F13: =D13*E13 | G13: =G12+E13
A14: 8 | B14: 49565 | C14: 39600 | D14: =C14/$H$3 | E14: =IF($B$17>0,B14/$B$17,0) | F14: =D14*E14 | G14: =G13+E14
A15: 9 | B15: 1 | C15: 287100 | D15: =C15/$H$3 | E15: =IF($B$17>0,B15/$B$17,0) | F15: =D15*E15 | G15: =G14+E15
A17: CHECK_SUMS | B17: =SUM(B7:B15) | C17: payout_raw_sum | D17: =SUM(D7:D15) | E17: =SUM(E7:E15) | F17: =SUM(F7:F15) | G17: =IF($B$3>0,F17/$B$3,0) | H17: =IF($D$3="","N/A",ABS(G17-$D$3)<=$F$3)
A18: rtp_drift | B18: =IF($D$3="","",G17-$D$3)
A19: prob_sum_check | B19: =ABS(E17-1)<=1E-9
A20: max_win_value | B20: =MAX(D7:D15)
A21: max_win_probability | B21: =SUMIFS(E7:E15,D7:D15,B20)
A22: outcome_rows | B22: =ROWS(A7:A15)
A23: unique_multipliers | B23: =SUMPRODUCT(1/COUNTIF(D7:D15,D7:D15))
A24: max_exposure_with_max_bet | B24: =B20*500.0

Sheet buy100_high_9
A1: buy100_high_9 Lookup Detail
A2: Derived from lookup rows
A3: Cost | B3: 99 | C3: Target RTP | D3: 0.9605 | E3: RTP Tol | F3: 0.01 | G3: Payout Scale | H3: 100
A5: Rows
A6: sim_id | B6: weight | C6: payout_raw | D6: payout_scaled | E6: probability | F6: weighted_payout | G6: cumulative_probability
A7: 2 | B7: 17622 | C7: 69300 | D7: =C7/$H$3 | E7: =IF($B$17>0,B7/$B$17,0) | F7: =D7*E7 | G7: =E7
A8: 3 | B8: 105820 | C8: 19800 | D8: =C8/$H$3 | E8: =IF($B$17>0,B8/$B$17,0) | F8: =D8*E8 | G8: =G7+E8
A9: 4 | B9: 174802 | C9: 5940 | D9: =C9/$H$3 | E9: =IF($B$17>0,B9/$B$17,0) | F9: =D9*E9 | G9: =G8+E9
A10: 5 | B10: 201756 | C10: 1980 | D10: =C10/$H$3 | E10: =IF($B$17>0,B10/$B$17,0) | F10: =D10*E10 | G10: =G9+E10
A11: 6 | B11: 201756 | C11: 1980 | D11: =C11/$H$3 | E11: =IF($B$17>0,B11/$B$17,0) | F11: =D11*E11 | G11: =G10+E11
A12: 7 | B12: 174802 | C12: 5940 | D12: =C12/$H$3 | E12: =IF($B$17>0,B12/$B$17,0) | F12: =D12*E12 | G12: =G11+E12
A13: 8 | B13: 105819 | C13: 19800 | D13: =C13/$H$3 | E13: =IF($B$17>0,B13/$B$17,0) | F13: =D13*E13 | G13: =G12+E13
A14: 9 | B14: 17622 | C14: 69300 | D14: =C14/$H$3 | E14: =IF($B$17>0,B14/$B$17,0) | F14: =D14*E14 | G14: =G13+E14
A15: 10 | B15: 1 | C15: 425700 | D15: =C15/$H$3 | E15: =IF($B$17>0,B15/$B$17,0) | F15: =D15*E15 | G15: =G14+E15
A17: CHECK_SUMS | B17: =SUM(B7:B15) | C17: payout_raw_sum | D17: =SUM(D7:D15) | E17: =SUM(E7:E15) | F17: =SUM(F7:F15) | G17: =IF($B$3>0,F17/$B$3,0) | H17: =IF($D$3="","N/A",ABS(G17-$D$3)<=$F$3)
A18: rtp_drift | B18: =IF($D$3="","",G17-$D$3)
A19: prob_sum_check | B19: =ABS(E17-1)<=1E-9
A20: max_win_value | B20: =MAX(D7:D15)
A21: max_win_probability | B21: =SUMIFS(E7:E15,D7:D15,B20)
A22: outcome_rows | B22: =ROWS(A7:A15)
A23: unique_multipliers | B23: =SUMPRODUCT(1/COUNTIF(D7:D15,D7:D15))
A24: max_exposure_with_max_bet | B24: =B20*500.0

Sheet buy100_low_10
A1: buy100_low_10 Lookup Detail
A2: Derived from lookup rows
A3: Cost | B3: 99 | C3: Target RTP | D3: 0.9605 | E3: RTP Tol | F3: 0.01 | G3: Payout Scale | H3: 100
A5: Rows
A6: sim_id | B6: weight | C6: payout_raw | D6: payout_scaled | E6: probability | F6: weighted_payout | G6: cumulative_probability
A7: 1 | B7: 1 | C7: 88110 | D7: =C7/$H$3 | E7: =IF($B$19>0,B7/$B$19,0) | F7: =D7*E7 | G7: =E7
A8: 2 | B8: 6697 | C8: 29700 | D8: =C8/$H$3 | E8: =IF($B$19>0,B8/$B$19,0) | F8: =D8*E8 | G8: =G7+E8
A9: 3 | B9: 77086 | C9: 13860 | D9: =C9/$H$3 | E9: =IF($B$19>0,B9/$B$19,0) | F9: =D9*E9 | G9: =G8+E9
A10: 4 | B10: 121881 | C10: 10890 | D10: =C10/$H$3 | E10: =IF($B$19>0,B10/$B$19,0) | F10: =D10*E10 | G10: =G9+E10
A11: 5 | B11: 141990 | C11: 9900 | D11: =C11/$H$3 | E11: =IF($B$19>0,B11/$B$19,0) | F11: =D11*E11 | G11: =G10+E11
A12: 6 | B12: 304691 | C12: 4950 | D12: =C12/$H$3 | E12: =IF($B$19>0,B12/$B$19,0) | F12: =D12*E12 | G12: =G11+E12
A13: 7 | B13: 141990 | C13: 9900 | D13: =C13/$H$3 | E13: =IF($B$19>0,B13/$B$19,0) | F13: =D13*E13 | G13: =G12+E13
A14: 8 | B14: 121881 | C14: 10890 | D14: =C14/$H$3 | E14: =IF($B$19>0,B14/$B$19,0) | F14: =D14*E14 | G14: =G13+E14
A15: 9 | B15: 77086 | C15: 13860 | D15: =C15/$H$3 | E15: =IF($B$19>0,B15/$B$19,0) | F15: =D15*E15 | G15: =G14+E15
A16: 10 | B16: 6696 | C16: 29700 | D16: =C16/$H$3 | E16: =IF($B$19>0,B16/$B$19,0) | F16: =D16*E16 | G16: =G15+E16
A17: 11 | B17: 1 | C17: 88110 | D17: =C17/$H$3 | E17: =IF($B$19>0,B17/$B$19,0) | F17: =D17*E17 | G17: =G16+E17
A19: CHECK_SUMS | B19: =SUM(B7:B17) | C19: payout_raw_sum | D19: =SUM(D7:D17) | E19: =SUM(E7:E17) | F19: =SUM(F7:F17) | G19: =IF($B$3>0,F19/$B$3,0) | H19: =IF($D$3="","N/A",ABS(G19-$D$3)<=$F$3)
A20: rtp_drift | B20: =IF($D$3="","",G19-$D$3)
A21: prob_sum_check | B21: =ABS(E19-1)<=1E-9
A22: max_win_value | B22: =MAX(D7:D17)
A23: max_win_probability | B23: =SUMIFS(E7:E17,D7:D17,B22)
A24: outcome_rows | B24: =ROWS(A7:A17)
A25: unique_multipliers | B25: =SUMPRODUCT(1/COUNTIF(D7:D17,D7:D17))
A26: max_exposure_with_max_bet | B26: =B22*500.0

Sheet buy100_low_11
A1: buy100_low_11 Lookup Detail
A2: Derived from lookup rows
A3: Cost | B3: 99 | C3: Target RTP | D3: 0.9605 | E3: RTP Tol | F3: 0.01 | G3: Payout Scale | H3: 100
A5: Rows
A6: sim_id | B6: weight | C6: payout_raw | D6: payout_scaled | E6: probability | F6: weighted_payout | G6: cumulative_probability
A7: 2 | B7: 3366 | C7: 29700 | D7: =C7/$H$3 | E7: =IF($B$19>0,B7/$B$19,0) | F7: =D7*E7 | G7: =E7
A8: 3 | B8: 26312 | C8: 18810 | D8: =C8/$H$3 | E8: =IF($B$19>0,B8/$B$19,0) | F8: =D8*E8 | G8: =G7+E8
A9: 4 | B9: 80781 | C9: 12870 | D9: =C9/$H$3 | E9: =IF($B$19>0,B9/$B$19,0) | F9: =D9*E9 | G9: =G8+E9
A10: 5 | B10: 141540 | C10: 9900 | D10: =C10/$H$3 | E10: =IF($B$19>0,B10/$B$19,0) | F10: =D10*E10 | G10: =G9+E10
A11: 6 | B11: 248001 | C11: 6930 | D11: =C11/$H$3 | E11: =IF($B$19>0,B11/$B$19,0) | F11: =D11*E11 | G11: =G10+E11
A12: 7 | B12: 248001 | C12: 6930 | D12: =C12/$H$3 | E12: =IF($B$19>0,B12/$B$19,0) | F12: =D12*E12 | G12: =G11+E12
A13: 8 | B13: 141540 | C13: 9900 | D13: =C13/$H$3 | E13: =IF($B$19>0,B13/$B$19,0) | F13: =D13*E13 | G13: =G12+E13
A14: 9 | B14: 80780 | C14: 12870 | D14: =C14/$H$3 | E14: =IF($B$19>0,B14/$B$19,0) | F14: =D14*E14 | G14: =G13+E14
A15: 10 | B15: 26312 | C15: 18810 | D15: =C15/$H$3 | E15: =IF($B$19>0,B15/$B$19,0) | F15: =D15*E15 | G15: =G14+E15
A16: 11 | B16: 3366 | C16: 29700 | D16: =C16/$H$3 | E16: =IF($B$19>0,B16/$B$19,0) | F16: =D16*E16 | G16: =G15+E16
A17: 12 | B17: 1 | C17: 83160 | D17: =C17/$H$3 | E17: =IF($B$19>0,B17/$B$19,0) | F17: =D17*E17 | G17: =G16+E17
A19: CHECK_SUMS | B19: =SUM(B7:B17) | C19: payout_raw_sum | D19: =SUM(D7:D17) | E19: =SUM(E7:E17) | F19: =SUM(F7:F17) | G19: =IF($B$3>0,F19/$B$3,0) | H19: =IF($D$3="","N/A",ABS(G19-$D$3)<=$F$3)
A20: rtp_drift | B20: =IF($D$3="","",G19-$D$3)
A21: prob_sum_check | B21: =ABS(E19-1)<=1E-9
A22: max_win_value | B22: =MAX(D7:D17)
A23: max_win_probability | B23: =SUMIFS(E7:E17,D7:D17,B22)
A24: outcome_rows | B24: =ROWS(A7:A17)
A25: unique_multipliers | B25: =SUMPRODUCT(1/COUNTIF(D7:D17,D7:D17))
A26: max_exposure_with_max_bet | B26: =B22*500.0

Sheet buy100_low_12
A1: buy100_low_12 Lookup Detail
A2: Derived from lookup rows
A3: Cost | B3: 99 | C3: Target RTP | D3: 0.9605 | E3: RTP Tol | F3: 0.01 | G3: Payout Scale | H3: 100
A5: Rows
A6: sim_id | B6: weight | C6: payout_raw | D6: payout_scaled | E6: probability | F6: weighted_payout | G6: cumulative_probability
A7: 2 | B7: 2704 | C7: 29700 | D7: =C7/$H$3 | E7: =IF($B$20>0,B7/$B$20,0) | F7: =D7*E7 | G7: =E7
A8: 3 | B8: 40044 | C8: 15840 | D8: =C8/$H$3 | E8: =IF($B$20>0,B8/$B$20,0) | F8: =D8*E8 | G8: =G7+E8
A9: 4 | B9: 58851 | C9: 13860 | D9: =C9/$H$3 | E9: =IF($B$20>0,B9/$B$20,0) | F9: =D9*E9 | G9: =G8+E9
A10: 5 | B10: 104855 | C10: 10890 | D10: =C10/$H$3 | E10: =IF($B$20>0,B10/$B$20,0) | F10: =D10*E10 | G10: =G9+E10
A11: 6 | B11: 127117 | C11: 9900 | D11: =C11/$H$3 | E11: =IF($B$20>0,B11/$B$20,0) | F11: =D11*E11 | G11: =G10+E11
A12: 7 | B12: 332858 | C12: 4950 | D12: =C12/$H$3 | E12: =IF($B$20>0,B12/$B$20,0) | F12: =D12*E12 | G12: =G11+E12
A13: 8 | B13: 127116 | C13: 9900 | D13: =C13/$H$3 | E13: =IF($B$20>0,B13/$B$20,0) | F13: =D13*E13 | G13: =G12+E13
A14: 9 | B14: 104855 | C14: 10890 | D14: =C14/$H$3 | E14: =IF($B$20>0,B14/$B$20,0) | F14: =D14*E14 | G14: =G13+E14
A15: 10 | B15: 58851 | C15: 13860 | D15: =C15/$H$3 | E15: =IF($B$20>0,B15/$B$20,0) | F15: =D15*E15 | G15: =G14+E15
A16: 11 | B16: 40044 | C16: 15840 | D16: =C16/$H$3 | E16: =IF($B$20>0,B16/$B$20,0) | F16: =D16*E16 | G16: =G15+E16
A17: 12 | B17: 2704 | C17: 29700 | D17: =C17/$H$3 | E17: =IF($B$20>0,B17/$B$20,0) | F17: =D17*E17 | G17: =G16+E17
A18: 13 | B18: 1 | C18: 99000 | D18: =C18/$H$3 | E18: =IF($B$20>0,B18/$B$20,0) | F18: =D18*E18 | G18: =G17+E18
A20: CHECK_SUMS | B20: =SUM(B7:B18) | C20: payout_raw_sum | D20: =SUM(D7:D18) | E20: =SUM(E7:E18) | F20: =SUM(F7:F18) | G20: =IF($B$3>0,F20/$B$3,0) | H20: =IF($D$3="","N/A",ABS(G20-$D$3)<=$F$3)
A21: rtp_drift | B21: =IF($D$3="","",G20-$D$3)
A22: prob_sum_check | B22: =ABS(E20-1)<=1E-9
A23: max_win_value | B23: =MAX(D7:D18)
A24: max_win_probability | B24: =SUMIFS(E7:E18,D7:D18,B23)
A25: outcome_rows | B25: =ROWS(A7:A18)
A26: unique_multipliers | B26: =SUMPRODUCT(1/COUNTIF(D7:D18,D7:D18))
A27: max_exposure_with_max_bet | B27: =B23*500.0

Sheet buy100_low_13
A1: buy100_low_13 Lookup Detail
A2: Derived from lookup rows
A3: Cost | B3: 99 | C3: Target RTP | D3: 0.9605 | E3: RTP Tol | F3: 0.01 | G3: Payout Scale | H3: 100
A5: Rows
A6: sim_id | B6: weight | C6: payout_raw | D6: payout_scaled | E6: probability | F6: weighted_payout | G6: cumulative_probability
A7: 1 | B7: 1 | C7: 80190 | D7: =C7/$H$3 | E7: =IF($B$22>0,B7/$B$22,0) | F7: =D7*E7 | G7: =E7
A8: 2 | B8: 1015 | C8: 39600 | D8: =C8/$H$3 | E8: =IF($B$22>0,B8/$B$22,0) | F8: =D8*E8 | G8: =G7+E8
A9: 3 | B9: 5135 | C9: 29700 | D9: =C9/$H$3 | E9: =IF($B$22>0,B9/$B$22,0) | F9: =D9*E9 | G9: =G8+E9
A10: 4 | B10: 30550 | C10: 18810 | D10: =C10/$H$3 | E10: =IF($B$22>0,B10/$B$22,0) | F10: =D10*E10 | G10: =G9+E10
A11: 5 | B11: 95025 | C11: 11880 | D11: =C11/$H$3 | E11: =IF($B$22>0,B11/$B$22,0) | F11: =D11*E11 | G11: =G10+E11
A12: 6 | B12: 154545 | C12: 8910 | D12: =C12/$H$3 | E12: =IF($B$22>0,B12/$B$22,0) | F12: =D12*E12 | G12: =G11+E12
A13: 7 | B13: 213729 | C13: 6930 | D13: =C13/$H$3 | E13: =IF($B$22>0,B13/$B$22,0) | F13: =D13*E13 | G13: =G12+E13
A14: 8 | B14: 213729 | C14: 6930 | D14: =C14/$H$3 | E14: =IF($B$22>0,B14/$B$22,0) | F14: =D14*E14 | G14: =G13+E14
A15: 9 | B15: 154545 | C15: 8910 | D15: =C15/$H$3 | E15: =IF($B$22>0,B15/$B$22,0) | F15: =D15*E15 | G15: =G14+E15
A16: 10 | B16: 95025 | C16: 11880 | D16: =C16/$H$3 | E16: =IF($B$22>0,B16/$B$22,0) | F16: =D16*E16 | G16: =G15+E16
A17: 11 | B17: 30550 | C17: 18810 | D17: =C17/$H$3 | E17: =IF($B$22>0,B17/$B$22,0) | F17: =D17*E17 | G17: =G16+E17
A18: 12 | B18: 5135 | C18: 29700 | D18: =C18/$H$3 | E18: =IF($B$22>0,B18/$B$22,0) | F18: =D18*E18 | G18: =G17+E18
A19: 13 | B19: 1015 | C19: 39600 | D19: =C19/$H$3 | E19: =IF($B$22>0,B19/$B$22,0) | F19: =D19*E19 | G19: =G18+E19
A20: 14 | B20: 1 | C20: 80190 | D20: =C20/$H$3 | E20: =IF($B$22>0,B20/$B$22,0) | F20: =D20*E20 | G20: =G19+E20
A22: CHECK_SUMS | B22: =SUM(B7:B20) | C22: payout_raw_sum | D22: =SUM(D7:D20) | E22: =SUM(E7:E20) | F22: =SUM(F7:F20) | G22: =IF($B$3>0,F22/$B$3,0) | H22: =IF($D$3="","N/A",ABS(G22-$D$3)<=$F$3)
A23: rtp_drift | B23: =IF($D$3="","",G22-$D$3)
A24: prob_sum_check | B24: =ABS(E22-1)<=1E-9
A25: max_win_value | B25: =MAX(D7:D20)
A26: max_win_probability | B26: =SUMIFS(E7:E20,D7:D20,B25)
A27: outcome_rows | B27: =ROWS(A7:A20)
A28: unique_multipliers | B28: =SUMPRODUCT(1/COUNTIF(D7:D20,D7:D20))
A29: max_exposure_with_max_bet | B29: =B25*500.0

Sheet buy100_low_14
A1: buy100_low_14 Lookup Detail
A2: Derived from lookup rows
A3: Cost | B3: 99 | C3: Target RTP | D3: 0.9605 | E3: RTP Tol | F3: 0.01 | G3: Payout Scale | H3: 100
A5: Rows
A6: sim_id | B6: weight | C6: payout_raw | D6: payout_scaled | E6: probability | F6: weighted_payout | G6: cumulative_probability
A7: 2 | B7: 198 | C7: 39600 | D7: =C7/$H$3 | E7: =IF($B$22>0,B7/$B$22,0) | F7: =D7*E7 | G7: =E7
A8: 3 | B8: 17005 | C8: 18810 | D8: =C8/$H$3 | E8: =IF($B$22>0,B8/$B$22,0) | F8: =D8*E8 | G8: =G7+E8
A9: 4 | B9: 49100 | C9: 13860 | D9: =C9/$H$3 | E9: =IF($B$22>0,B9/$B$22,0) | F9: =D9*E9 | G9: =G8+E9
A10: 5 | B10: 60699 | C10: 12870 | D10: =C10/$H$3 | E10: =IF($B$22>0,B10/$B$22,0) | F10: =D10*E10 | G10: =G9+E10
A11: 6 | B11: 92764 | C11: 10890 | D11: =C11/$H$3 | E11: =IF($B$22>0,B11/$B$22,0) | F11: =D11*E11 | G11: =G10+E11
A12: 7 | B12: 114677 | C12: 9900 | D12: =C12/$H$3 | E12: =IF($B$22>0,B12/$B$22,0) | F12: =D12*E12 | G12: =G11+E12
A13: 8 | B13: 331113 | C13: 4950 | D13: =C13/$H$3 | E13: =IF($B$22>0,B13/$B$22,0) | F13: =D13*E13 | G13: =G12+E13
A14: 9 | B14: 114677 | C14: 9900 | D14: =C14/$H$3 | E14: =IF($B$22>0,B14/$B$22,0) | F14: =D14*E14 | G14: =G13+E14
A15: 10 | B15: 92764 | C15: 10890 | D15: =C15/$H$3 | E15: =IF($B$22>0,B15/$B$22,0) | F15: =D15*E15 | G15: =G14+E15
A16: 11 | B16: 60699 | C16: 12870 | D16: =C16/$H$3 | E16: =IF($B$22>0,B16/$B$22,0) | F16: =D16*E16 | G16: =G15+E16
A17: 12 | B17: 49100 | C17: 13860 | D17: =C17/$H$3 | E17: =IF($B$22>0,B17/$B$22,0) | F17: =D17*E17 | G17: =G16+E17
A18: 13 | B18: 17005 | C18: 18810 | D18: =C18/$H$3 | E18: =IF($B$22>0,B18/$B$22,0) | F18: =D18*E18 | G18: =G17+E18
A19: 14 | B19: 198 | C19: 39600 | D19: =C19/$H$3 | E19: =IF($B$22>0,B19/$B$22,0) | F19: =D19*E19 | G19: =G18+E19
A20: 15 | B20: 1 | C20: 70290 | D20: =C20/$H$3 | E20: =IF($B$22>0,B20/$B$22,0) | F20: =D20*E20 | G20: =G19+E20
A22: CHECK_SUMS | B22: =SUM(B7:B20) | C22: payout_raw_sum | D22: =SUM(D7:D20) | E22: =SUM(E7:E20) | F22: =SUM(F7:F20) | G22: =IF($B$3>0,F22/$B$3,0) | H22: =IF($D$3="","N/A",ABS(G22-$D$3)<=$F$3)
A23: rtp_drift | B23: =IF($D$3="","",G22-$D$3)
A24: prob_sum_check | B24: =ABS(E22-1)<=1E-9
A25: max_win_value | B25: =MAX(D7:D20)
A26: max_win_probability | B26: =SUMIFS(E7:E20,D7:D20,B25)
A27: outcome_rows | B27: =ROWS(A7:A20)
A28: unique_multipliers | B28: =SUMPRODUCT(1/COUNTIF(D7:D20,D7:D20))
A29: max_exposure_with_max_bet | B29: =B25*500.0

Sheet buy100_low_15
A1: buy100_low_15 Lookup Detail
A2: Derived from lookup rows
A3: Cost | B3: 99 | C3: Target RTP | D3: 0.9605 | E3: RTP Tol | F3: 0.01 | G3: Payout Scale | H3: 100
A5: Rows
A6: sim_id | B6: weight | C6: payout_raw | D6: payout_scaled | E6: probability | F6: weighted_payout | G6: cumulative_probability
A7: 3 | B7: 1713 | C7: 29700 | D7: =C7/$H$3 | E7: =IF($B$21>0,B7/$B$21,0) | F7: =D7*E7 | G7: =E7
A8: 4 | B8: 14313 | C8: 19800 | D8: =C8/$H$3 | E8: =IF($B$21>0,B8/$B$21,0) | F8: =D8*E8 | G8: =G7+E8
A9: 5 | B9: 41381 | C9: 14850 | D9: =C9/$H$3 | E9: =IF($B$21>0,B9/$B$21,0) | F9: =D9*E9 | G9: =G8+E9
A10: 6 | B10: 96751 | C10: 10890 | D10: =C10/$H$3 | E10: =IF($B$21>0,B10/$B$21,0) | F10: =D10*E10 | G10: =G9+E10
A11: 7 | B11: 119637 | C11: 9900 | D11: =C11/$H$3 | E11: =IF($B$21>0,B11/$B$21,0) | F11: =D11*E11 | G11: =G10+E11
A12: 8 | B12: 226205 | C12: 6930 | D12: =C12/$H$3 | E12: =IF($B$21>0,B12/$B$21,0) | F12: =D12*E12 | G12: =G11+E12
A13: 9 | B13: 226205 | C13: 6930 | D13: =C13/$H$3 | E13: =IF($B$21>0,B13/$B$21,0) | F13: =D13*E13 | G13: =G12+E13
A14: 10 | B14: 119637 | C14: 9900 | D14: =C14/$H$3 | E14: =IF($B$21>0,B14/$B$21,0) | F14: =D14*E14 | G14: =G13+E14
A15: 11 | B15: 96751 | C15: 10890 | D15: =C15/$H$3 | E15: =IF($B$21>0,B15/$B$21,0) | F15: =D15*E15 | G15: =G14+E15
A16: 12 | B16: 41381 | C16: 14850 | D16: =C16/$H$3 | E16: =IF($B$21>0,B16/$B$21,0) | F16: =D16*E16 | G16: =G15+E16
A17: 13 | B17: 14313 | C17: 19800 | D17: =C17/$H$3 | E17: =IF($B$21>0,B17/$B$21,0) | F17: =D17*E17 | G17: =G16+E17
A18: 14 | B18: 1712 | C18: 29700 | D18: =C18/$H$3 | E18: =IF($B$21>0,B18/$B$21,0) | F18: =D18*E18 | G18: =G17+E18
A19: 16 | B19: 1 | C19: 148500 | D19: =C19/$H$3 | E19: =IF($B$21>0,B19/$B$21,0) | F19: =D19*E19 | G19: =G18+E19
A21: CHECK_SUMS | B21: =SUM(B7:B19) | C21: payout_raw_sum | D21: =SUM(D7:D19) | E21: =SUM(E7:E19) | F21: =SUM(F7:F19) | G21: =IF($B$3>0,F21/$B$3,0) | H21: =IF($D$3="","N/A",ABS(G21-$D$3)<=$F$3)
A22: rtp_drift | B22: =IF($D$3="","",G21-$D$3)
A23: prob_sum_check | B23: =ABS(E21-1)<=1E-9
A24: max_win_value | B24: =MAX(D7:D19)
A25: max_win_probability | B25: =SUMIFS(E7:E19,D7:D19,B24)
A26: outcome_rows | B26: =ROWS(A7:A19)
A27: unique_multipliers | B27: =SUMPRODUCT(1/COUNTIF(D7:D19,D7:D19))
A28: max_exposure_with_max_bet | B28: =B24*500.0

Sheet buy100_low_16
A1: buy100_low_16 Lookup Detail
A2: Derived from lookup rows
A3: Cost | B3: 99 | C3: Target RTP | D3: 0.9605 | E3: RTP Tol | F3: 0.01 | G3: Payout Scale | H3: 100
A5: Rows
A6: sim_id | B6: weight | C6: payout_raw | D6: payout_scaled | E6: probability | F6: weighted_payout | G6: cumulative_probability
A7: 3 | B7: 9764 | C7: 19800 | D7: =C7/$H$3 | E7: =IF($B$22>0,B7/$B$22,0) | F7: =D7*E7 | G7: =E7
A8: 4 | B8: 39864 | C8: 13860 | D8: =C8/$H$3 | E8: =IF($B$22>0,B8/$B$22,0) | F8: =D8*E8 | G8: =G7+E8
A9: 5 | B9: 39864 | C9: 13860 | D9: =C9/$H$3 | E9: =IF($B$22>0,B9/$B$22,0) | F9: =D9*E9 | G9: =G8+E9
A10: 6 | B10: 63712 | C10: 11880 | D10: =C10/$H$3 | E10: =IF($B$22>0,B10/$B$22,0) | F10: =D10*E10 | G10: =G9+E10
A11: 7 | B11: 80547 | C11: 10890 | D11: =C11/$H$3 | E11: =IF($B$22>0,B11/$B$22,0) | F11: =D11*E11 | G11: =G10+E11
A12: 8 | B12: 101829 | C12: 9900 | D12: =C12/$H$3 | E12: =IF($B$22>0,B12/$B$22,0) | F12: =D12*E12 | G12: =G11+E12
A13: 9 | B13: 328840 | C13: 4950 | D13: =C13/$H$3 | E13: =IF($B$22>0,B13/$B$22,0) | F13: =D13*E13 | G13: =G12+E13
A14: 10 | B14: 101829 | C14: 9900 | D14: =C14/$H$3 | E14: =IF($B$22>0,B14/$B$22,0) | F14: =D14*E14 | G14: =G13+E14
A15: 11 | B15: 80546 | C15: 10890 | D15: =C15/$H$3 | E15: =IF($B$22>0,B15/$B$22,0) | F15: =D15*E15 | G15: =G14+E15
A16: 12 | B16: 63712 | C16: 11880 | D16: =C16/$H$3 | E16: =IF($B$22>0,B16/$B$22,0) | F16: =D16*E16 | G16: =G15+E16
A17: 13 | B17: 39864 | C17: 13860 | D17: =C17/$H$3 | E17: =IF($B$22>0,B17/$B$22,0) | F17: =D17*E17 | G17: =G16+E17
A18: 14 | B18: 39864 | C18: 13860 | D18: =C18/$H$3 | E18: =IF($B$22>0,B18/$B$22,0) | F18: =D18*E18 | G18: =G17+E18
A19: 15 | B19: 9764 | C19: 19800 | D19: =C19/$H$3 | E19: =IF($B$22>0,B19/$B$22,0) | F19: =D19*E19 | G19: =G18+E19
A20: 17 | B20: 1 | C20: 158400 | D20: =C20/$H$3 | E20: =IF($B$22>0,B20/$B$22,0) | F20: =D20*E20 | G20: =G19+E20
A22: CHECK_SUMS | B22: =SUM(B7:B20) | C22: payout_raw_sum | D22: =SUM(D7:D20) | E22: =SUM(E7:E20) | F22: =SUM(F7:F20) | G22: =IF($B$3>0,F22/$B$3,0) | H22: =IF($D$3="","N/A",ABS(G22-$D$3)<=$F$3)
A23: rtp_drift | B23: =IF($D$3="","",G22-$D$3)
A24: prob_sum_check | B24: =ABS(E22-1)<=1E-9
A25: max_win_value | B25: =MAX(D7:D20)
A26: max_win_probability | B26: =SUMIFS(E7:E20,D7:D20,B25)
A27: outcome_rows | B27: =ROWS(A7:A20)
A28: unique_multipliers | B28: =SUMPRODUCT(1/COUNTIF(D7:D20,D7:D20))
A29: max_exposure_with_max_bet | B29: =B25*500.0

Sheet buy100_low_8
A1: buy100_low_8 Lookup Detail
A2: Derived from lookup rows
A3: Cost | B3: 99 | C3: Target RTP | D3: 0.9605 | E3: RTP Tol | F3: 0.01 | G3: Payout Scale | H3: 100
A5: Rows
A6: sim_id | B6: weight | C6: payout_raw | D6: payout_scaled | E6: probability | F6: weighted_payout | G6: cumulative_probability
A7: 1 | B7: 413 | C7: 55440 | D7: =C7/$H$3 | E7: =IF($B$17>0,B7/$B$17,0) | F7: =D7*E7 | G7: =E7
A8: 2 | B8: 38932 | C8: 20790 | D8: =C8/$H$3 | E8: =IF($B$17>0,B8/$B$17,0) | F8: =D8*E8 | G8: =G7+E8
A9: 3 | B9: 142730 | C9: 10890 | D9: =C9/$H$3 | E9: =IF($B$17>0,B9/$B$17,0) | F9: =D9*E9 | G9: =G8+E9
A10: 4 | B10: 162531 | C10: 9900 | D10: =C10/$H$3 | E10: =IF($B$17>0,B10/$B$17,0) | F10: =D10*E10 | G10: =G9+E10
A11: 5 | B11: 311200 | C11: 4950 | D11: =C11/$H$3 | E11: =IF($B$17>0,B11/$B$17,0) | F11: =D11*E11 | G11: =G10+E11
A12: 6 | B12: 162531 | C12: 9900 | D12: =C12/$H$3 | E12: =IF($B$17>0,B12/$B$17,0) | F12: =D12*E12 | G12: =G11+E12
A13: 7 | B13: 142730 | C13: 10890 | D13: =C13/$H$3 | E13: =IF($B$17>0,B13/$B$17,0) | F13: =D13*E13 | G13: =G12+E13
A14: 8 | B14: 38932 | C14: 20790 | D14: =C14/$H$3 | E14: =IF($B$17>0,B14/$B$17,0) | F14: =D14*E14 | G14: =G13+E14
A15: 9 | B15: 1 | C15: 55440 | D15: =C15/$H$3 | E15: =IF($B$17>0,B15/$B$17,0) | F15: =D15*E15 | G15: =G14+E15
A17: CHECK_SUMS | B17: =SUM(B7:B15) | C17: payout_raw_sum | D17: =SUM(D7:D15) | E17: =SUM(E7:E15) | F17: =SUM(F7:F15) | G17: =IF($B$3>0,F17/$B$3,0) | H17: =IF($D$3="","N/A",ABS(G17-$D$3)<=$F$3)
A18: rtp_drift | B18: =IF($D$3="","",G17-$D$3)
A19: prob_sum_check | B19: =ABS(E17-1)<=1E-9
A20: max_win_value | B20: =MAX(D7:D15)
A21: max_win_probability | B21: =SUMIFS(E7:E15,D7:D15,B20)
A22: outcome_rows | B22: =ROWS(A7:A15)
A23: unique_multipliers | B23: =SUMPRODUCT(1/COUNTIF(D7:D15,D7:D15))
A24: max_exposure_with_max_bet | B24: =B20*500.0

Sheet buy100_low_9
A1: buy100_low_9 Lookup Detail
A2: Derived from lookup rows
A3: Cost | B3: 99 | C3: Target RTP | D3: 0.9605 | E3: RTP Tol | F3: 0.01 | G3: Payout Scale | H3: 100
A5: Rows
A6: sim_id | B6: weight | C6: payout_raw | D6: payout_scaled | E6: probability | F6: weighted_payout | G6: cumulative_probability
A7: 1 | B7: 47 | C7: 55440 | D7: =C7/$H$3 | E7: =IF($B$18>0,B7/$B$18,0) | F7: =D7*E7 | G7: =E7
A8: 2 | B8: 26763 | C8: 19800 | D8: =C8/$H$3 | E8: =IF($B$18>0,B8/$B$18,0) | F8: =D8*E8 | G8: =G7+E8
A9: 3 | B9: 54101 | C9: 15840 | D9: =C9/$H$3 | E9: =IF($B$18>0,B9/$B$18,0) | F9: =D9*E9 | G9: =G8+E9
A10: 4 | B10: 155495 | C10: 9900 | D10: =C10/$H$3 | E10: =IF($B$18>0,B10/$B$18,0) | F10: =D10*E10 | G10: =G9+E10
A11: 5 | B11: 263617 | C11: 6930 | D11: =C11/$H$3 | E11: =IF($B$18>0,B11/$B$18,0) | F11: =D11*E11 | G11: =G10+E11
A12: 6 | B12: 263617 | C12: 6930 | D12: =C12/$H$3 | E12: =IF($B$18>0,B12/$B$18,0) | F12: =D12*E12 | G12: =G11+E12
A13: 7 | B13: 155495 | C13: 9900 | D13: =C13/$H$3 | E13: =IF($B$18>0,B13/$B$18,0) | F13: =D13*E13 | G13: =G12+E13
A14: 8 | B14: 54101 | C14: 15840 | D14: =C14/$H$3 | E14: =IF($B$18>0,B14/$B$18,0) | F14: =D14*E14 | G14: =G13+E14
A15: 9 | B15: 26763 | C15: 19800 | D15: =C15/$H$3 | E15: =IF($B$18>0,B15/$B$18,0) | F15: =D15*E15 | G15: =G14+E15
A16: 10 | B16: 1 | C16: 55440 | D16: =C16/$H$3 | E16: =IF($B$18>0,B16/$B$18,0) | F16: =D16*E16 | G16: =G15+E16
A18: CHECK_SUMS | B18: =SUM(B7:B16) | C18: payout_raw_sum | D18: =SUM(D7:D16) | E18: =SUM(E7:E16) | F18: =SUM(F7:F16) | G18: =IF($B$3>0,F18/$B$3,0) | H18: =IF($D$3="","N/A",ABS(G18-$D$3)<=$F$3)
A19: rtp_drift | B19: =IF($D$3="","",G18-$D$3)
A20: prob_sum_check | B20: =ABS(E18-1)<=1E-9
A21: max_win_value | B21: =MAX(D7:D16)
A22: max_win_probability | B22: =SUMIFS(E7:E16,D7:D16,B21)
A23: outcome_rows | B23: =ROWS(A7:A16)
A24: unique_multipliers | B24: =SUMPRODUCT(1/COUNTIF(D7:D16,D7:D16))
A25: max_exposure_with_max_bet | B25: =B21*500.0

Sheet buy100_medium_10
A1: buy100_medium_10 Lookup Detail
A2: Derived from lookup rows
A3: Cost | B3: 99 | C3: Target RTP | D3: 0.9605 | E3: RTP Tol | F3: 0.01 | G3: Payout Scale | H3: 100
A5: Rows
A6: sim_id | B6: weight | C6: payout_raw | D6: payout_scaled | E6: probability | F6: weighted_payout | G6: cumulative_probability
A7: 2 | B7: 5970 | C7: 49500 | D7: =C7/$H$3 | E7: =IF($B$18>0,B7/$B$18,0) | F7: =D7*E7 | G7: =E7
A8: 3 | B8: 65987 | C8: 19800 | D8: =C8/$H$3 | E8: =IF($B$18>0,B8/$B$18,0) | F8: =D8*E8 | G8: =G7+E8
A9: 4 | B9: 106699 | C9: 13860 | D9: =C9/$H$3 | E9: =IF($B$18>0,B9/$B$18,0) | F9: =D9*E9 | G9: =G8+E9
A10: 5 | B10: 202502 | C10: 5940 | D10: =C10/$H$3 | E10: =IF($B$18>0,B10/$B$18,0) | F10: =D10*E10 | G10: =G9+E10
A11: 6 | B11: 237683 | C11: 3960 | D11: =C11/$H$3 | E11: =IF($B$18>0,B11/$B$18,0) | F11: =D11*E11 | G11: =G10+E11
A12: 7 | B12: 202502 | C12: 5940 | D12: =C12/$H$3 | E12: =IF($B$18>0,B12/$B$18,0) | F12: =D12*E12 | G12: =G11+E12
A13: 8 | B13: 106699 | C13: 13860 | D13: =C13/$H$3 | E13: =IF($B$18>0,B13/$B$18,0) | F13: =D13*E13 | G13: =G12+E13
A14: 9 | B14: 65987 | C14: 19800 | D14: =C14/$H$3 | E14: =IF($B$18>0,B14/$B$18,0) | F14: =D14*E14 | G14: =G13+E14
A15: 10 | B15: 5970 | C15: 49500 | D15: =C15/$H$3 | E15: =IF($B$18>0,B15/$B$18,0) | F15: =D15*E15 | G15: =G14+E15
A16: 11 | B16: 1 | C16: 217800 | D16: =C16/$H$3 | E16: =IF($B$18>0,B16/$B$18,0) | F16: =D16*E16 | G16: =G15+E16
A18: CHECK_SUMS | B18: =SUM(B7:B16) | C18: payout_raw_sum | D18: =SUM(D7:D16) | E18: =SUM(E7:E16) | F18: =SUM(F7:F16) | G18: =IF($B$3>0,F18/$B$3,0) | H18: =IF($D$3="","N/A",ABS(G18-$D$3)<=$F$3)
A19: rtp_drift | B19: =IF($D$3="","",G18-$D$3)
A20: prob_sum_check | B20: =ABS(E18-1)<=1E-9
A21: max_win_value | B21: =MAX(D7:D16)
A22: max_win_probability | B22: =SUMIFS(E7:E16,D7:D16,B21)
A23: outcome_rows | B23: =ROWS(A7:A16)
A24: unique_multipliers | B24: =SUMPRODUCT(1/COUNTIF(D7:D16,D7:D16))
A25: max_exposure_with_max_bet | B25: =B21*500.0

Sheet buy100_medium_11
A1: buy100_medium_11 Lookup Detail
A2: Derived from lookup rows
A3: Cost | B3: 99 | C3: Target RTP | D3: 0.9605 | E3: RTP Tol | F3: 0.01 | G3: Payout Scale | H3: 100
A5: Rows
A6: sim_id | B6: weight | C6: payout_raw | D6: payout_scaled | E6: probability | F6: weighted_payout | G6: cumulative_probability
A7: 2 | B7: 3084 | C7: 59400 | D7: =C7/$H$3 | E7: =IF($B$19>0,B7/$B$19,0) | F7: =D7*E7 | G7: =E7
A8: 3 | B8: 30778 | C8: 29700 | D8: =C8/$H$3 | E8: =IF($B$19>0,B8/$B$19,0) | F8: =D8*E8 | G8: =G7+E8
A9: 4 | B9: 77246 | C9: 17820 | D9: =C9/$H$3 | E9: =IF($B$19>0,B9/$B$19,0) | F9: =D9*E9 | G9: =G8+E9
A10: 5 | B10: 179564 | C10: 6930 | D10: =C10/$H$3 | E10: =IF($B$19>0,B10/$B$19,0) | F10: =D10*E10 | G10: =G9+E10
A11: 6 | B11: 209328 | C11: 4950 | D11: =C11/$H$3 | E11: =IF($B$19>0,B11/$B$19,0) | F11: =D11*E11 | G11: =G10+E11
A12: 7 | B12: 209328 | C12: 4950 | D12: =C12/$H$3 | E12: =IF($B$19>0,B12/$B$19,0) | F12: =D12*E12 | G12: =G11+E12
A13: 8 | B13: 179564 | C13: 6930 | D13: =C13/$H$3 | E13: =IF($B$19>0,B13/$B$19,0) | F13: =D13*E13 | G13: =G12+E13
A14: 9 | B14: 77246 | C14: 17820 | D14: =C14/$H$3 | E14: =IF($B$19>0,B14/$B$19,0) | F14: =D14*E14 | G14: =G13+E14
A15: 10 | B15: 30777 | C15: 29700 | D15: =C15/$H$3 | E15: =IF($B$19>0,B15/$B$19,0) | F15: =D15*E15 | G15: =G14+E15
A16: 11 | B16: 3084 | C16: 59400 | D16: =C16/$H$3 | E16: =IF($B$19>0,B16/$B$19,0) | F16: =D16*E16 | G16: =G15+E16
A17: 12 | B17: 1 | C17: 237600 | D17: =C17/$H$3 | E17: =IF($B$19>0,B17/$B$19,0) | F17: =D17*E17 | G17: =G16+E17
A19: CHECK_SUMS | B19: =SUM(B7:B17) | C19: payout_raw_sum | D19: =SUM(D7:D17) | E19: =SUM(E7:E17) | F19: =SUM(F7:F17) | G19: =IF($B$3>0,F19/$B$3,0) | H19: =IF($D$3="","N/A",ABS(G19-$D$3)<=$F$3)
A20: rtp_drift | B20: =IF($D$3="","",G19-$D$3)
A21: prob_sum_check | B21: =ABS(E19-1)<=1E-9
A22: max_win_value | B22: =MAX(D7:D17)
A23: max_win_probability | B23: =SUMIFS(E7:E17,D7:D17,B22)
A24: outcome_rows | B24: =ROWS(A7:A17)
A25: unique_multipliers | B25: =SUMPRODUCT(1/COUNTIF(D7:D17,D7:D17))
A26: max_exposure_with_max_bet | B26: =B22*500.0

Sheet buy100_medium_12
A1: buy100_medium_12 Lookup Detail
A2: Derived from lookup rows
A3: Cost | B3: 99 | C3: Target RTP | D3: 0.9605 | E3: RTP Tol | F3: 0.01 | G3: Payout Scale | H3: 100
A5: Rows
A6: sim_id | B6: weight | C6: payout_raw | D6: payout_scaled | E6: probability | F6: weighted_payout | G6: cumulative_probability
A7: 2 | B7: 117 | C7: 108900 | D7: =C7/$H$3 | E7: =IF($B$20>0,B7/$B$20,0) | F7: =D7*E7 | G7: =E7
A8: 3 | B8: 16331 | C8: 39600 | D8: =C8/$H$3 | E8: =IF($B$20>0,B8/$B$20,0) | F8: =D8*E8 | G8: =G7+E8
A9: 4 | B9: 66904 | C9: 19800 | D9: =C9/$H$3 | E9: =IF($B$20>0,B9/$B$20,0) | F9: =D9*E9 | G9: =G8+E9
A10: 5 | B10: 126196 | C10: 10890 | D10: =C10/$H$3 | E10: =IF($B$20>0,B10/$B$20,0) | F10: =D10*E10 | G10: =G9+E10
A11: 6 | B11: 179537 | C11: 5940 | D11: =C11/$H$3 | E11: =IF($B$20>0,B11/$B$20,0) | F11: =D11*E11 | G11: =G10+E11
A12: 7 | B12: 221830 | C12: 2970 | D12: =C12/$H$3 | E12: =IF($B$20>0,B12/$B$20,0) | F12: =D12*E12 | G12: =G11+E12
A13: 8 | B13: 179537 | C13: 5940 | D13: =C13/$H$3 | E13: =IF($B$20>0,B13/$B$20,0) | F13: =D13*E13 | G13: =G12+E13
A14: 9 | B14: 126196 | C14: 10890 | D14: =C14/$H$3 | E14: =IF($B$20>0,B14/$B$20,0) | F14: =D14*E14 | G14: =G13+E14
A15: 10 | B15: 66903 | C15: 19800 | D15: =C15/$H$3 | E15: =IF($B$20>0,B15/$B$20,0) | F15: =D15*E15 | G15: =G14+E15
A16: 11 | B16: 16331 | C16: 39600 | D16: =C16/$H$3 | E16: =IF($B$20>0,B16/$B$20,0) | F16: =D16*E16 | G16: =G15+E16
A17: 12 | B17: 117 | C17: 108900 | D17: =C17/$H$3 | E17: =IF($B$20>0,B17/$B$20,0) | F17: =D17*E17 | G17: =G16+E17
A18: 13 | B18: 1 | C18: 326700 | D18: =C18/$H$3 | E18: =IF($B$20>0,B18/$B$20,0) | F18: =D18*E18 | G18: =G17+E18
A20: CHECK_SUMS | B20: =SUM(B7:B18) | C20: payout_raw_sum | D20: =SUM(D7:D18) | E20: =SUM(E7:E18) | F20: =SUM(F7:F18) | G20: =IF($B$3>0,F20/$B$3,0) | H20: =IF($D$3="","N/A",ABS(G20-$D$3)<=$F$3)
A21: rtp_drift | B21: =IF($D$3="","",G20-$D$3)
A22: prob_sum_check | B22: =ABS(E20-1)<=1E-9
A23: max_win_value | B23: =MAX(D7:D18)
A24: max_win_probability | B24: =SUMIFS(E7:E18,D7:D18,B23)
A25: outcome_rows | B25: =ROWS(A7:A18)
A26: unique_multipliers | B26: =SUMPRODUCT(1/COUNTIF(D7:D18,D7:D18))
A27: max_exposure_with_max_bet | B27: =B23*500.0

Sheet buy100_medium_13
A1: buy100_medium_13 Lookup Detail
A2: Derived from lookup rows
A3: Cost | B3: 99 | C3: Target RTP | D3: 0.9605 | E3: RTP Tol | F3: 0.01 | G3: Payout Scale | H3: 100
A5: Rows
A6: sim_id | B6: weight | C6: payout_raw | D6: payout_scaled | E6: probability | F6: weighted_payout | G6: cumulative_probability
A7: 2 | B7: 83 | C7: 128700 | D7: =C7/$H$3 | E7: =IF($B$21>0,B7/$B$21,0) | F7: =D7*E7 | G7: =E7
A8: 3 | B8: 6096 | C8: 59400 | D8: =C8/$H$3 | E8: =IF($B$21>0,B8/$B$21,0) | F8: =D8*E8 | G8: =G7+E8
A9: 4 | B9: 38390 | C9: 29700 | D9: =C9/$H$3 | E9: =IF($B$21>0,B9/$B$21,0) | F9: =D9*E9 | G9: =G8+E9
A10: 5 | B10: 108911 | C10: 12870 | D10: =C10/$H$3 | E10: =IF($B$21>0,B10/$B$21,0) | F10: =D10*E10 | G10: =G9+E10
A11: 6 | B11: 157364 | C11: 6930 | D11: =C11/$H$3 | E11: =IF($B$21>0,B11/$B$21,0) | F11: =D11*E11 | G11: =G10+E11
A12: 7 | B12: 189156 | C12: 3960 | D12: =C12/$H$3 | E12: =IF($B$21>0,B12/$B$21,0) | F12: =D12*E12 | G12: =G11+E12
A13: 8 | B13: 189156 | C13: 3960 | D13: =C13/$H$3 | E13: =IF($B$21>0,B13/$B$21,0) | F13: =D13*E13 | G13: =G12+E13
A14: 9 | B14: 157363 | C14: 6930 | D14: =C14/$H$3 | E14: =IF($B$21>0,B14/$B$21,0) | F14: =D14*E14 | G14: =G13+E14
A15: 10 | B15: 108911 | C15: 12870 | D15: =C15/$H$3 | E15: =IF($B$21>0,B15/$B$21,0) | F15: =D15*E15 | G15: =G14+E15
A16: 11 | B16: 38390 | C16: 29700 | D16: =C16/$H$3 | E16: =IF($B$21>0,B16/$B$21,0) | F16: =D16*E16 | G16: =G15+E16
A17: 12 | B17: 6096 | C17: 59400 | D17: =C17/$H$3 | E17: =IF($B$21>0,B17/$B$21,0) | F17: =D17*E17 | G17: =G16+E17
A18: 13 | B18: 83 | C18: 128700 | D18: =C18/$H$3 | E18: =IF($B$21>0,B18/$B$21,0) | F18: =D18*E18 | G18: =G17+E18
A19: 14 | B19: 1 | C19: 425700 | D19: =C19/$H$3 | E19: =IF($B$21>0,B19/$B$21,0) | F19: =D19*E19 | G19: =G18+E19
A21: CHECK_SUMS | B21: =SUM(B7:B19) | C21: payout_raw_sum | D21: =SUM(D7:D19) | E21: =SUM(E7:E19) | F21: =SUM(F7:F19) | G21: =IF($B$3>0,F21/$B$3,0) | H21: =IF($D$3="","N/A",ABS(G21-$D$3)<=$F$3)
A22: rtp_drift | B22: =IF($D$3="","",G21-$D$3)
A23: prob_sum_check | B23: =ABS(E21-1)<=1E-9
A24: max_win_value | B24: =MAX(D7:D19)
A25: max_win_probability | B25: =SUMIFS(E7:E19,D7:D19,B24)
A26: outcome_rows | B26: =ROWS(A7:A19)
A27: unique_multipliers | B27: =SUMPRODUCT(1/COUNTIF(D7:D19,D7:D19))
A28: max_exposure_with_max_bet | B28: =B24*500.0

Sheet buy100_medium_14
A1: buy100_medium_14 Lookup Detail
A2: Derived from lookup rows
A3: Cost | B3: 99 | C3: Target RTP | D3: 0.9605 | E3: RTP Tol | F3: 0.01 | G3: Payout Scale | H3: 100
A5: Rows
A6: sim_id | B6: weight | C6: payout_raw | D6: payout_scaled | E6: probability | F6: weighted_payout | G6: cumulative_probability
A7: 2 | B7: 26 | C7: 148500 | D7: =C7/$H$3 | E7: =IF($B$22>0,B7/$B$22,0) | F7: =D7*E7 | G7: =E7
A8: 3 | B8: 3356 | C8: 69300 | D8: =C8/$H$3 | E8: =IF($B$22>0,B8/$B$22,0) | F8: =D8*E8 | G8: =G7+E8
A9: 4 | B9: 20651 | C9: 39600 | D9: =C9/$H$3 | E9: =IF($B$22>0,B9/$B$22,0) | F9: =D9*E9 | G9: =G8+E9
A10: 5 | B10: 73680 | C10: 18810 | D10: =C10/$H$3 | E10: =IF($B$22>0,B10/$B$22,0) | F10: =D10*E10 | G10: =G9+E10
A11: 6 | B11: 127087 | C11: 9900 | D11: =C11/$H$3 | E11: =IF($B$22>0,B11/$B$22,0) | F11: =D11*E11 | G11: =G10+E11
A12: 7 | B12: 172039 | C12: 4950 | D12: =C12/$H$3 | E12: =IF($B$22>0,B12/$B$22,0) | F12: =D12*E12 | G12: =G11+E12
A13: 8 | B13: 206321 | C13: 1980 | D13: =C13/$H$3 | E13: =IF($B$22>0,B13/$B$22,0) | F13: =D13*E13 | G13: =G12+E13
A14: 9 | B14: 172039 | C14: 4950 | D14: =C14/$H$3 | E14: =IF($B$22>0,B14/$B$22,0) | F14: =D14*E14 | G14: =G13+E14
A15: 10 | B15: 127087 | C15: 9900 | D15: =C15/$H$3 | E15: =IF($B$22>0,B15/$B$22,0) | F15: =D15*E15 | G15: =G14+E15
A16: 11 | B16: 73680 | C16: 18810 | D16: =C16/$H$3 | E16: =IF($B$22>0,B16/$B$22,0) | F16: =D16*E16 | G16: =G15+E16
A17: 12 | B17: 20651 | C17: 39600 | D17: =C17/$H$3 | E17: =IF($B$22>0,B17/$B$22,0) | F17: =D17*E17 | G17: =G16+E17
A18: 13 | B18: 3356 | C18: 69300 | D18: =C18/$H$3 | E18: =IF($B$22>0,B18/$B$22,0) | F18: =D18*E18 | G18: =G17+E18
A19: 14 | B19: 26 | C19: 148500 | D19: =C19/$H$3 | E19: =IF($B$22>0,B19/$B$22,0) | F19: =D19*E19 | G19: =G18+E19
A20: 15 | B20: 1 | C20: 574200 | D20: =C20/$H$3 | E20: =IF($B$22>0,B20/$B$22,0) | F20: =D20*E20 | G20: =G19+E20
A22: CHECK_SUMS | B22: =SUM(B7:B20) | C22: payout_raw_sum | D22: =SUM(D7:D20) | E22: =SUM(E7:E20) | F22: =SUM(F7:F20) | G22: =IF($B$3>0,F22/$B$3,0) | H22: =IF($D$3="","N/A",ABS(G22-$D$3)<=$F$3)
A23: rtp_drift | B23: =IF($D$3="","",G22-$D$3)
A24: prob_sum_check | B24: =ABS(E22-1)<=1E-9
A25: max_win_value | B25: =MAX(D7:D20)
A26: max_win_probability | B26: =SUMIFS(E7:E20,D7:D20,B25)
A27: outcome_rows | B27: =ROWS(A7:A20)
A28: unique_multipliers | B28: =SUMPRODUCT(1/COUNTIF(D7:D20,D7:D20))
A29: max_exposure_with_max_bet | B29: =B25*500.0

Sheet buy100_medium_15
A1: buy100_medium_15 Lookup Detail
A2: Derived from lookup rows
A3: Cost | B3: 99 | C3: Target RTP | D3: 0.9605 | E3: RTP Tol | F3: 0.01 | G3: Payout Scale | H3: 100
A5: Rows
A6: sim_id | B6: weight | C6: payout_raw | D6: payout_scaled | E6: probability | F6: weighted_payout | G6: cumulative_probability
A7: 2 | B7: 16 | C7: 178200 | D7: =C7/$H$3 | E7: =IF($B$23>0,B7/$B$23,0) | F7: =D7*E7 | G7: =E7
A8: 3 | B8: 642 | C8: 108900 | D8: =C8/$H$3 | E8: =IF($B$23>0,B8/$B$23,0) | F8: =D8*E8 | G8: =G7+E8
A9: 4 | B9: 15007 | C9: 49500 | D9: =C9/$H$3 | E9: =IF($B$23>0,B9/$B$23,0) | F9: =D9*E9 | G9: =G8+E9
A10: 5 | B10: 42904 | C10: 29700 | D10: =C10/$H$3 | E10: =IF($B$23>0,B10/$B$23,0) | F10: =D10*E10 | G10: =G9+E10
A11: 6 | B11: 104777 | C11: 12870 | D11: =C11/$H$3 | E11: =IF($B$23>0,B11/$B$23,0) | F11: =D11*E11 | G11: =G10+E11
A12: 7 | B12: 159494 | C12: 4950 | D12: =C12/$H$3 | E12: =IF($B$23>0,B12/$B$23,0) | F12: =D12*E12 | G12: =G11+E12
A13: 8 | B13: 177160 | C13: 2970 | D13: =C13/$H$3 | E13: =IF($B$23>0,B13/$B$23,0) | F13: =D13*E13 | G13: =G12+E13
A14: 9 | B14: 177160 | C14: 2970 | D14: =C14/$H$3 | E14: =IF($B$23>0,B14/$B$23,0) | F14: =D14*E14 | G14: =G13+E14
A15: 10 | B15: 159494 | C15: 4950 | D15: =C15/$H$3 | E15: =IF($B$23>0,B15/$B$23,0) | F15: =D15*E15 | G15: =G14+E15
A16: 11 | B16: 104777 | C16: 12870 | D16: =C16/$H$3 | E16: =IF($B$23>0,B16/$B$23,0) | F16: =D16*E16 | G16: =G15+E16
A17: 12 | B17: 42903 | C17: 29700 | D17: =C17/$H$3 | E17: =IF($B$23>0,B17/$B$23,0) | F17: =D17*E17 | G17: =G16+E17
A18: 13 | B18: 15007 | C18: 49500 | D18: =C18/$H$3 | E18: =IF($B$23>0,B18/$B$23,0) | F18: =D18*E18 | G18: =G17+E18
A19: 14 | B19: 642 | C19: 108900 | D19: =C19/$H$3 | E19: =IF($B$23>0,B19/$B$23,0) | F19: =D19*E19 | G19: =G18+E19
... A21: 16 | B21: 1 | C21: 871200 | D21: =C21/$H$3 | E21: =IF($B$23>0,B21/$B$23,0) | F21: =D21*E21 | G21: =G20+E21
A23: CHECK_SUMS | B23: =SUM(B7:B21) | C23: payout_raw_sum | D23: =SUM(D7:D21) | E23: =SUM(E7:E21) | F23: =SUM(F7:F21) | G23: =IF($B$3>0,F23/$B$3,0) | H23: =IF($D$3="","N/A",ABS(G23-$D$3)<=$F$3)
A24: rtp_drift | B24: =IF($D$3="","",G23-$D$3)
A25: prob_sum_check | B25: =ABS(E23-1)<=1E-9
A26: max_win_value | B26: =MAX(D7:D21)
A27: max_win_probability | B27: =SUMIFS(E7:E21,D7:D21,B26)
A28: outcome_rows | B28: =ROWS(A7:A21)
A29: unique_multipliers | B29: =SUMPRODUCT(1/COUNTIF(D7:D21,D7:D21))
A30: max_exposure_with_max_bet | B30: =B26*500.0

Sheet buy100_medium_16
A1: buy100_medium_16 Lookup Detail
A2: Derived from lookup rows
A3: Cost | B3: 99 | C3: Target RTP | D3: 0.9605 | E3: RTP Tol | F3: 0.01 | G3: Payout Scale | H3: 100
A5: Rows
A6: sim_id | B6: weight | C6: payout_raw | D6: payout_scaled | E6: probability | F6: weighted_payout | G6: cumulative_probability
A7: 3 | B7: 221 | C7: 99000 | D7: =C7/$H$3 | E7: =IF($B$22>0,B7/$B$22,0) | F7: =D7*E7 | G7: =E7
A8: 4 | B8: 7225 | C8: 49500 | D8: =C8/$H$3 | E8: =IF($B$22>0,B8/$B$22,0) | F8: =D8*E8 | G8: =G7+E8
A9: 5 | B9: 29158 | C9: 29700 | D9: =C9/$H$3 | E9: =IF($B$22>0,B9/$B$22,0) | F9: =D9*E9 | G9: =G8+E9
A10: 6 | B10: 83027 | C10: 14850 | D10: =C10/$H$3 | E10: =IF($B$22>0,B10/$B$22,0) | F10: =D10*E10 | G10: =G9+E10
A11: 7 | B11: 117682 | C11: 9900 | D11: =C11/$H$3 | E11: =IF($B$22>0,B11/$B$22,0) | F11: =D11*E11 | G11: =G10+E11
A12: 8 | B12: 166800 | C12: 4950 | D12: =C12/$H$3 | E12: =IF($B$22>0,B12/$B$22,0) | F12: =D12*E12 | G12: =G11+E12
A13: 9 | B13: 191774 | C13: 2970 | D13: =C13/$H$3 | E13: =IF($B$22>0,B13/$B$22,0) | F13: =D13*E13 | G13: =G12+E13
A14: 10 | B14: 166799 | C14: 4950 | D14: =C14/$H$3 | E14: =IF($B$22>0,B14/$B$22,0) | F14: =D14*E14 | G14: =G13+E14
A15: 11 | B15: 117682 | C15: 9900 | D15: =C15/$H$3 | E15: =IF($B$22>0,B15/$B$22,0) | F15: =D15*E15 | G15: =G14+E15
A16: 12 | B16: 83027 | C16: 14850 | D16: =C16/$H$3 | E16: =IF($B$22>0,B16/$B$22,0) | F16: =D16*E16 | G16: =G15+E16
A17: 13 | B17: 29158 | C17: 29700 | D17: =C17/$H$3 | E17: =IF($B$22>0,B17/$B$22,0) | F17: =D17*E17 | G17: =G16+E17
A18: 14 | B18: 7225 | C18: 49500 | D18: =C18/$H$3 | E18: =IF($B$22>0,B18/$B$22,0) | F18: =D18*E18 | G18: =G17+E18
A19: 15 | B19: 221 | C19: 99000 | D19: =C19/$H$3 | E19: =IF($B$22>0,B19/$B$22,0) | F19: =D19*E19 | G19: =G18+E19
A20: 17 | B20: 1 | C20: 1089000 | D20: =C20/$H$3 | E20: =IF($B$22>0,B20/$B$22,0) | F20: =D20*E20 | G20: =G19+E20
A22: CHECK_SUMS | B22: =SUM(B7:B20) | C22: payout_raw_sum | D22: =SUM(D7:D20) | E22: =SUM(E7:E20) | F22: =SUM(F7:F20) | G22: =IF($B$3>0,F22/$B$3,0) | H22: =IF($D$3="","N/A",ABS(G22-$D$3)<=$F$3)
A23: rtp_drift | B23: =IF($D$3="","",G22-$D$3)
A24: prob_sum_check | B24: =ABS(E22-1)<=1E-9
A25: max_win_value | B25: =MAX(D7:D20)
A26: max_win_probability | B26: =SUMIFS(E7:E20,D7:D20,B25)
A27: outcome_rows | B27: =ROWS(A7:A20)
A28: unique_multipliers | B28: =SUMPRODUCT(1/COUNTIF(D7:D20,D7:D20))
A29: max_exposure_with_max_bet | B29: =B25*500.0

Sheet buy100_medium_8
A1: buy100_medium_8 Lookup Detail
A2: Derived from lookup rows
A3: Cost | B3: 99 | C3: Target RTP | D3: 0.9605 | E3: RTP Tol | F3: 0.01 | G3: Payout Scale | H3: 100
A5: Rows
A6: sim_id | B6: weight | C6: payout_raw | D6: payout_scaled | E6: probability | F6: weighted_payout | G6: cumulative_probability
A7: 1 | B7: 28 | C7: 128700 | D7: =C7/$H$3 | E7: =IF($B$17>0,B7/$B$17,0) | F7: =D7*E7 | G7: =E7
A8: 2 | B8: 38629 | C8: 29700 | D8: =C8/$H$3 | E8: =IF($B$17>0,B8/$B$17,0) | F8: =D8*E8 | G8: =G7+E8
A9: 3 | B9: 131823 | C9: 12870 | D9: =C9/$H$3 | E9: =IF($B$17>0,B9/$B$17,0) | F9: =D9*E9 | G9: =G8+E9
A10: 4 | B10: 203299 | C10: 6930 | D10: =C10/$H$3 | E10: =IF($B$17>0,B10/$B$17,0) | F10: =D10*E10 | G10: =G9+E10
A11: 5 | B11: 252469 | C11: 3960 | D11: =C11/$H$3 | E11: =IF($B$17>0,B11/$B$17,0) | F11: =D11*E11 | G11: =G10+E11
A12: 6 | B12: 203299 | C12: 6930 | D12: =C12/$H$3 | E12: =IF($B$17>0,B12/$B$17,0) | F12: =D12*E12 | G12: =G11+E12
A13: 7 | B13: 131823 | C13: 12870 | D13: =C13/$H$3 | E13: =IF($B$17>0,B13/$B$17,0) | F13: =D13*E13 | G13: =G12+E13
A14: 8 | B14: 38629 | C14: 29700 | D14: =C14/$H$3 | E14: =IF($B$17>0,B14/$B$17,0) | F14: =D14*E14 | G14: =G13+E14
A15: 9 | B15: 1 | C15: 128700 | D15: =C15/$H$3 | E15: =IF($B$17>0,B15/$B$17,0) | F15: =D15*E15 | G15: =G14+E15
A17: CHECK_SUMS | B17: =SUM(B7:B15) | C17: payout_raw_sum | D17: =SUM(D7:D15) | E17: =SUM(E7:E15) | F17: =SUM(F7:F15) | G17: =IF($B$3>0,F17/$B$3,0) | H17: =IF($D$3="","N/A",ABS(G17-$D$3)<=$F$3)
A18: rtp_drift | B18: =IF($D$3="","",G17-$D$3)
A19: prob_sum_check | B19: =ABS(E17-1)<=1E-9
A20: max_win_value | B20: =MAX(D7:D15)
A21: max_win_probability | B21: =SUMIFS(E7:E15,D7:D15,B20)
A22: outcome_rows | B22: =ROWS(A7:A15)
A23: unique_multipliers | B23: =SUMPRODUCT(1/COUNTIF(D7:D15,D7:D15))
A24: max_exposure_with_max_bet | B24: =B20*500.0

Sheet buy100_medium_9
A1: buy100_medium_9 Lookup Detail
A2: Derived from lookup rows
A3: Cost | B3: 99 | C3: Target RTP | D3: 0.9605 | E3: RTP Tol | F3: 0.01 | G3: Payout Scale | H3: 100
A5: Rows
A6: sim_id | B6: weight | C6: payout_raw | D6: payout_scaled | E6: probability | F6: weighted_payout | G6: cumulative_probability
A7: 1 | B7: 1 | C7: 178200 | D7: =C7/$H$3 | E7: =IF($B$18>0,B7/$B$18,0) | F7: =D7*E7 | G7: =E7
A8: 2 | B8: 15625 | C8: 39600 | D8: =C8/$H$3 | E8: =IF($B$18>0,B8/$B$18,0) | F8: =D8*E8 | G8: =G7+E8
A9: 3 | B9: 90620 | C9: 16830 | D9: =C9/$H$3 | E9: =IF($B$18>0,B9/$B$18,0) | F9: =D9*E9 | G9: =G8+E9
A10: 4 | B10: 167016 | C10: 8910 | D10: =C10/$H$3 | E10: =IF($B$18>0,B10/$B$18,0) | F10: =D10*E10 | G10: =G9+E10
A11: 5 | B11: 226738 | C11: 4950 | D11: =C11/$H$3 | E11: =IF($B$18>0,B11/$B$18,0) | F11: =D11*E11 | G11: =G10+E11
A12: 6 | B12: 226738 | C12: 4950 | D12: =C12/$H$3 | E12: =IF($B$18>0,B12/$B$18,0) | F12: =D12*E12 | G12: =G11+E12
A13: 7 | B13: 167016 | C13: 8910 | D13: =C13/$H$3 | E13: =IF($B$18>0,B13/$B$18,0) | F13: =D13*E13 | G13: =G12+E13
A14: 8 | B14: 90620 | C14: 16830 | D14: =C14/$H$3 | E14: =IF($B$18>0,B14/$B$18,0) | F14: =D14*E14 | G14: =G13+E14
A15: 9 | B15: 15625 | C15: 39600 | D15: =C15/$H$3 | E15: =IF($B$18>0,B15/$B$18,0) | F15: =D15*E15 | G15: =G14+E15
A16: 10 | B16: 1 | C16: 178200 | D16: =C16/$H$3 | E16: =IF($B$18>0,B16/$B$18,0) | F16: =D16*E16 | G16: =G15+E16
A18: CHECK_SUMS | B18: =SUM(B7:B16) | C18: payout_raw_sum | D18: =SUM(D7:D16) | E18: =SUM(E7:E16) | F18: =SUM(F7:F16) | G18: =IF($B$3>0,F18/$B$3,0) | H18: =IF($D$3="","N/A",ABS(G18-$D$3)<=$F$3)
A19: rtp_drift | B19: =IF($D$3="","",G18-$D$3)
A20: prob_sum_check | B20: =ABS(E18-1)<=1E-9
A21: max_win_value | B21: =MAX(D7:D16)
A22: max_win_probability | B22: =SUMIFS(E7:E16,D7:D16,B21)
A23: outcome_rows | B23: =ROWS(A7:A16)
A24: unique_multipliers | B24: =SUMPRODUCT(1/COUNTIF(D7:D16,D7:D16))
A25: max_exposure_with_max_bet | B25: =B21*500.0

Sheet normal_expert_10
A1: normal_expert_10 Lookup Detail
A2: Derived from lookup rows
A3: Cost | B3: 1 | C3: Target RTP | D3: 0.9605 | E3: RTP Tol | F3: 0.01 | G3: Payout Scale | H3: 100
A5: Rows
A6: sim_id | B6: weight | C6: payout_raw | D6: payout_scaled | E6: probability | F6: weighted_payout | G6: cumulative_probability
A7: 3 | B7: 16893 | C7: 2000 | D7: =C7/$H$3 | E7: =IF($B$16>0,B7/$B$16,0) | F7: =D7*E7 | G7: =E7
A8: 4 | B8: 186119 | C8: 60 | D8: =C8/$H$3 | E8: =IF($B$16>0,B8/$B$16,0) | F8: =D8*E8 | G8: =G7+E8
A9: 5 | B9: 197992 | C9: 10 | D9: =C9/$H$3 | E9: =IF($B$16>0,B9/$B$16,0) | F9: =D9*E9 | G9: =G8+E9
A10: 6 | B10: 197992 | C10: 10 | D10: =C10/$H$3 | E10: =IF($B$16>0,B10/$B$16,0) | F10: =D10*E10 | G10: =G9+E10
A11: 7 | B11: 197992 | C11: 10 | D11: =C11/$H$3 | E11: =IF($B$16>0,B11/$B$16,0) | F11: =D11*E11 | G11: =G10+E11
A12: 8 | B12: 186118 | C12: 60 | D12: =C12/$H$3 | E12: =IF($B$16>0,B12/$B$16,0) | F12: =D12*E12 | G12: =G11+E12
A13: 9 | B13: 16893 | C13: 2000 | D13: =C13/$H$3 | E13: =IF($B$16>0,B13/$B$16,0) | F13: =D13*E13 | G13: =G12+E13
A14: 11 | B14: 1 | C14: 200000 | D14: =C14/$H$3 | E14: =IF($B$16>0,B14/$B$16,0) | F14: =D14*E14 | G14: =G13+E14
A16: CHECK_SUMS | B16: =SUM(B7:B14) | C16: payout_raw_sum | D16: =SUM(D7:D14) | E16: =SUM(E7:E14) | F16: =SUM(F7:F14) | G16: =IF($B$3>0,F16/$B$3,0) | H16: =IF($D$3="","N/A",ABS(G16-$D$3)<=$F$3)
A17: rtp_drift | B17: =IF($D$3="","",G16-$D$3)
A18: prob_sum_check | B18: =ABS(E16-1)<=1E-9
A19: max_win_value | B19: =MAX(D7:D14)
A20: max_win_probability | B20: =SUMIFS(E7:E14,D7:D14,B19)
A21: outcome_rows | B21: =ROWS(A7:A14)
A22: unique_multipliers | B22: =SUMPRODUCT(1/COUNTIF(D7:D14,D7:D14))
A23: max_exposure_with_max_bet | B23: =B19*500.0

Sheet normal_expert_11
A1: normal_expert_11 Lookup Detail
A2: Derived from lookup rows
A3: Cost | B3: 1 | C3: Target RTP | D3: 0.9605 | E3: RTP Tol | F3: 0.01 | G3: Payout Scale | H3: 100
A5: Rows
A6: sim_id | B6: weight | C6: payout_raw | D6: payout_scaled | E6: probability | F6: weighted_payout | G6: cumulative_probability
A7: 3 | B7: 6409 | C7: 4000 | D7: =C7/$H$3 | E7: =IF($B$17>0,B7/$B$17,0) | F7: =D7*E7 | G7: =E7
A8: 4 | B8: 156091 | C8: 110 | D8: =C8/$H$3 | E8: =IF($B$17>0,B8/$B$17,0) | F8: =D8*E8 | G8: =G7+E8
A9: 5 | B9: 168057 | C9: 20 | D9: =C9/$H$3 | E9: =IF($B$17>0,B9/$B$17,0) | F9: =D9*E9 | G9: =G8+E9
A10: 6 | B10: 169443 | C10: 10 | D10: =C10/$H$3 | E10: =IF($B$17>0,B10/$B$17,0) | F10: =D10*E10 | G10: =G9+E10
A11: 7 | B11: 169443 | C11: 10 | D11: =C11/$H$3 | E11: =IF($B$17>0,B11/$B$17,0) | F11: =D11*E11 | G11: =G10+E11
A12: 8 | B12: 168057 | C12: 20 | D12: =C12/$H$3 | E12: =IF($B$17>0,B12/$B$17,0) | F12: =D12*E12 | G12: =G11+E12
A13: 9 | B13: 156091 | C13: 110 | D13: =C13/$H$3 | E13: =IF($B$17>0,B13/$B$17,0) | F13: =D13*E13 | G13: =G12+E13
A14: 10 | B14: 6408 | C14: 4000 | D14: =C14/$H$3 | E14: =IF($B$17>0,B14/$B$17,0) | F14: =D14*E14 | G14: =G13+E14
A15: 12 | B15: 1 | C15: 320000 | D15: =C15/$H$3 | E15: =IF($B$17>0,B15/$B$17,0) | F15: =D15*E15 | G15: =G14+E15
A17: CHECK_SUMS | B17: =SUM(B7:B15) | C17: payout_raw_sum | D17: =SUM(D7:D15) | E17: =SUM(E7:E15) | F17: =SUM(F7:F15) | G17: =IF($B$3>0,F17/$B$3,0) | H17: =IF($D$3="","N/A",ABS(G17-$D$3)<=$F$3)
A18: rtp_drift | B18: =IF($D$3="","",G17-$D$3)
A19: prob_sum_check | B19: =ABS(E17-1)<=1E-9
A20: max_win_value | B20: =MAX(D7:D15)
A21: max_win_probability | B21: =SUMIFS(E7:E15,D7:D15,B20)
A22: outcome_rows | B22: =ROWS(A7:A15)
A23: unique_multipliers | B23: =SUMPRODUCT(1/COUNTIF(D7:D15,D7:D15))
A24: max_exposure_with_max_bet | B24: =B20*500.0

Sheet normal_expert_12
A1: normal_expert_12 Lookup Detail
A2: Derived from lookup rows
A3: Cost | B3: 1 | C3: Target RTP | D3: 0.9605 | E3: RTP Tol | F3: 0.01 | G3: Payout Scale | H3: 100
A5: Rows
A6: sim_id | B6: weight | C6: payout_raw | D6: payout_scaled | E6: probability | F6: weighted_payout | G6: cumulative_probability
A7: 3 | B7: 3284 | C7: 6000 | D7: =C7/$H$3 | E7: =IF($B$18>0,B7/$B$18,0) | F7: =D7*E7 | G7: =E7
A8: 4 | B8: 133836 | C8: 150 | D8: =C8/$H$3 | E8: =IF($B$18>0,B8/$B$18,0) | F8: =D8*E8 | G8: =G7+E8
A9: 5 | B9: 143499 | C9: 40 | D9: =C9/$H$3 | E9: =IF($B$18>0,B9/$B$18,0) | F9: =D9*E9 | G9: =G8+E9
A10: 6 | B10: 146254 | C10: 10 | D10: =C10/$H$3 | E10: =IF($B$18>0,B10/$B$18,0) | F10: =D10*E10 | G10: =G9+E10
A11: 7 | B11: 146254 | C11: 10 | D11: =C11/$H$3 | E11: =IF($B$18>0,B11/$B$18,0) | F11: =D11*E11 | G11: =G10+E11
A12: 8 | B12: 146253 | C12: 10 | D12: =C12/$H$3 | E12: =IF($B$18>0,B12/$B$18,0) | F12: =D12*E12 | G12: =G11+E12
A13: 9 | B13: 143499 | C13: 40 | D13: =C13/$H$3 | E13: =IF($B$18>0,B13/$B$18,0) | F13: =D13*E13 | G13: =G12+E13
A14: 10 | B14: 133836 | C14: 150 | D14: =C14/$H$3 | E14: =IF($B$18>0,B14/$B$18,0) | F14: =D14*E14 | G14: =G13+E14
A15: 11 | B15: 3284 | C15: 6000 | D15: =C15/$H$3 | E15: =IF($B$18>0,B15/$B$18,0) | F15: =D15*E15 | G15: =G14+E15
A16: 13 | B16: 1 | C16: 620000 | D16: =C16/$H$3 | E16: =IF($B$18>0,B16/$B$18,0) | F16: =D16*E16 | G16: =G15+E16
A18: CHECK_SUMS | B18: =SUM(B7:B16) | C18: payout_raw_sum | D18: =SUM(D7:D16) | E18: =SUM(E7:E16) | F18: =SUM(F7:F16) | G18: =IF($B$3>0,F18/$B$3,0) | H18: =IF($D$3="","N/A",ABS(G18-$D$3)<=$F$3)
A19: rtp_drift | B19: =IF($D$3="","",G18-$D$3)
A20: prob_sum_check | B20: =ABS(E18-1)<=1E-9
A21: max_win_value | B21: =MAX(D7:D16)
A22: max_win_probability | B22: =SUMIFS(E7:E16,D7:D16,B21)
A23: outcome_rows | B23: =ROWS(A7:A16)
A24: unique_multipliers | B24: =SUMPRODUCT(1/COUNTIF(D7:D16,D7:D16))
A25: max_exposure_with_max_bet | B25: =B21*500.0

Sheet normal_expert_13
A1: normal_expert_13 Lookup Detail
A2: Derived from lookup rows
A3: Cost | B3: 1 | C3: Target RTP | D3: 0.9605 | E3: RTP Tol | F3: 0.01 | G3: Payout Scale | H3: 100
A5: Rows
A6: sim_id | B6: weight | C6: payout_raw | D6: payout_scaled | E6: probability | F6: weighted_payout | G6: cumulative_probability
A7: 3 | B7: 407 | C7: 10000 | D7: =C7/$H$3 | E7: =IF($B$19>0,B7/$B$19,0) | F7: =D7*E7 | G7: =E7
A8: 4 | B8: 110686 | C8: 300 | D8: =C8/$H$3 | E8: =IF($B$19>0,B8/$B$19,0) | F8: =D8*E8 | G8: =G7+E8
A9: 5 | B9: 127151 | C9: 60 | D9: =C9/$H$3 | E9: =IF($B$19>0,B9/$B$19,0) | F9: =D9*E9 | G9: =G8+E9
A10: 6 | B10: 130878 | C10: 10 | D10: =C10/$H$3 | E10: =IF($B$19>0,B10/$B$19,0) | F10: =D10*E10 | G10: =G9+E10
A11: 7 | B11: 130878 | C11: 10 | D11: =C11/$H$3 | E11: =IF($B$19>0,B11/$B$19,0) | F11: =D11*E11 | G11: =G10+E11
A12: 8 | B12: 130878 | C12: 10 | D12: =C12/$H$3 | E12: =IF($B$19>0,B12/$B$19,0) | F12: =D12*E12 | G12: =G11+E12
A13: 9 | B13: 130878 | C13: 10 | D13: =C13/$H$3 | E13: =IF($B$19>0,B13/$B$19,0) | F13: =D13*E13 | G13: =G12+E13
A14: 10 | B14: 127151 | C14: 60 | D14: =C14/$H$3 | E14: =IF($B$19>0,B14/$B$19,0) | F14: =D14*E14 | G14: =G13+E14
A15: 11 | B15: 110685 | C15: 300 | D15: =C15/$H$3 | E15: =IF($B$19>0,B15/$B$19,0) | F15: =D15*E15 | G15: =G14+E15
A16: 12 | B16: 407 | C16: 10000 | D16: =C16/$H$3 | E16: =IF($B$19>0,B16/$B$19,0) | F16: =D16*E16 | G16: =G15+E16
A17: 14 | B17: 1 | C17: 1000000 | D17: =C17/$H$3 | E17: =IF($B$19>0,B17/$B$19,0) | F17: =D17*E17 | G17: =G16+E17
A19: CHECK_SUMS | B19: =SUM(B7:B17) | C19: payout_raw_sum | D19: =SUM(D7:D17) | E19: =SUM(E7:E17) | F19: =SUM(F7:F17) | G19: =IF($B$3>0,F19/$B$3,0) | H19: =IF($D$3="","N/A",ABS(G19-$D$3)<=$F$3)
A20: rtp_drift | B20: =IF($D$3="","",G19-$D$3)
A21: prob_sum_check | B21: =ABS(E19-1)<=1E-9
A22: max_win_value | B22: =MAX(D7:D17)
A23: max_win_probability | B23: =SUMIFS(E7:E17,D7:D17,B22)
A24: outcome_rows | B24: =ROWS(A7:A17)
A25: unique_multipliers | B25: =SUMPRODUCT(1/COUNTIF(D7:D17,D7:D17))
A26: max_exposure_with_max_bet | B26: =B22*500.0

Sheet normal_expert_14
A1: normal_expert_14 Lookup Detail
A2: Derived from lookup rows
A3: Cost | B3: 1 | C3: Target RTP | D3: 0.9605 | E3: RTP Tol | F3: 0.01 | G3: Payout Scale | H3: 100
A5: Rows
A6: sim_id | B6: weight | C6: payout_raw | D6: payout_scaled | E6: probability | F6: weighted_payout | G6: cumulative_probability
A7: 3 | B7: 8 | C7: 16000 | D7: =C7/$H$3 | E7: =IF($B$20>0,B7/$B$20,0) | F7: =D7*E7 | G7: =E7
A8: 4 | B8: 98373 | C8: 300 | D8: =C8/$H$3 | E8: =IF($B$20>0,B8/$B$20,0) | F8: =D8*E8 | G8: =G7+E8
A9: 5 | B9: 109602 | C9: 120 | D9: =C9/$H$3 | E9: =IF($B$20>0,B9/$B$20,0) | F9: =D9*E9 | G9: =G8+E9
A10: 6 | B10: 116386 | C10: 20 | D10: =C10/$H$3 | E10: =IF($B$20>0,B10/$B$20,0) | F10: =D10*E10 | G10: =G9+E10
A11: 7 | B11: 117087 | C11: 10 | D11: =C11/$H$3 | E11: =IF($B$20>0,B11/$B$20,0) | F11: =D11*E11 | G11: =G10+E11
A12: 8 | B12: 117087 | C12: 10 | D12: =C12/$H$3 | E12: =IF($B$20>0,B12/$B$20,0) | F12: =D12*E12 | G12: =G11+E12
A13: 9 | B13: 117087 | C13: 10 | D13: =C13/$H$3 | E13: =IF($B$20>0,B13/$B$20,0) | F13: =D13*E13 | G13: =G12+E13
A14: 10 | B14: 116386 | C14: 20 | D14: =C14/$H$3 | E14: =IF($B$20>0,B14/$B$20,0) | F14: =D14*E14 | G14: =G13+E14
A15: 11 | B15: 109602 | C15: 120 | D15: =C15/$H$3 | E15: =IF($B$20>0,B15/$B$20,0) | F15: =D15*E15 | G15: =G14+E15
A16: 12 | B16: 98373 | C16: 300 | D16: =C16/$H$3 | E16: =IF($B$20>0,B16/$B$20,0) | F16: =D16*E16 | G16: =G15+E16
A17: 13 | B17: 8 | C17: 16000 | D17: =C17/$H$3 | E17: =IF($B$20>0,B17/$B$20,0) | F17: =D17*E17 | G17: =G16+E17
A18: 15 | B18: 1 | C18: 2300000 | D18: =C18/$H$3 | E18: =IF($B$20>0,B18/$B$20,0) | F18: =D18*E18 | G18: =G17+E18
A20: CHECK_SUMS | B20: =SUM(B7:B18) | C20: payout_raw_sum | D20: =SUM(D7:D18) | E20: =SUM(E7:E18) | F20: =SUM(F7:F18) | G20: =IF($B$3>0,F20/$B$3,0) | H20: =IF($D$3="","N/A",ABS(G20-$D$3)<=$F$3)
A21: rtp_drift | B21: =IF($D$3="","",G20-$D$3)
A22: prob_sum_check | B22: =ABS(E20-1)<=1E-9
A23: max_win_value | B23: =MAX(D7:D18)
A24: max_win_probability | B24: =SUMIFS(E7:E18,D7:D18,B23)
A25: outcome_rows | B25: =ROWS(A7:A18)
A26: unique_multipliers | B26: =SUMPRODUCT(1/COUNTIF(D7:D18,D7:D18))
A27: max_exposure_with_max_bet | B27: =B23*500.0

Sheet normal_expert_15
A1: normal_expert_15 Lookup Detail
A2: Derived from lookup rows
A3: Cost | B3: 1 | C3: Target RTP | D3: 0.9605 | E3: RTP Tol | F3: 0.01 | G3: Payout Scale | H3: 100
A5: Rows
A6: sim_id | B6: weight | C6: payout_raw | D6: payout_scaled | E6: probability | F6: weighted_payout | G6: cumulative_probability
A7: 4 | B7: 40719 | C7: 600 | D7: =C7/$H$3 | E7: =IF($B$19>0,B7/$B$19,0) | F7: =D7*E7 | G7: =E7
A8: 5 | B8: 89911 | C8: 180 | D8: =C8/$H$3 | E8: =IF($B$19>0,B8/$B$19,0) | F8: =D8*E8 | G8: =G7+E8
A9: 6 | B9: 121580 | C9: 20 | D9: =C9/$H$3 | E9: =IF($B$19>0,B9/$B$19,0) | F9: =D9*E9 | G9: =G8+E9
A10: 7 | B10: 123895 | C10: 10 | D10: =C10/$H$3 | E10: =IF($B$19>0,B10/$B$19,0) | F10: =D10*E10 | G10: =G9+E10
A11: 8 | B11: 123895 | C11: 10 | D11: =C11/$H$3 | E11: =IF($B$19>0,B11/$B$19,0) | F11: =D11*E11 | G11: =G10+E11
A12: 9 | B12: 123895 | C12: 10 | D12: =C12/$H$3 | E12: =IF($B$19>0,B12/$B$19,0) | F12: =D12*E12 | G12: =G11+E12
A13: 10 | B13: 123895 | C13: 10 | D13: =C13/$H$3 | E13: =IF($B$19>0,B13/$B$19,0) | F13: =D13*E13 | G13: =G12+E13
A14: 11 | B14: 121580 | C14: 20 | D14: =C14/$H$3 | E14: =IF($B$19>0,B14/$B$19,0) | F14: =D14*E14 | G14: =G13+E14
A15: 12 | B15: 89910 | C15: 180 | D15: =C15/$H$3 | E15: =IF($B$19>0,B15/$B$19,0) | F15: =D15*E15 | G15: =G14+E15
A16: 13 | B16: 40719 | C16: 600 | D16: =C16/$H$3 | E16: =IF($B$19>0,B16/$B$19,0) | F16: =D16*E16 | G16: =G15+E16
A17: 16 | B17: 1 | C17: 5000000 | D17: =C17/$H$3 | E17: =IF($B$19>0,B17/$B$19,0) | F17: =D17*E17 | G17: =G16+E17
A19: CHECK_SUMS | B19: =SUM(B7:B17) | C19: payout_raw_sum | D19: =SUM(D7:D17) | E19: =SUM(E7:E17) | F19: =SUM(F7:F17) | G19: =IF($B$3>0,F19/$B$3,0) | H19: =IF($D$3="","N/A",ABS(G19-$D$3)<=$F$3)
A20: rtp_drift | B20: =IF($D$3="","",G19-$D$3)
A21: prob_sum_check | B21: =ABS(E19-1)<=1E-9
A22: max_win_value | B22: =MAX(D7:D17)
A23: max_win_probability | B23: =SUMIFS(E7:E17,D7:D17,B22)
A24: outcome_rows | B24: =ROWS(A7:A17)
A25: unique_multipliers | B25: =SUMPRODUCT(1/COUNTIF(D7:D17,D7:D17))
A26: max_exposure_with_max_bet | B26: =B22*500.0

Sheet normal_expert_16
A1: normal_expert_16 Lookup Detail
A2: Derived from lookup rows
A3: Cost | B3: 1 | C3: Target RTP | D3: 0.9605 | E3: RTP Tol | F3: 0.01 | G3: Payout Scale | H3: 100
A5: Rows
A6: sim_id | B6: weight | C6: payout_raw | D6: payout_scaled | E6: probability | F6: weighted_payout | G6: cumulative_probability
A7: 4 | B7: 18431 | C7: 700 | D7: =C7/$H$3 | E7: =IF($B$20>0,B7/$B$20,0) | F7: =D7*E7 | G7: =E7
A8: 5 | B8: 65201 | C8: 250 | D8: =C8/$H$3 | E8: =IF($B$20>0,B8/$B$20,0) | F8: =D8*E8 | G8: =G7+E8
A9: 6 | B9: 96597 | C9: 110 | D9: =C9/$H$3 | E9: =IF($B$20>0,B9/$B$20,0) | F9: =D9*E9 | G9: =G8+E9
A10: 7 | B10: 127909 | C10: 10 | D10: =C10/$H$3 | E10: =IF($B$20>0,B10/$B$20,0) | F10: =D10*E10 | G10: =G9+E10
A11: 8 | B11: 127908 | C11: 10 | D11: =C11/$H$3 | E11: =IF($B$20>0,B11/$B$20,0) | F11: =D11*E11 | G11: =G10+E11
A12: 9 | B12: 127908 | C12: 10 | D12: =C12/$H$3 | E12: =IF($B$20>0,B12/$B$20,0) | F12: =D12*E12 | G12: =G11+E12
A13: 10 | B13: 127908 | C13: 10 | D13: =C13/$H$3 | E13: =IF($B$20>0,B13/$B$20,0) | F13: =D13*E13 | G13: =G12+E13
A14: 11 | B14: 127908 | C14: 10 | D14: =C14/$H$3 | E14: =IF($B$20>0,B14/$B$20,0) | F14: =D14*E14 | G14: =G13+E14
A15: 12 | B15: 96597 | C15: 110 | D15: =C15/$H$3 | E15: =IF($B$20>0,B15/$B$20,0) | F15: =D15*E15 | G15: =G14+E15
A16: 13 | B16: 65201 | C16: 250 | D16: =C16/$H$3 | E16: =IF($B$20>0,B16/$B$20,0) | F16: =D16*E16 | G16: =G15+E16
A17: 14 | B17: 18431 | C17: 700 | D17: =C17/$H$3 | E17: =IF($B$20>0,B17/$B$20,0) | F17: =D17*E17 | G17: =G16+E17
A18: 17 | B18: 1 | C18: 10000000 | D18: =C18/$H$3 | E18: =IF($B$20>0,B18/$B$20,0) | F18: =D18*E18 | G18: =G17+E18
A20: CHECK_SUMS | B20: =SUM(B7:B18) | C20: payout_raw_sum | D20: =SUM(D7:D18) | E20: =SUM(E7:E18) | F20: =SUM(F7:F18) | G20: =IF($B$3>0,F20/$B$3,0) | H20: =IF($D$3="","N/A",ABS(G20-$D$3)<=$F$3)
A21: rtp_drift | B21: =IF($D$3="","",G20-$D$3)
A22: prob_sum_check | B22: =ABS(E20-1)<=1E-9
A23: max_win_value | B23: =MAX(D7:D18)
A24: max_win_probability | B24: =SUMIFS(E7:E18,D7:D18,B23)
A25: outcome_rows | B25: =ROWS(A7:A18)
A26: unique_multipliers | B26: =SUMPRODUCT(1/COUNTIF(D7:D18,D7:D18))
A27: max_exposure_with_max_bet | B27: =B23*500.0

Sheet normal_expert_8
A1: normal_expert_8 Lookup Detail
A2: Derived from lookup rows
A3: Cost | B3: 1 | C3: Target RTP | D3: 0.9605 | E3: RTP Tol | F3: 0.01 | G3: Payout Scale | H3: 100
A5: Rows
A6: sim_id | B6: weight | C6: payout_raw | D6: payout_scaled | E6: probability | F6: weighted_payout | G6: cumulative_probability
A7: 2 | B7: 53 | C7: 4600 | D7: =C7/$H$3 | E7: =IF($B$16>0,B7/$B$16,0) | F7: =D7*E7 | G7: =E7
A8: 3 | B8: 39227 | C8: 1100 | D8: =C8/$H$3 | E8: =IF($B$16>0,B8/$B$16,0) | F8: =D8*E8 | G8: =G7+E8
A9: 4 | B9: 307147 | C9: 10 | D9: =C9/$H$3 | E9: =IF($B$16>0,B9/$B$16,0) | F9: =D9*E9 | G9: =G8+E9
A10: 5 | B10: 307146 | C10: 10 | D10: =C10/$H$3 | E10: =IF($B$16>0,B10/$B$16,0) | F10: =D10*E10 | G10: =G9+E10
A11: 6 | B11: 307146 | C11: 10 | D11: =C11/$H$3 | E11: =IF($B$16>0,B11/$B$16,0) | F11: =D11*E11 | G11: =G10+E11
A12: 7 | B12: 39227 | C12: 1100 | D12: =C12/$H$3 | E12: =IF($B$16>0,B12/$B$16,0) | F12: =D12*E12 | G12: =G11+E12
A13: 8 | B13: 53 | C13: 4600 | D13: =C13/$H$3 | E13: =IF($B$16>0,B13/$B$16,0) | F13: =D13*E13 | G13: =G12+E13
A14: 9 | B14: 1 | C14: 50000 | D14: =C14/$H$3 | E14: =IF($B$16>0,B14/$B$16,0) | F14: =D14*E14 | G14: =G13+E14
A16: CHECK_SUMS | B16: =SUM(B7:B14) | C16: payout_raw_sum | D16: =SUM(D7:D14) | E16: =SUM(E7:E14) | F16: =SUM(F7:F14) | G16: =IF($B$3>0,F16/$B$3,0) | H16: =IF($D$3="","N/A",ABS(G16-$D$3)<=$F$3)
A17: rtp_drift | B17: =IF($D$3="","",G16-$D$3)
A18: prob_sum_check | B18: =ABS(E16-1)<=1E-9
A19: max_win_value | B19: =MAX(D7:D14)
A20: max_win_probability | B20: =SUMIFS(E7:E14,D7:D14,B19)
A21: outcome_rows | B21: =ROWS(A7:A14)
A22: unique_multipliers | B22: =SUMPRODUCT(1/COUNTIF(D7:D14,D7:D14))
A23: max_exposure_with_max_bet | B23: =B19*500.0

Sheet normal_expert_9
A1: normal_expert_9 Lookup Detail
A2: Derived from lookup rows
A3: Cost | B3: 1 | C3: Target RTP | D3: 0.9605 | E3: RTP Tol | F3: 0.01 | G3: Payout Scale | H3: 100
A5: Rows
A6: sim_id | B6: weight | C6: payout_raw | D6: payout_scaled | E6: probability | F6: weighted_payout | G6: cumulative_probability
A7: 2 | B7: 3 | C7: 7800 | D7: =C7/$H$3 | E7: =IF($B$17>0,B7/$B$17,0) | F7: =D7*E7 | G7: =E7
A8: 3 | B8: 27253 | C8: 1500 | D8: =C8/$H$3 | E8: =IF($B$17>0,B8/$B$17,0) | F8: =D8*E8 | G8: =G7+E8
A9: 4 | B9: 234653 | C9: 20 | D9: =C9/$H$3 | E9: =IF($B$17>0,B9/$B$17,0) | F9: =D9*E9 | G9: =G8+E9
A10: 5 | B10: 238091 | C10: 10 | D10: =C10/$H$3 | E10: =IF($B$17>0,B10/$B$17,0) | F10: =D10*E10 | G10: =G9+E10
A11: 6 | B11: 238091 | C11: 10 | D11: =C11/$H$3 | E11: =IF($B$17>0,B11/$B$17,0) | F11: =D11*E11 | G11: =G10+E11
A12: 7 | B12: 234653 | C12: 20 | D12: =C12/$H$3 | E12: =IF($B$17>0,B12/$B$17,0) | F12: =D12*E12 | G12: =G11+E12
A13: 8 | B13: 27252 | C13: 1500 | D13: =C13/$H$3 | E13: =IF($B$17>0,B13/$B$17,0) | F13: =D13*E13 | G13: =G12+E13
A14: 9 | B14: 3 | C14: 7800 | D14: =C14/$H$3 | E14: =IF($B$17>0,B14/$B$17,0) | F14: =D14*E14 | G14: =G13+E14
A15: 10 | B15: 1 | C15: 100000 | D15: =C15/$H$3 | E15: =IF($B$17>0,B15/$B$17,0) | F15: =D15*E15 | G15: =G14+E15
A17: CHECK_SUMS | B17: =SUM(B7:B15) | C17: payout_raw_sum | D17: =SUM(D7:D15) | E17: =SUM(E7:E15) | F17: =SUM(F7:F15) | G17: =IF($B$3>0,F17/$B$3,0) | H17: =IF($D$3="","N/A",ABS(G17-$D$3)<=$F$3)
A18: rtp_drift | B18: =IF($D$3="","",G17-$D$3)
A19: prob_sum_check | B19: =ABS(E17-1)<=1E-9
A20: max_win_value | B20: =MAX(D7:D15)
A21: max_win_probability | B21: =SUMIFS(E7:E15,D7:D15,B20)
A22: outcome_rows | B22: =ROWS(A7:A15)
A23: unique_multipliers | B23: =SUMPRODUCT(1/COUNTIF(D7:D15,D7:D15))
A24: max_exposure_with_max_bet | B24: =B20*500.0

Sheet normal_high_10
A1: normal_high_10 Lookup Detail
A2: Derived from lookup rows
A3: Cost | B3: 1 | C3: Target RTP | D3: 0.9605 | E3: RTP Tol | F3: 0.01 | G3: Payout Scale | H3: 100
A5: Rows
A6: sim_id | B6: weight | C6: payout_raw | D6: payout_scaled | E6: probability | F6: weighted_payout | G6: cumulative_probability
A7: 2 | B7: 6175 | C7: 1000 | D7: =C7/$H$3 | E7: =IF($B$18>0,B7/$B$18,0) | F7: =D7*E7 | G7: =E7
A8: 3 | B8: 70857 | C8: 300 | D8: =C8/$H$3 | E8: =IF($B$18>0,B8/$B$18,0) | F8: =D8*E8 | G8: =G7+E8
A9: 4 | B9: 147334 | C9: 90 | D9: =C9/$H$3 | E9: =IF($B$18>0,B9/$B$18,0) | F9: =D9*E9 | G9: =G8+E9
A10: 5 | B10: 181608 | C10: 30 | D10: =C10/$H$3 | E10: =IF($B$18>0,B10/$B$18,0) | F10: =D10*E10 | G10: =G9+E10
A11: 6 | B11: 188051 | C11: 20 | D11: =C11/$H$3 | E11: =IF($B$18>0,B11/$B$18,0) | F11: =D11*E11 | G11: =G10+E11
A12: 7 | B12: 181608 | C12: 30 | D12: =C12/$H$3 | E12: =IF($B$18>0,B12/$B$18,0) | F12: =D12*E12 | G12: =G11+E12
A13: 8 | B13: 147334 | C13: 90 | D13: =C13/$H$3 | E13: =IF($B$18>0,B13/$B$18,0) | F13: =D13*E13 | G13: =G12+E13
A14: 9 | B14: 70857 | C14: 300 | D14: =C14/$H$3 | E14: =IF($B$18>0,B14/$B$18,0) | F14: =D14*E14 | G14: =G13+E14
A15: 10 | B15: 6175 | C15: 1000 | D15: =C15/$H$3 | E15: =IF($B$18>0,B15/$B$18,0) | F15: =D15*E15 | G15: =G14+E15
A16: 11 | B16: 1 | C16: 7600 | D16: =C16/$H$3 | E16: =IF($B$18>0,B16/$B$18,0) | F16: =D16*E16 | G16: =G15+E16
A18: CHECK_SUMS | B18: =SUM(B7:B16) | C18: payout_raw_sum | D18: =SUM(D7:D16) | E18: =SUM(E7:E16) | F18: =SUM(F7:F16) | G18: =IF($B$3>0,F18/$B$3,0) | H18: =IF($D$3="","N/A",ABS(G18-$D$3)<=$F$3)
A19: rtp_drift | B19: =IF($D$3="","",G18-$D$3)
A20: prob_sum_check | B20: =ABS(E18-1)<=1E-9
A21: max_win_value | B21: =MAX(D7:D16)
A22: max_win_probability | B22: =SUMIFS(E7:E16,D7:D16,B21)
A23: outcome_rows | B23: =ROWS(A7:A16)
A24: unique_multipliers | B24: =SUMPRODUCT(1/COUNTIF(D7:D16,D7:D16))
A25: max_exposure_with_max_bet | B25: =B21*500.0

Sheet normal_high_11
A1: normal_high_11 Lookup Detail
A2: Derived from lookup rows
A3: Cost | B3: 1 | C3: Target RTP | D3: 0.9605 | E3: RTP Tol | F3: 0.01 | G3: Payout Scale | H3: 100
A5: Rows
A6: sim_id | B6: weight | C6: payout_raw | D6: payout_scaled | E6: probability | F6: weighted_payout | G6: cumulative_probability
A7: 2 | B7: 2022 | C7: 1400 | D7: =C7/$H$3 | E7: =IF($B$19>0,B7/$B$19,0) | F7: =D7*E7 | G7: =E7
A8: 3 | B8: 35021 | C8: 520 | D8: =C8/$H$3 | E8: =IF($B$19>0,B8/$B$19,0) | F8: =D8*E8 | G8: =G7+E8
A9: 4 | B9: 119996 | C9: 140 | D9: =C9/$H$3 | E9: =IF($B$19>0,B9/$B$19,0) | F9: =D9*E9 | G9: =G8+E9
A10: 5 | B10: 165925 | C10: 40 | D10: =C10/$H$3 | E10: =IF($B$19>0,B10/$B$19,0) | F10: =D10*E10 | G10: =G9+E10
A11: 6 | B11: 177036 | C11: 20 | D11: =C11/$H$3 | E11: =IF($B$19>0,B11/$B$19,0) | F11: =D11*E11 | G11: =G10+E11
A12: 7 | B12: 177035 | C12: 20 | D12: =C12/$H$3 | E12: =IF($B$19>0,B12/$B$19,0) | F12: =D12*E12 | G12: =G11+E12
A13: 8 | B13: 165925 | C13: 40 | D13: =C13/$H$3 | E13: =IF($B$19>0,B13/$B$19,0) | F13: =D13*E13 | G13: =G12+E13
A14: 9 | B14: 119996 | C14: 140 | D14: =C14/$H$3 | E14: =IF($B$19>0,B14/$B$19,0) | F14: =D14*E14 | G14: =G13+E14
A15: 10 | B15: 35021 | C15: 520 | D15: =C15/$H$3 | E15: =IF($B$19>0,B15/$B$19,0) | F15: =D15*E15 | G15: =G14+E15
A16: 11 | B16: 2022 | C16: 1400 | D16: =C16/$H$3 | E16: =IF($B$19>0,B16/$B$19,0) | F16: =D16*E16 | G16: =G15+E16
A17: 12 | B17: 1 | C17: 12000 | D17: =C17/$H$3 | E17: =IF($B$19>0,B17/$B$19,0) | F17: =D17*E17 | G17: =G16+E17
A19: CHECK_SUMS | B19: =SUM(B7:B17) | C19: payout_raw_sum | D19: =SUM(D7:D17) | E19: =SUM(E7:E17) | F19: =SUM(F7:F17) | G19: =IF($B$3>0,F19/$B$3,0) | H19: =IF($D$3="","N/A",ABS(G19-$D$3)<=$F$3)
A20: rtp_drift | B20: =IF($D$3="","",G19-$D$3)
A21: prob_sum_check | B21: =ABS(E19-1)<=1E-9
A22: max_win_value | B22: =MAX(D7:D17)
A23: max_win_probability | B23: =SUMIFS(E7:E17,D7:D17,B22)
A24: outcome_rows | B24: =ROWS(A7:A17)
A25: unique_multipliers | B25: =SUMPRODUCT(1/COUNTIF(D7:D17,D7:D17))
A26: max_exposure_with_max_bet | B26: =B22*500.0

Sheet normal_high_12
A1: normal_high_12 Lookup Detail
A2: Derived from lookup rows
A3: Cost | B3: 1 | C3: Target RTP | D3: 0.9605 | E3: RTP Tol | F3: 0.01 | G3: Payout Scale | H3: 100
A5: Rows
A6: sim_id | B6: weight | C6: payout_raw | D6: payout_scaled | E6: probability | F6: weighted_payout | G6: cumulative_probability
A7: 2 | B7: 166 | C7: 2400 | D7: =C7/$H$3 | E7: =IF($B$20>0,B7/$B$20,0) | F7: =D7*E7 | G7: =E7
A8: 3 | B8: 16582 | C8: 810 | D8: =C8/$H$3 | E8: =IF($B$20>0,B8/$B$20,0) | F8: =D8*E8 | G8: =G7+E8
A9: 4 | B9: 96980 | C9: 200 | D9: =C9/$H$3 | E9: =IF($B$20>0,B9/$B$20,0) | F9: =D9*E9 | G9: =G8+E9
A10: 5 | B10: 141302 | C10: 70 | D10: =C10/$H$3 | E10: =IF($B$20>0,B10/$B$20,0) | F10: =D10*E10 | G10: =G9+E10
A11: 6 | B11: 163313 | C11: 20 | D11: =C11/$H$3 | E11: =IF($B$20>0,B11/$B$20,0) | F11: =D11*E11 | G11: =G10+E11
A12: 7 | B12: 163313 | C12: 20 | D12: =C12/$H$3 | E12: =IF($B$20>0,B12/$B$20,0) | F12: =D12*E12 | G12: =G11+E12
A13: 8 | B13: 163313 | C13: 20 | D13: =C13/$H$3 | E13: =IF($B$20>0,B13/$B$20,0) | F13: =D13*E13 | G13: =G12+E13
A14: 9 | B14: 141302 | C14: 70 | D14: =C14/$H$3 | E14: =IF($B$20>0,B14/$B$20,0) | F14: =D14*E14 | G14: =G13+E14
A15: 10 | B15: 96980 | C15: 200 | D15: =C15/$H$3 | E15: =IF($B$20>0,B15/$B$20,0) | F15: =D15*E15 | G15: =G14+E15
A16: 11 | B16: 16582 | C16: 810 | D16: =C16/$H$3 | E16: =IF($B$20>0,B16/$B$20,0) | F16: =D16*E16 | G16: =G15+E16
A17: 12 | B17: 166 | C17: 2400 | D17: =C17/$H$3 | E17: =IF($B$20>0,B17/$B$20,0) | F17: =D17*E17 | G17: =G16+E17
A18: 13 | B18: 1 | C18: 17000 | D18: =C18/$H$3 | E18: =IF($B$20>0,B18/$B$20,0) | F18: =D18*E18 | G18: =G17+E18
A20: CHECK_SUMS | B20: =SUM(B7:B18) | C20: payout_raw_sum | D20: =SUM(D7:D18) | E20: =SUM(E7:E18) | F20: =SUM(F7:F18) | G20: =IF($B$3>0,F20/$B$3,0) | H20: =IF($D$3="","N/A",ABS(G20-$D$3)<=$F$3)
A21: rtp_drift | B21: =IF($D$3="","",G20-$D$3)
A22: prob_sum_check | B22: =ABS(E20-1)<=1E-9
A23: max_win_value | B23: =MAX(D7:D18)
A24: max_win_probability | B24: =SUMIFS(E7:E18,D7:D18,B23)
A25: outcome_rows | B25: =ROWS(A7:A18)
A26: unique_multipliers | B26: =SUMPRODUCT(1/COUNTIF(D7:D18,D7:D18))
A27: max_exposure_with_max_bet | B27: =B23*500.0

Sheet normal_high_13
A1: normal_high_13 Lookup Detail
A2: Derived from lookup rows
A3: Cost | B3: 1 | C3: Target RTP | D3: 0.9605 | E3: RTP Tol | F3: 0.01 | G3: Payout Scale | H3: 100
A5: Rows
A6: sim_id | B6: weight | C6: payout_raw | D6: payout_scaled | E6: probability | F6: weighted_payout | G6: cumulative_probability
A7: 2 | B7: 4 | C7: 3700 | D7: =C7/$H$3 | E7: =IF($B$21>0,B7/$B$21,0) | F7: =D7*E7 | G7: =E7
A8: 3 | B8: 7209 | C8: 1100 | D8: =C8/$H$3 | E8: =IF($B$21>0,B8/$B$21,0) | F8: =D8*E8 | G8: =G7+E8
A9: 4 | B9: 53155 | C9: 400 | D9: =C9/$H$3 | E9: =IF($B$21>0,B9/$B$21,0) | F9: =D9*E9 | G9: =G8+E9
A10: 5 | B10: 125144 | C10: 100 | D10: =C10/$H$3 | E10: =IF($B$21>0,B10/$B$21,0) | F10: =D10*E10 | G10: =G9+E10
A11: 6 | B11: 157244 | C11: 20 | D11: =C11/$H$3 | E11: =IF($B$21>0,B11/$B$21,0) | F11: =D11*E11 | G11: =G10+E11
A12: 7 | B12: 157244 | C12: 20 | D12: =C12/$H$3 | E12: =IF($B$21>0,B12/$B$21,0) | F12: =D12*E12 | G12: =G11+E12
A13: 8 | B13: 157244 | C13: 20 | D13: =C13/$H$3 | E13: =IF($B$21>0,B13/$B$21,0) | F13: =D13*E13 | G13: =G12+E13
A14: 9 | B14: 157243 | C14: 20 | D14: =C14/$H$3 | E14: =IF($B$21>0,B14/$B$21,0) | F14: =D14*E14 | G14: =G13+E14
A15: 10 | B15: 125144 | C15: 100 | D15: =C15/$H$3 | E15: =IF($B$21>0,B15/$B$21,0) | F15: =D15*E15 | G15: =G14+E15
A16: 11 | B16: 53155 | C16: 400 | D16: =C16/$H$3 | E16: =IF($B$21>0,B16/$B$21,0) | F16: =D16*E16 | G16: =G15+E16
A17: 12 | B17: 7209 | C17: 1100 | D17: =C17/$H$3 | E17: =IF($B$21>0,B17/$B$21,0) | F17: =D17*E17 | G17: =G16+E17
A18: 13 | B18: 4 | C18: 3700 | D18: =C18/$H$3 | E18: =IF($B$21>0,B18/$B$21,0) | F18: =D18*E18 | G18: =G17+E18
A19: 14 | B19: 1 | C19: 26000 | D19: =C19/$H$3 | E19: =IF($B$21>0,B19/$B$21,0) | F19: =D19*E19 | G19: =G18+E19
A21: CHECK_SUMS | B21: =SUM(B7:B19) | C21: payout_raw_sum | D21: =SUM(D7:D19) | E21: =SUM(E7:E19) | F21: =SUM(F7:F19) | G21: =IF($B$3>0,F21/$B$3,0) | H21: =IF($D$3="","N/A",ABS(G21-$D$3)<=$F$3)
A22: rtp_drift | B22: =IF($D$3="","",G21-$D$3)
A23: prob_sum_check | B23: =ABS(E21-1)<=1E-9
A24: max_win_value | B24: =MAX(D7:D19)
A25: max_win_probability | B25: =SUMIFS(E7:E19,D7:D19,B24)
A26: outcome_rows | B26: =ROWS(A7:A19)
A27: unique_multipliers | B27: =SUMPRODUCT(1/COUNTIF(D7:D19,D7:D19))
A28: max_exposure_with_max_bet | B28: =B24*500.0

Sheet normal_high_14
A1: normal_high_14 Lookup Detail
A2: Derived from lookup rows
A3: Cost | B3: 1 | C3: Target RTP | D3: 0.9605 | E3: RTP Tol | F3: 0.01 | G3: Payout Scale | H3: 100
A5: Rows
A6: sim_id | B6: weight | C6: payout_raw | D6: payout_scaled | E6: probability | F6: weighted_payout | G6: cumulative_probability
A7: 3 | B7: 1079 | C7: 1800 | D7: =C7/$H$3 | E7: =IF($B$20>0,B7/$B$20,0) | F7: =D7*E7 | G7: =E7
A8: 4 | B8: 39331 | C8: 500 | D8: =C8/$H$3 | E8: =IF($B$20>0,B8/$B$20,0) | F8: =D8*E8 | G8: =G7+E8
A9: 5 | B9: 92711 | C9: 190 | D9: =C9/$H$3 | E9: =IF($B$20>0,B9/$B$20,0) | F9: =D9*E9 | G9: =G8+E9
A10: 6 | B10: 144323 | C10: 30 | D10: =C10/$H$3 | E10: =IF($B$20>0,B10/$B$20,0) | F10: =D10*E10 | G10: =G9+E10
A11: 7 | B11: 148371 | C11: 20 | D11: =C11/$H$3 | E11: =IF($B$20>0,B11/$B$20,0) | F11: =D11*E11 | G11: =G10+E11
A12: 8 | B12: 148370 | C12: 20 | D12: =C12/$H$3 | E12: =IF($B$20>0,B12/$B$20,0) | F12: =D12*E12 | G12: =G11+E12
A13: 9 | B13: 148370 | C13: 20 | D13: =C13/$H$3 | E13: =IF($B$20>0,B13/$B$20,0) | F13: =D13*E13 | G13: =G12+E13
A14: 10 | B14: 144323 | C14: 30 | D14: =C14/$H$3 | E14: =IF($B$20>0,B14/$B$20,0) | F14: =D14*E14 | G14: =G13+E14
A15: 11 | B15: 92711 | C15: 190 | D15: =C15/$H$3 | E15: =IF($B$20>0,B15/$B$20,0) | F15: =D15*E15 | G15: =G14+E15
A16: 12 | B16: 39331 | C16: 500 | D16: =C16/$H$3 | E16: =IF($B$20>0,B16/$B$20,0) | F16: =D16*E16 | G16: =G15+E16
A17: 13 | B17: 1079 | C17: 1800 | D17: =C17/$H$3 | E17: =IF($B$20>0,B17/$B$20,0) | F17: =D17*E17 | G17: =G16+E17
A18: 15 | B18: 1 | C18: 42000 | D18: =C18/$H$3 | E18: =IF($B$20>0,B18/$B$20,0) | F18: =D18*E18 | G18: =G17+E18
A20: CHECK_SUMS | B20: =SUM(B7:B18) | C20: payout_raw_sum | D20: =SUM(D7:D18) | E20: =SUM(E7:E18) | F20: =SUM(F7:F18) | G20: =IF($B$3>0,F20/$B$3,0) | H20: =IF($D$3="","N/A",ABS(G20-$D$3)<=$F$3)
A21: rtp_drift | B21: =IF($D$3="","",G20-$D$3)
A22: prob_sum_check | B22: =ABS(E20-1)<=1E-9
A23: max_win_value | B23: =MAX(D7:D18)
A24: max_win_probability | B24: =SUMIFS(E7:E18,D7:D18,B23)
A25: outcome_rows | B25: =ROWS(A7:A18)
A26: unique_multipliers | B26: =SUMPRODUCT(1/COUNTIF(D7:D18,D7:D18))
A27: max_exposure_with_max_bet | B27: =B23*500.0

Sheet normal_high_15
A1: normal_high_15 Lookup Detail
A2: Derived from lookup rows
A3: Cost | B3: 1 | C3: Target RTP | D3: 0.9605 | E3: RTP Tol | F3: 0.01 | G3: Payout Scale | H3: 100
A5: Rows
A6: sim_id | B6: weight | C6: payout_raw | D6: payout_scaled | E6: probability | F6: weighted_payout | G6: cumulative_probability
A7: 3 | B7: 136 | C7: 2700 | D7: =C7/$H$3 | E7: =IF($B$21>0,B7/$B$21,0) | F7: =D7*E7 | G7: =E7
A8: 4 | B8: 18698 | C8: 800 | D8: =C8/$H$3 | E8: =IF($B$21>0,B8/$B$21,0) | F8: =D8*E8 | G8: =G7+E8
A9: 5 | B9: 68315 | C9: 300 | D9: =C9/$H$3 | E9: =IF($B$21>0,B9/$B$21,0) | F9: =D9*E9 | G9: =G8+E9
A10: 6 | B10: 130579 | C10: 50 | D10: =C10/$H$3 | E10: =IF($B$21>0,B10/$B$21,0) | F10: =D10*E10 | G10: =G9+E10
A11: 7 | B11: 141136 | C11: 20 | D11: =C11/$H$3 | E11: =IF($B$21>0,B11/$B$21,0) | F11: =D11*E11 | G11: =G10+E11
A12: 8 | B12: 141136 | C12: 20 | D12: =C12/$H$3 | E12: =IF($B$21>0,B12/$B$21,0) | F12: =D12*E12 | G12: =G11+E12
A13: 9 | B13: 141136 | C13: 20 | D13: =C13/$H$3 | E13: =IF($B$21>0,B13/$B$21,0) | F13: =D13*E13 | G13: =G12+E13
A14: 10 | B14: 141136 | C14: 20 | D14: =C14/$H$3 | E14: =IF($B$21>0,B14/$B$21,0) | F14: =D14*E14 | G14: =G13+E14
A15: 11 | B15: 130579 | C15: 50 | D15: =C15/$H$3 | E15: =IF($B$21>0,B15/$B$21,0) | F15: =D15*E15 | G15: =G14+E15
A16: 12 | B16: 68314 | C16: 300 | D16: =C16/$H$3 | E16: =IF($B$21>0,B16/$B$21,0) | F16: =D16*E16 | G16: =G15+E16
A17: 13 | B17: 18698 | C17: 800 | D17: =C17/$H$3 | E17: =IF($B$21>0,B17/$B$21,0) | F17: =D17*E17 | G17: =G16+E17
A18: 14 | B18: 136 | C18: 2700 | D18: =C18/$H$3 | E18: =IF($B$21>0,B18/$B$21,0) | F18: =D18*E18 | G18: =G17+E18
A19: 16 | B19: 1 | C19: 62000 | D19: =C19/$H$3 | E19: =IF($B$21>0,B19/$B$21,0) | F19: =D19*E19 | G19: =G18+E19
A21: CHECK_SUMS | B21: =SUM(B7:B19) | C21: payout_raw_sum | D21: =SUM(D7:D19) | E21: =SUM(E7:E19) | F21: =SUM(F7:F19) | G21: =IF($B$3>0,F21/$B$3,0) | H21: =IF($D$3="","N/A",ABS(G21-$D$3)<=$F$3)
A22: rtp_drift | B22: =IF($D$3="","",G21-$D$3)
A23: prob_sum_check | B23: =ABS(E21-1)<=1E-9
A24: max_win_value | B24: =MAX(D7:D19)
A25: max_win_probability | B25: =SUMIFS(E7:E19,D7:D19,B24)
A26: outcome_rows | B26: =ROWS(A7:A19)
A27: unique_multipliers | B27: =SUMPRODUCT(1/COUNTIF(D7:D19,D7:D19))
A28: max_exposure_with_max_bet | B28: =B24*500.0

Sheet normal_high_16
A1: normal_high_16 Lookup Detail
A2: Derived from lookup rows
A3: Cost | B3: 1 | C3: Target RTP | D3: 0.9605 | E3: RTP Tol | F3: 0.01 | G3: Payout Scale | H3: 100
A5: Rows
A6: sim_id | B6: weight | C6: payout_raw | D6: payout_scaled | E6: probability | F6: weighted_payout | G6: cumulative_probability
A7: 3 | B7: 31 | C7: 2600 | D7: =C7/$H$3 | E7: =IF($B$22>0,B7/$B$22,0) | F7: =D7*E7 | G7: =E7
A8: 4 | B8: 8163 | C8: 900 | D8: =C8/$H$3 | E8: =IF($B$22>0,B8/$B$22,0) | F8: =D8*E8 | G8: =G7+E8
A9: 5 | B9: 42226 | C9: 400 | D9: =C9/$H$3 | E9: =IF($B$22>0,B9/$B$22,0) | F9: =D9*E9 | G9: =G8+E9
A10: 6 | B10: 81484 | C10: 200 | D10: =C10/$H$3 | E10: =IF($B$22>0,B10/$B$22,0) | F10: =D10*E10 | G10: =G9+E10
A11: 7 | B11: 147239 | C11: 20 | D11: =C11/$H$3 | E11: =IF($B$22>0,B11/$B$22,0) | F11: =D11*E11 | G11: =G10+E11
A12: 8 | B12: 147238 | C12: 20 | D12: =C12/$H$3 | E12: =IF($B$22>0,B12/$B$22,0) | F12: =D12*E12 | G12: =G11+E12
A13: 9 | B13: 147238 | C13: 20 | D13: =C13/$H$3 | E13: =IF($B$22>0,B13/$B$22,0) | F13: =D13*E13 | G13: =G12+E13
A14: 10 | B14: 147238 | C14: 20 | D14: =C14/$H$3 | E14: =IF($B$22>0,B14/$B$22,0) | F14: =D14*E14 | G14: =G13+E14
A15: 11 | B15: 147238 | C15: 20 | D15: =C15/$H$3 | E15: =IF($B$22>0,B15/$B$22,0) | F15: =D15*E15 | G15: =G14+E15
A16: 12 | B16: 81484 | C16: 200 | D16: =C16/$H$3 | E16: =IF($B$22>0,B16/$B$22,0) | F16: =D16*E16 | G16: =G15+E16
A17: 13 | B17: 42226 | C17: 400 | D17: =C17/$H$3 | E17: =IF($B$22>0,B17/$B$22,0) | F17: =D17*E17 | G17: =G16+E17
A18: 14 | B18: 8163 | C18: 900 | D18: =C18/$H$3 | E18: =IF($B$22>0,B18/$B$22,0) | F18: =D18*E18 | G18: =G17+E18
A19: 15 | B19: 31 | C19: 2600 | D19: =C19/$H$3 | E19: =IF($B$22>0,B19/$B$22,0) | F19: =D19*E19 | G19: =G18+E19
A20: 17 | B20: 1 | C20: 100000 | D20: =C20/$H$3 | E20: =IF($B$22>0,B20/$B$22,0) | F20: =D20*E20 | G20: =G19+E20
A22: CHECK_SUMS | B22: =SUM(B7:B20) | C22: payout_raw_sum | D22: =SUM(D7:D20) | E22: =SUM(E7:E20) | F22: =SUM(F7:F20) | G22: =IF($B$3>0,F22/$B$3,0) | H22: =IF($D$3="","N/A",ABS(G22-$D$3)<=$F$3)
A23: rtp_drift | B23: =IF($D$3="","",G22-$D$3)
A24: prob_sum_check | B24: =ABS(E22-1)<=1E-9
A25: max_win_value | B25: =MAX(D7:D20)
A26: max_win_probability | B26: =SUMIFS(E7:E20,D7:D20,B25)
A27: outcome_rows | B27: =ROWS(A7:A20)
A28: unique_multipliers | B28: =SUMPRODUCT(1/COUNTIF(D7:D20,D7:D20))
A29: max_exposure_with_max_bet | B29: =B25*500.0

Sheet normal_high_8
A1: normal_high_8 Lookup Detail
A2: Derived from lookup rows
A3: Cost | B3: 1 | C3: Target RTP | D3: 0.9605 | E3: RTP Tol | F3: 0.01 | G3: Payout Scale | H3: 100
A5: Rows
A6: sim_id | B6: weight | C6: payout_raw | D6: payout_scaled | E6: probability | F6: weighted_payout | G6: cumulative_probability
A7: 1 | B7: 3 | C7: 2900 | D7: =C7/$H$3 | E7: =IF($B$17>0,B7/$B$17,0) | F7: =D7*E7 | G7: =E7
A8: 2 | B8: 49565 | C8: 400 | D8: =C8/$H$3 | E8: =IF($B$17>0,B8/$B$17,0) | F8: =D8*E8 | G8: =G7+E8
A9: 3 | B9: 131430 | C9: 150 | D9: =C9/$H$3 | E9: =IF($B$17>0,B9/$B$17,0) | F9: =D9*E9 | G9: =G8+E9
A10: 4 | B10: 209886 | C10: 30 | D10: =C10/$H$3 | E10: =IF($B$17>0,B10/$B$17,0) | F10: =D10*E10 | G10: =G9+E10
A11: 5 | B11: 218234 | C11: 20 | D11: =C11/$H$3 | E11: =IF($B$17>0,B11/$B$17,0) | F11: =D11*E11 | G11: =G10+E11
A12: 6 | B12: 209886 | C12: 30 | D12: =C12/$H$3 | E12: =IF($B$17>0,B12/$B$17,0) | F12: =D12*E12 | G12: =G11+E12
A13: 7 | B13: 131430 | C13: 150 | D13: =C13/$H$3 | E13: =IF($B$17>0,B13/$B$17,0) | F13: =D13*E13 | G13: =G12+E13
A14: 8 | B14: 49565 | C14: 400 | D14: =C14/$H$3 | E14: =IF($B$17>0,B14/$B$17,0) | F14: =D14*E14 | G14: =G13+E14
A15: 9 | B15: 1 | C15: 2900 | D15: =C15/$H$3 | E15: =IF($B$17>0,B15/$B$17,0) | F15: =D15*E15 | G15: =G14+E15
A17: CHECK_SUMS | B17: =SUM(B7:B15) | C17: payout_raw_sum | D17: =SUM(D7:D15) | E17: =SUM(E7:E15) | F17: =SUM(F7:F15) | G17: =IF($B$3>0,F17/$B$3,0) | H17: =IF($D$3="","N/A",ABS(G17-$D$3)<=$F$3)
A18: rtp_drift | B18: =IF($D$3="","",G17-$D$3)
A19: prob_sum_check | B19: =ABS(E17-1)<=1E-9
A20: max_win_value | B20: =MAX(D7:D15)
A21: max_win_probability | B21: =SUMIFS(E7:E15,D7:D15,B20)
A22: outcome_rows | B22: =ROWS(A7:A15)
A23: unique_multipliers | B23: =SUMPRODUCT(1/COUNTIF(D7:D15,D7:D15))
A24: max_exposure_with_max_bet | B24: =B20*500.0

Sheet normal_high_9
A1: normal_high_9 Lookup Detail
A2: Derived from lookup rows
A3: Cost | B3: 1 | C3: Target RTP | D3: 0.9605 | E3: RTP Tol | F3: 0.01 | G3: Payout Scale | H3: 100
A5: Rows
A6: sim_id | B6: weight | C6: payout_raw | D6: payout_scaled | E6: probability | F6: weighted_payout | G6: cumulative_probability
A7: 2 | B7: 17622 | C7: 700 | D7: =C7/$H$3 | E7: =IF($B$17>0,B7/$B$17,0) | F7: =D7*E7 | G7: =E7
A8: 3 | B8: 105820 | C8: 200 | D8: =C8/$H$3 | E8: =IF($B$17>0,B8/$B$17,0) | F8: =D8*E8 | G8: =G7+E8
A9: 4 | B9: 174802 | C9: 60 | D9: =C9/$H$3 | E9: =IF($B$17>0,B9/$B$17,0) | F9: =D9*E9 | G9: =G8+E9
A10: 5 | B10: 201756 | C10: 20 | D10: =C10/$H$3 | E10: =IF($B$17>0,B10/$B$17,0) | F10: =D10*E10 | G10: =G9+E10
A11: 6 | B11: 201756 | C11: 20 | D11: =C11/$H$3 | E11: =IF($B$17>0,B11/$B$17,0) | F11: =D11*E11 | G11: =G10+E11
A12: 7 | B12: 174802 | C12: 60 | D12: =C12/$H$3 | E12: =IF($B$17>0,B12/$B$17,0) | F12: =D12*E12 | G12: =G11+E12
A13: 8 | B13: 105819 | C13: 200 | D13: =C13/$H$3 | E13: =IF($B$17>0,B13/$B$17,0) | F13: =D13*E13 | G13: =G12+E13
A14: 9 | B14: 17622 | C14: 700 | D14: =C14/$H$3 | E14: =IF($B$17>0,B14/$B$17,0) | F14: =D14*E14 | G14: =G13+E14
A15: 10 | B15: 1 | C15: 4300 | D15: =C15/$H$3 | E15: =IF($B$17>0,B15/$B$17,0) | F15: =D15*E15 | G15: =G14+E15
A17: CHECK_SUMS | B17: =SUM(B7:B15) | C17: payout_raw_sum | D17: =SUM(D7:D15) | E17: =SUM(E7:E15) | F17: =SUM(F7:F15) | G17: =IF($B$3>0,F17/$B$3,0) | H17: =IF($D$3="","N/A",ABS(G17-$D$3)<=$F$3)
A18: rtp_drift | B18: =IF($D$3="","",G17-$D$3)
A19: prob_sum_check | B19: =ABS(E17-1)<=1E-9
A20: max_win_value | B20: =MAX(D7:D15)
A21: max_win_probability | B21: =SUMIFS(E7:E15,D7:D15,B20)
A22: outcome_rows | B22: =ROWS(A7:A15)
A23: unique_multipliers | B23: =SUMPRODUCT(1/COUNTIF(D7:D15,D7:D15))
A24: max_exposure_with_max_bet | B24: =B20*500.0

Sheet normal_low_10
A1: normal_low_10 Lookup Detail
A2: Derived from lookup rows
A3: Cost | B3: 1 | C3: Target RTP | D3: 0.9605 | E3: RTP Tol | F3: 0.01 | G3: Payout Scale | H3: 100
A5: Rows
A6: sim_id | B6: weight | C6: payout_raw | D6: payout_scaled | E6: probability | F6: weighted_payout | G6: cumulative_probability
A7: 1 | B7: 1 | C7: 890 | D7: =C7/$H$3 | E7: =IF($B$19>0,B7/$B$19,0) | F7: =D7*E7 | G7: =E7
A8: 2 | B8: 6697 | C8: 300 | D8: =C8/$H$3 | E8: =IF($B$19>0,B8/$B$19,0) | F8: =D8*E8 | G8: =G7+E8
A9: 3 | B9: 77086 | C9: 140 | D9: =C9/$H$3 | E9: =IF($B$19>0,B9/$B$19,0) | F9: =D9*E9 | G9: =G8+E9
A10: 4 | B10: 121881 | C10: 110 | D10: =C10/$H$3 | E10: =IF($B$19>0,B10/$B$19,0) | F10: =D10*E10 | G10: =G9+E10
A11: 5 | B11: 141990 | C11: 100 | D11: =C11/$H$3 | E11: =IF($B$19>0,B11/$B$19,0) | F11: =D11*E11 | G11: =G10+E11
A12: 6 | B12: 304691 | C12: 50 | D12: =C12/$H$3 | E12: =IF($B$19>0,B12/$B$19,0) | F12: =D12*E12 | G12: =G11+E12
A13: 7 | B13: 141990 | C13: 100 | D13: =C13/$H$3 | E13: =IF($B$19>0,B13/$B$19,0) | F13: =D13*E13 | G13: =G12+E13
A14: 8 | B14: 121881 | C14: 110 | D14: =C14/$H$3 | E14: =IF($B$19>0,B14/$B$19,0) | F14: =D14*E14 | G14: =G13+E14
A15: 9 | B15: 77086 | C15: 140 | D15: =C15/$H$3 | E15: =IF($B$19>0,B15/$B$19,0) | F15: =D15*E15 | G15: =G14+E15
A16: 10 | B16: 6696 | C16: 300 | D16: =C16/$H$3 | E16: =IF($B$19>0,B16/$B$19,0) | F16: =D16*E16 | G16: =G15+E16
A17: 11 | B17: 1 | C17: 890 | D17: =C17/$H$3 | E17: =IF($B$19>0,B17/$B$19,0) | F17: =D17*E17 | G17: =G16+E17
A19: CHECK_SUMS | B19: =SUM(B7:B17) | C19: payout_raw_sum | D19: =SUM(D7:D17) | E19: =SUM(E7:E17) | F19: =SUM(F7:F17) | G19: =IF($B$3>0,F19/$B$3,0) | H19: =IF($D$3="","N/A",ABS(G19-$D$3)<=$F$3)
A20: rtp_drift | B20: =IF($D$3="","",G19-$D$3)
A21: prob_sum_check | B21: =ABS(E19-1)<=1E-9
A22: max_win_value | B22: =MAX(D7:D17)
A23: max_win_probability | B23: =SUMIFS(E7:E17,D7:D17,B22)
A24: outcome_rows | B24: =ROWS(A7:A17)
A25: unique_multipliers | B25: =SUMPRODUCT(1/COUNTIF(D7:D17,D7:D17))
A26: max_exposure_with_max_bet | B26: =B22*500.0

Sheet normal_low_11
A1: normal_low_11 Lookup Detail
A2: Derived from lookup rows
A3: Cost | B3: 1 | C3: Target RTP | D3: 0.9605 | E3: RTP Tol | F3: 0.01 | G3: Payout Scale | H3: 100
A5: Rows
A6: sim_id | B6: weight | C6: payout_raw | D6: payout_scaled | E6: probability | F6: weighted_payout | G6: cumulative_probability
A7: 2 | B7: 3366 | C7: 300 | D7: =C7/$H$3 | E7: =IF($B$19>0,B7/$B$19,0) | F7: =D7*E7 | G7: =E7
A8: 3 | B8: 26312 | C8: 190 | D8: =C8/$H$3 | E8: =IF($B$19>0,B8/$B$19,0) | F8: =D8*E8 | G8: =G7+E8
A9: 4 | B9: 80781 | C9: 130 | D9: =C9/$H$3 | E9: =IF($B$19>0,B9/$B$19,0) | F9: =D9*E9 | G9: =G8+E9
A10: 5 | B10: 141540 | C10: 100 | D10: =C10/$H$3 | E10: =IF($B$19>0,B10/$B$19,0) | F10: =D10*E10 | G10: =G9+E10
A11: 6 | B11: 248001 | C11: 70 | D11: =C11/$H$3 | E11: =IF($B$19>0,B11/$B$19,0) | F11: =D11*E11 | G11: =G10+E11
A12: 7 | B12: 248001 | C12: 70 | D12: =C12/$H$3 | E12: =IF($B$19>0,B12/$B$19,0) | F12: =D12*E12 | G12: =G11+E12
A13: 8 | B13: 141540 | C13: 100 | D13: =C13/$H$3 | E13: =IF($B$19>0,B13/$B$19,0) | F13: =D13*E13 | G13: =G12+E13
A14: 9 | B14: 80780 | C14: 130 | D14: =C14/$H$3 | E14: =IF($B$19>0,B14/$B$19,0) | F14: =D14*E14 | G14: =G13+E14
A15: 10 | B15: 26312 | C15: 190 | D15: =C15/$H$3 | E15: =IF($B$19>0,B15/$B$19,0) | F15: =D15*E15 | G15: =G14+E15
A16: 11 | B16: 3366 | C16: 300 | D16: =C16/$H$3 | E16: =IF($B$19>0,B16/$B$19,0) | F16: =D16*E16 | G16: =G15+E16
A17: 12 | B17: 1 | C17: 840 | D17: =C17/$H$3 | E17: =IF($B$19>0,B17/$B$19,0) | F17: =D17*E17 | G17: =G16+E17
A19: CHECK_SUMS | B19: =SUM(B7:B17) | C19: payout_raw_sum | D19: =SUM(D7:D17) | E19: =SUM(E7:E17) | F19: =SUM(F7:F17) | G19: =IF($B$3>0,F19/$B$3,0) | H19: =IF($D$3="","N/A",ABS(G19-$D$3)<=$F$3)
A20: rtp_drift | B20: =IF($D$3="","",G19-$D$3)
A21: prob_sum_check | B21: =ABS(E19-1)<=1E-9
A22: max_win_value | B22: =MAX(D7:D17)
A23: max_win_probability | B23: =SUMIFS(E7:E17,D7:D17,B22)
A24: outcome_rows | B24: =ROWS(A7:A17)
A25: unique_multipliers | B25: =SUMPRODUCT(1/COUNTIF(D7:D17,D7:D17))
A26: max_exposure_with_max_bet | B26: =B22*500.0

Sheet normal_low_12
A1: normal_low_12 Lookup Detail
A2: Derived from lookup rows
A3: Cost | B3: 1 | C3: Target RTP | D3: 0.9605 | E3: RTP Tol | F3: 0.01 | G3: Payout Scale | H3: 100
A5: Rows
A6: sim_id | B6: weight | C6: payout_raw | D6: payout_scaled | E6: probability | F6: weighted_payout | G6: cumulative_probability
A7: 2 | B7: 2704 | C7: 300 | D7: =C7/$H$3 | E7: =IF($B$20>0,B7/$B$20,0) | F7: =D7*E7 | G7: =E7
A8: 3 | B8: 40044 | C8: 160 | D8: =C8/$H$3 | E8: =IF($B$20>0,B8/$B$20,0) | F8: =D8*E8 | G8: =G7+E8
A9: 4 | B9: 58851 | C9: 140 | D9: =C9/$H$3 | E9: =IF($B$20>0,B9/$B$20,0) | F9: =D9*E9 | G9: =G8+E9
A10: 5 | B10: 104855 | C10: 110 | D10: =C10/$H$3 | E10: =IF($B$20>0,B10/$B$20,0) | F10: =D10*E10 | G10: =G9+E10
A11: 6 | B11: 127117 | C11: 100 | D11: =C11/$H$3 | E11: =IF($B$20>0,B11/$B$20,0) | F11: =D11*E11 | G11: =G10+E11
A12: 7 | B12: 332858 | C12: 50 | D12: =C12/$H$3 | E12: =IF($B$20>0,B12/$B$20,0) | F12: =D12*E12 | G12: =G11+E12
A13: 8 | B13: 127116 | C13: 100 | D13: =C13/$H$3 | E13: =IF($B$20>0,B13/$B$20,0) | F13: =D13*E13 | G13: =G12+E13
A14: 9 | B14: 104855 | C14: 110 | D14: =C14/$H$3 | E14: =IF($B$20>0,B14/$B$20,0) | F14: =D14*E14 | G14: =G13+E14
A15: 10 | B15: 58851 | C15: 140 | D15: =C15/$H$3 | E15: =IF($B$20>0,B15/$B$20,0) | F15: =D15*E15 | G15: =G14+E15
A16: 11 | B16: 40044 | C16: 160 | D16: =C16/$H$3 | E16: =IF($B$20>0,B16/$B$20,0) | F16: =D16*E16 | G16: =G15+E16
A17: 12 | B17: 2704 | C17: 300 | D17: =C17/$H$3 | E17: =IF($B$20>0,B17/$B$20,0) | F17: =D17*E17 | G17: =G16+E17
A18: 13 | B18: 1 | C18: 1000 | D18: =C18/$H$3 | E18: =IF($B$20>0,B18/$B$20,0) | F18: =D18*E18 | G18: =G17+E18
A20: CHECK_SUMS | B20: =SUM(B7:B18) | C20: payout_raw_sum | D20: =SUM(D7:D18) | E20: =SUM(E7:E18) | F20: =SUM(F7:F18) | G20: =IF($B$3>0,F20/$B$3,0) | H20: =IF($D$3="","N/A",ABS(G20-$D$3)<=$F$3)
A21: rtp_drift | B21: =IF($D$3="","",G20-$D$3)
A22: prob_sum_check | B22: =ABS(E20-1)<=1E-9
A23: max_win_value | B23: =MAX(D7:D18)
A24: max_win_probability | B24: =SUMIFS(E7:E18,D7:D18,B23)
A25: outcome_rows | B25: =ROWS(A7:A18)
A26: unique_multipliers | B26: =SUMPRODUCT(1/COUNTIF(D7:D18,D7:D18))
A27: max_exposure_with_max_bet | B27: =B23*500.0

Sheet normal_low_13
A1: normal_low_13 Lookup Detail
A2: Derived from lookup rows
A3: Cost | B3: 1 | C3: Target RTP | D3: 0.9605 | E3: RTP Tol | F3: 0.01 | G3: Payout Scale | H3: 100
A5: Rows
A6: sim_id | B6: weight | C6: payout_raw | D6: payout_scaled | E6: probability | F6: weighted_payout | G6: cumulative_probability
A7: 1 | B7: 1 | C7: 810 | D7: =C7/$H$3 | E7: =IF($B$22>0,B7/$B$22,0) | F7: =D7*E7 | G7: =E7
A8: 2 | B8: 1015 | C8: 400 | D8: =C8/$H$3 | E8: =IF($B$22>0,B8/$B$22,0) | F8: =D8*E8 | G8: =G7+E8
A9: 3 | B9: 5135 | C9: 300 | D9: =C9/$H$3 | E9: =IF($B$22>0,B9/$B$22,0) | F9: =D9*E9 | G9: =G8+E9
A10: 4 | B10: 30550 | C10: 190 | D10: =C10/$H$3 | E10: =IF($B$22>0,B10/$B$22,0) | F10: =D10*E10 | G10: =G9+E10
A11: 5 | B11: 95025 | C11: 120 | D11: =C11/$H$3 | E11: =IF($B$22>0,B11/$B$22,0) | F11: =D11*E11 | G11: =G10+E11
A12: 6 | B12: 154545 | C12: 90 | D12: =C12/$H$3 | E12: =IF($B$22>0,B12/$B$22,0) | F12: =D12*E12 | G12: =G11+E12
A13: 7 | B13: 213729 | C13: 70 | D13: =C13/$H$3 | E13: =IF($B$22>0,B13/$B$22,0) | F13: =D13*E13 | G13: =G12+E13
A14: 8 | B14: 213729 | C14: 70 | D14: =C14/$H$3 | E14: =IF($B$22>0,B14/$B$22,0) | F14: =D14*E14 | G14: =G13+E14
A15: 9 | B15: 154545 | C15: 90 | D15: =C15/$H$3 | E15: =IF($B$22>0,B15/$B$22,0) | F15: =D15*E15 | G15: =G14+E15
A16: 10 | B16: 95025 | C16: 120 | D16: =C16/$H$3 | E16: =IF($B$22>0,B16/$B$22,0) | F16: =D16*E16 | G16: =G15+E16
A17: 11 | B17: 30550 | C17: 190 | D17: =C17/$H$3 | E17: =IF($B$22>0,B17/$B$22,0) | F17: =D17*E17 | G17: =G16+E17
A18: 12 | B18: 5135 | C18: 300 | D18: =C18/$H$3 | E18: =IF($B$22>0,B18/$B$22,0) | F18: =D18*E18 | G18: =G17+E18
A19: 13 | B19: 1015 | C19: 400 | D19: =C19/$H$3 | E19: =IF($B$22>0,B19/$B$22,0) | F19: =D19*E19 | G19: =G18+E19
A20: 14 | B20: 1 | C20: 810 | D20: =C20/$H$3 | E20: =IF($B$22>0,B20/$B$22,0) | F20: =D20*E20 | G20: =G19+E20
A22: CHECK_SUMS | B22: =SUM(B7:B20) | C22: payout_raw_sum | D22: =SUM(D7:D20) | E22: =SUM(E7:E20) | F22: =SUM(F7:F20) | G22: =IF($B$3>0,F22/$B$3,0) | H22: =IF($D$3="","N/A",ABS(G22-$D$3)<=$F$3)
A23: rtp_drift | B23: =IF($D$3="","",G22-$D$3)
A24: prob_sum_check | B24: =ABS(E22-1)<=1E-9
A25: max_win_value | B25: =MAX(D7:D20)
A26: max_win_probability | B26: =SUMIFS(E7:E20,D7:D20,B25)
A27: outcome_rows | B27: =ROWS(A7:A20)
A28: unique_multipliers | B28: =SUMPRODUCT(1/COUNTIF(D7:D20,D7:D20))
A29: max_exposure_with_max_bet | B29: =B25*500.0

Sheet normal_low_14
A1: normal_low_14 Lookup Detail
A2: Derived from lookup rows
A3: Cost | B3: 1 | C3: Target RTP | D3: 0.9605 | E3: RTP Tol | F3: 0.01 | G3: Payout Scale | H3: 100
A5: Rows
A6: sim_id | B6: weight | C6: payout_raw | D6: payout_scaled | E6: probability | F6: weighted_payout | G6: cumulative_probability
A7: 2 | B7: 198 | C7: 400 | D7: =C7/$H$3 | E7: =IF($B$22>0,B7/$B$22,0) | F7: =D7*E7 | G7: =E7
A8: 3 | B8: 17005 | C8: 190 | D8: =C8/$H$3 | E8: =IF($B$22>0,B8/$B$22,0) | F8: =D8*E8 | G8: =G7+E8
A9: 4 | B9: 49100 | C9: 140 | D9: =C9/$H$3 | E9: =IF($B$22>0,B9/$B$22,0) | F9: =D9*E9 | G9: =G8+E9
A10: 5 | B10: 60699 | C10: 130 | D10: =C10/$H$3 | E10: =IF($B$22>0,B10/$B$22,0) | F10: =D10*E10 | G10: =G9+E10
A11: 6 | B11: 92764 | C11: 110 | D11: =C11/$H$3 | E11: =IF($B$22>0,B11/$B$22,0) | F11: =D11*E11 | G11: =G10+E11
A12: 7 | B12: 114677 | C12: 100 | D12: =C12/$H$3 | E12: =IF($B$22>0,B12/$B$22,0) | F12: =D12*E12 | G12: =G11+E12
A13: 8 | B13: 331113 | C13: 50 | D13: =C13/$H$3 | E13: =IF($B$22>0,B13/$B$22,0) | F13: =D13*E13 | G13: =G12+E13
A14: 9 | B14: 114677 | C14: 100 | D14: =C14/$H$3 | E14: =IF($B$22>0,B14/$B$22,0) | F14: =D14*E14 | G14: =G13+E14
A15: 10 | B15: 92764 | C15: 110 | D15: =C15/$H$3 | E15: =IF($B$22>0,B15/$B$22,0) | F15: =D15*E15 | G15: =G14+E15
A16: 11 | B16: 60699 | C16: 130 | D16: =C16/$H$3 | E16: =IF($B$22>0,B16/$B$22,0) | F16: =D16*E16 | G16: =G15+E16
A17: 12 | B17: 49100 | C17: 140 | D17: =C17/$H$3 | E17: =IF($B$22>0,B17/$B$22,0) | F17: =D17*E17 | G17: =G16+E17
A18: 13 | B18: 17005 | C18: 190 | D18: =C18/$H$3 | E18: =IF($B$22>0,B18/$B$22,0) | F18: =D18*E18 | G18: =G17+E18
A19: 14 | B19: 198 | C19: 400 | D19: =C19/$H$3 | E19: =IF($B$22>0,B19/$B$22,0) | F19: =D19*E19 | G19: =G18+E19
A20: 15 | B20: 1 | C20: 710 | D20: =C20/$H$3 | E20: =IF($B$22>0,B20/$B$22,0) | F20: =D20*E20 | G20: =G19+E20
A22: CHECK_SUMS | B22: =SUM(B7:B20) | C22: payout_raw_sum | D22: =SUM(D7:D20) | E22: =SUM(E7:E20) | F22: =SUM(F7:F20) | G22: =IF($B$3>0,F22/$B$3,0) | H22: =IF($D$3="","N/A",ABS(G22-$D$3)<=$F$3)
A23: rtp_drift | B23: =IF($D$3="","",G22-$D$3)
A24: prob_sum_check | B24: =ABS(E22-1)<=1E-9
A25: max_win_value | B25: =MAX(D7:D20)
A26: max_win_probability | B26: =SUMIFS(E7:E20,D7:D20,B25)
A27: outcome_rows | B27: =ROWS(A7:A20)
A28: unique_multipliers | B28: =SUMPRODUCT(1/COUNTIF(D7:D20,D7:D20))
A29: max_exposure_with_max_bet | B29: =B25*500.0

Sheet normal_low_15
A1: normal_low_15 Lookup Detail
A2: Derived from lookup rows
A3: Cost | B3: 1 | C3: Target RTP | D3: 0.9605 | E3: RTP Tol | F3: 0.01 | G3: Payout Scale | H3: 100
A5: Rows
A6: sim_id | B6: weight | C6: payout_raw | D6: payout_scaled | E6: probability | F6: weighted_payout | G6: cumulative_probability
A7: 3 | B7: 1713 | C7: 300 | D7: =C7/$H$3 | E7: =IF($B$21>0,B7/$B$21,0) | F7: =D7*E7 | G7: =E7
A8: 4 | B8: 14313 | C8: 200 | D8: =C8/$H$3 | E8: =IF($B$21>0,B8/$B$21,0) | F8: =D8*E8 | G8: =G7+E8
A9: 5 | B9: 41381 | C9: 150 | D9: =C9/$H$3 | E9: =IF($B$21>0,B9/$B$21,0) | F9: =D9*E9 | G9: =G8+E9
A10: 6 | B10: 96751 | C10: 110 | D10: =C10/$H$3 | E10: =IF($B$21>0,B10/$B$21,0) | F10: =D10*E10 | G10: =G9+E10
A11: 7 | B11: 119637 | C11: 100 | D11: =C11/$H$3 | E11: =IF($B$21>0,B11/$B$21,0) | F11: =D11*E11 | G11: =G10+E11
A12: 8 | B12: 226205 | C12: 70 | D12: =C12/$H$3 | E12: =IF($B$21>0,B12/$B$21,0) | F12: =D12*E12 | G12: =G11+E12
A13: 9 | B13: 226205 | C13: 70 | D13: =C13/$H$3 | E13: =IF($B$21>0,B13/$B$21,0) | F13: =D13*E13 | G13: =G12+E13
A14: 10 | B14: 119637 | C14: 100 | D14: =C14/$H$3 | E14: =IF($B$21>0,B14/$B$21,0) | F14: =D14*E14 | G14: =G13+E14
A15: 11 | B15: 96751 | C15: 110 | D15: =C15/$H$3 | E15: =IF($B$21>0,B15/$B$21,0) | F15: =D15*E15 | G15: =G14+E15
A16: 12 | B16: 41381 | C16: 150 | D16: =C16/$H$3 | E16: =IF($B$21>0,B16/$B$21,0) | F16: =D16*E16 | G16: =G15+E16
A17: 13 | B17: 14313 | C17: 200 | D17: =C17/$H$3 | E17: =IF($B$21>0,B17/$B$21,0) | F17: =D17*E17 | G17: =G16+E17
A18: 14 | B18: 1712 | C18: 300 | D18: =C18/$H$3 | E18: =IF($B$21>0,B18/$B$21,0) | F18: =D18*E18 | G18: =G17+E18
A19: 16 | B19: 1 | C19: 1500 | D19: =C19/$H$3 | E19: =IF($B$21>0,B19/$B$21,0) | F19: =D19*E19 | G19: =G18+E19
A21: CHECK_SUMS | B21: =SUM(B7:B19) | C21: payout_raw_sum | D21: =SUM(D7:D19) | E21: =SUM(E7:E19) | F21: =SUM(F7:F19) | G21: =IF($B$3>0,F21/$B$3,0) | H21: =IF($D$3="","N/A",ABS(G21-$D$3)<=$F$3)
A22: rtp_drift | B22: =IF($D$3="","",G21-$D$3)
A23: prob_sum_check | B23: =ABS(E21-1)<=1E-9
A24: max_win_value | B24: =MAX(D7:D19)
A25: max_win_probability | B25: =SUMIFS(E7:E19,D7:D19,B24)
A26: outcome_rows | B26: =ROWS(A7:A19)
A27: unique_multipliers | B27: =SUMPRODUCT(1/COUNTIF(D7:D19,D7:D19))
A28: max_exposure_with_max_bet | B28: =B24*500.0

Sheet normal_low_16
A1: normal_low_16 Lookup Detail
A2: Derived from lookup rows
A3: Cost | B3: 1 | C3: Target RTP | D3: 0.9605 | E3: RTP Tol | F3: 0.01 | G3: Payout Scale | H3: 100
A5: Rows
A6: sim_id | B6: weight | C6: payout_raw | D6: payout_scaled | E6: probability | F6: weighted_payout | G6: cumulative_probability
A7: 3 | B7: 9764 | C7: 200 | D7: =C7/$H$3 | E7: =IF($B$22>0,B7/$B$22,0) | F7: =D7*E7 | G7: =E7
A8: 4 | B8: 39864 | C8: 140 | D8: =C8/$H$3 | E8: =IF($B$22>0,B8/$B$22,0) | F8: =D8*E8 | G8: =G7+E8
A9: 5 | B9: 39864 | C9: 140 | D9: =C9/$H$3 | E9: =IF($B$22>0,B9/$B$22,0) | F9: =D9*E9 | G9: =G8+E9
A10: 6 | B10: 63712 | C10: 120 | D10: =C10/$H$3 | E10: =IF($B$22>0,B10/$B$22,0) | F10: =D10*E10 | G10: =G9+E10
A11: 7 | B11: 80547 | C11: 110 | D11: =C11/$H$3 | E11: =IF($B$22>0,B11/$B$22,0) | F11: =D11*E11 | G11: =G10+E11
A12: 8 | B12: 101829 | C12: 100 | D12: =C12/$H$3 | E12: =IF($B$22>0,B12/$B$22,0) | F12: =D12*E12 | G12: =G11+E12
A13: 9 | B13: 328840 | C13: 50 | D13: =C13/$H$3 | E13: =IF($B$22>0,B13/$B$22,0) | F13: =D13*E13 | G13: =G12+E13
A14: 10 | B14: 101829 | C14: 100 | D14: =C14/$H$3 | E14: =IF($B$22>0,B14/$B$22,0) | F14: =D14*E14 | G14: =G13+E14
A15: 11 | B15: 80546 | C15: 110 | D15: =C15/$H$3 | E15: =IF($B$22>0,B15/$B$22,0) | F15: =D15*E15 | G15: =G14+E15
A16: 12 | B16: 63712 | C16: 120 | D16: =C16/$H$3 | E16: =IF($B$22>0,B16/$B$22,0) | F16: =D16*E16 | G16: =G15+E16
A17: 13 | B17: 39864 | C17: 140 | D17: =C17/$H$3 | E17: =IF($B$22>0,B17/$B$22,0) | F17: =D17*E17 | G17: =G16+E17
A18: 14 | B18: 39864 | C18: 140 | D18: =C18/$H$3 | E18: =IF($B$22>0,B18/$B$22,0) | F18: =D18*E18 | G18: =G17+E18
A19: 15 | B19: 9764 | C19: 200 | D19: =C19/$H$3 | E19: =IF($B$22>0,B19/$B$22,0) | F19: =D19*E19 | G19: =G18+E19
A20: 17 | B20: 1 | C20: 1600 | D20: =C20/$H$3 | E20: =IF($B$22>0,B20/$B$22,0) | F20: =D20*E20 | G20: =G19+E20
A22: CHECK_SUMS | B22: =SUM(B7:B20) | C22: payout_raw_sum | D22: =SUM(D7:D20) | E22: =SUM(E7:E20) | F22: =SUM(F7:F20) | G22: =IF($B$3>0,F22/$B$3,0) | H22: =IF($D$3="","N/A",ABS(G22-$D$3)<=$F$3)
A23: rtp_drift | B23: =IF($D$3="","",G22-$D$3)
A24: prob_sum_check | B24: =ABS(E22-1)<=1E-9
A25: max_win_value | B25: =MAX(D7:D20)
A26: max_win_probability | B26: =SUMIFS(E7:E20,D7:D20,B25)
A27: outcome_rows | B27: =ROWS(A7:A20)
A28: unique_multipliers | B28: =SUMPRODUCT(1/COUNTIF(D7:D20,D7:D20))
A29: max_exposure_with_max_bet | B29: =B25*500.0

Sheet normal_low_8
A1: normal_low_8 Lookup Detail
A2: Derived from lookup rows
A3: Cost | B3: 1 | C3: Target RTP | D3: 0.9605 | E3: RTP Tol | F3: 0.01 | G3: Payout Scale | H3: 100
A5: Rows
A6: sim_id | B6: weight | C6: payout_raw | D6: payout_scaled | E6: probability | F6: weighted_payout | G6: cumulative_probability
A7: 1 | B7: 413 | C7: 560 | D7: =C7/$H$3 | E7: =IF($B$17>0,B7/$B$17,0) | F7: =D7*E7 | G7: =E7
A8: 2 | B8: 38932 | C8: 210 | D8: =C8/$H$3 | E8: =IF($B$17>0,B8/$B$17,0) | F8: =D8*E8 | G8: =G7+E8
A9: 3 | B9: 142730 | C9: 110 | D9: =C9/$H$3 | E9: =IF($B$17>0,B9/$B$17,0) | F9: =D9*E9 | G9: =G8+E9
A10: 4 | B10: 162531 | C10: 100 | D10: =C10/$H$3 | E10: =IF($B$17>0,B10/$B$17,0) | F10: =D10*E10 | G10: =G9+E10
A11: 5 | B11: 311200 | C11: 50 | D11: =C11/$H$3 | E11: =IF($B$17>0,B11/$B$17,0) | F11: =D11*E11 | G11: =G10+E11
A12: 6 | B12: 162531 | C12: 100 | D12: =C12/$H$3 | E12: =IF($B$17>0,B12/$B$17,0) | F12: =D12*E12 | G12: =G11+E12
A13: 7 | B13: 142730 | C13: 110 | D13: =C13/$H$3 | E13: =IF($B$17>0,B13/$B$17,0) | F13: =D13*E13 | G13: =G12+E13
A14: 8 | B14: 38932 | C14: 210 | D14: =C14/$H$3 | E14: =IF($B$17>0,B14/$B$17,0) | F14: =D14*E14 | G14: =G13+E14
A15: 9 | B15: 1 | C15: 560 | D15: =C15/$H$3 | E15: =IF($B$17>0,B15/$B$17,0) | F15: =D15*E15 | G15: =G14+E15
A17: CHECK_SUMS | B17: =SUM(B7:B15) | C17: payout_raw_sum | D17: =SUM(D7:D15) | E17: =SUM(E7:E15) | F17: =SUM(F7:F15) | G17: =IF($B$3>0,F17/$B$3,0) | H17: =IF($D$3="","N/A",ABS(G17-$D$3)<=$F$3)
A18: rtp_drift | B18: =IF($D$3="","",G17-$D$3)
A19: prob_sum_check | B19: =ABS(E17-1)<=1E-9
A20: max_win_value | B20: =MAX(D7:D15)
A21: max_win_probability | B21: =SUMIFS(E7:E15,D7:D15,B20)
A22: outcome_rows | B22: =ROWS(A7:A15)
A23: unique_multipliers | B23: =SUMPRODUCT(1/COUNTIF(D7:D15,D7:D15))
A24: max_exposure_with_max_bet | B24: =B20*500.0

Sheet normal_low_9
A1: normal_low_9 Lookup Detail
A2: Derived from lookup rows
A3: Cost | B3: 1 | C3: Target RTP | D3: 0.9605 | E3: RTP Tol | F3: 0.01 | G3: Payout Scale | H3: 100
A5: Rows
A6: sim_id | B6: weight | C6: payout_raw | D6: payout_scaled | E6: probability | F6: weighted_payout | G6: cumulative_probability
A7: 1 | B7: 47 | C7: 560 | D7: =C7/$H$3 | E7: =IF($B$18>0,B7/$B$18,0) | F7: =D7*E7 | G7: =E7
A8: 2 | B8: 26763 | C8: 200 | D8: =C8/$H$3 | E8: =IF($B$18>0,B8/$B$18,0) | F8: =D8*E8 | G8: =G7+E8
A9: 3 | B9: 54101 | C9: 160 | D9: =C9/$H$3 | E9: =IF($B$18>0,B9/$B$18,0) | F9: =D9*E9 | G9: =G8+E9
A10: 4 | B10: 155495 | C10: 100 | D10: =C10/$H$3 | E10: =IF($B$18>0,B10/$B$18,0) | F10: =D10*E10 | G10: =G9+E10
A11: 5 | B11: 263617 | C11: 70 | D11: =C11/$H$3 | E11: =IF($B$18>0,B11/$B$18,0) | F11: =D11*E11 | G11: =G10+E11
A12: 6 | B12: 263617 | C12: 70 | D12: =C12/$H$3 | E12: =IF($B$18>0,B12/$B$18,0) | F12: =D12*E12 | G12: =G11+E12
A13: 7 | B13: 155495 | C13: 100 | D13: =C13/$H$3 | E13: =IF($B$18>0,B13/$B$18,0) | F13: =D13*E13 | G13: =G12+E13
A14: 8 | B14: 54101 | C14: 160 | D14: =C14/$H$3 | E14: =IF($B$18>0,B14/$B$18,0) | F14: =D14*E14 | G14: =G13+E14
A15: 9 | B15: 26763 | C15: 200 | D15: =C15/$H$3 | E15: =IF($B$18>0,B15/$B$18,0) | F15: =D15*E15 | G15: =G14+E15
A16: 10 | B16: 1 | C16: 560 | D16: =C16/$H$3 | E16: =IF($B$18>0,B16/$B$18,0) | F16: =D16*E16 | G16: =G15+E16
A18: CHECK_SUMS | B18: =SUM(B7:B16) | C18: payout_raw_sum | D18: =SUM(D7:D16) | E18: =SUM(E7:E16) | F18: =SUM(F7:F16) | G18: =IF($B$3>0,F18/$B$3,0) | H18: =IF($D$3="","N/A",ABS(G18-$D$3)<=$F$3)
A19: rtp_drift | B19: =IF($D$3="","",G18-$D$3)
A20: prob_sum_check | B20: =ABS(E18-1)<=1E-9
A21: max_win_value | B21: =MAX(D7:D16)
A22: max_win_probability | B22: =SUMIFS(E7:E16,D7:D16,B21)
A23: outcome_rows | B23: =ROWS(A7:A16)
A24: unique_multipliers | B24: =SUMPRODUCT(1/COUNTIF(D7:D16,D7:D16))
A25: max_exposure_with_max_bet | B25: =B21*500.0

Sheet normal_medium_10
A1: normal_medium_10 Lookup Detail
A2: Derived from lookup rows
A3: Cost | B3: 1 | C3: Target RTP | D3: 0.9605 | E3: RTP Tol | F3: 0.01 | G3: Payout Scale | H3: 100
A5: Rows
A6: sim_id | B6: weight | C6: payout_raw | D6: payout_scaled | E6: probability | F6: weighted_payout | G6: cumulative_probability
A7: 2 | B7: 5970 | C7: 500 | D7: =C7/$H$3 | E7: =IF($B$18>0,B7/$B$18,0) | F7: =D7*E7 | G7: =E7
A8: 3 | B8: 65987 | C8: 200 | D8: =C8/$H$3 | E8: =IF($B$18>0,B8/$B$18,0) | F8: =D8*E8 | G8: =G7+E8
A9: 4 | B9: 106699 | C9: 140 | D9: =C9/$H$3 | E9: =IF($B$18>0,B9/$B$18,0) | F9: =D9*E9 | G9: =G8+E9
A10: 5 | B10: 202502 | C10: 60 | D10: =C10/$H$3 | E10: =IF($B$18>0,B10/$B$18,0) | F10: =D10*E10 | G10: =G9+E10
A11: 6 | B11: 237683 | C11: 40 | D11: =C11/$H$3 | E11: =IF($B$18>0,B11/$B$18,0) | F11: =D11*E11 | G11: =G10+E11
A12: 7 | B12: 202502 | C12: 60 | D12: =C12/$H$3 | E12: =IF($B$18>0,B12/$B$18,0) | F12: =D12*E12 | G12: =G11+E12
A13: 8 | B13: 106699 | C13: 140 | D13: =C13/$H$3 | E13: =IF($B$18>0,B13/$B$18,0) | F13: =D13*E13 | G13: =G12+E13
A14: 9 | B14: 65987 | C14: 200 | D14: =C14/$H$3 | E14: =IF($B$18>0,B14/$B$18,0) | F14: =D14*E14 | G14: =G13+E14
A15: 10 | B15: 5970 | C15: 500 | D15: =C15/$H$3 | E15: =IF($B$18>0,B15/$B$18,0) | F15: =D15*E15 | G15: =G14+E15
A16: 11 | B16: 1 | C16: 2200 | D16: =C16/$H$3 | E16: =IF($B$18>0,B16/$B$18,0) | F16: =D16*E16 | G16: =G15+E16
A18: CHECK_SUMS | B18: =SUM(B7:B16) | C18: payout_raw_sum | D18: =SUM(D7:D16) | E18: =SUM(E7:E16) | F18: =SUM(F7:F16) | G18: =IF($B$3>0,F18/$B$3,0) | H18: =IF($D$3="","N/A",ABS(G18-$D$3)<=$F$3)
A19: rtp_drift | B19: =IF($D$3="","",G18-$D$3)
A20: prob_sum_check | B20: =ABS(E18-1)<=1E-9
A21: max_win_value | B21: =MAX(D7:D16)
A22: max_win_probability | B22: =SUMIFS(E7:E16,D7:D16,B21)
A23: outcome_rows | B23: =ROWS(A7:A16)
A24: unique_multipliers | B24: =SUMPRODUCT(1/COUNTIF(D7:D16,D7:D16))
A25: max_exposure_with_max_bet | B25: =B21*500.0

Sheet normal_medium_11
A1: normal_medium_11 Lookup Detail
A2: Derived from lookup rows
A3: Cost | B3: 1 | C3: Target RTP | D3: 0.9605 | E3: RTP Tol | F3: 0.01 | G3: Payout Scale | H3: 100
A5: Rows
A6: sim_id | B6: weight | C6: payout_raw | D6: payout_scaled | E6: probability | F6: weighted_payout | G6: cumulative_probability
A7: 2 | B7: 3084 | C7: 600 | D7: =C7/$H$3 | E7: =IF($B$19>0,B7/$B$19,0) | F7: =D7*E7 | G7: =E7
A8: 3 | B8: 30778 | C8: 300 | D8: =C8/$H$3 | E8: =IF($B$19>0,B8/$B$19,0) | F8: =D8*E8 | G8: =G7+E8
A9: 4 | B9: 77246 | C9: 180 | D9: =C9/$H$3 | E9: =IF($B$19>0,B9/$B$19,0) | F9: =D9*E9 | G9: =G8+E9
A10: 5 | B10: 179564 | C10: 70 | D10: =C10/$H$3 | E10: =IF($B$19>0,B10/$B$19,0) | F10: =D10*E10 | G10: =G9+E10
A11: 6 | B11: 209328 | C11: 50 | D11: =C11/$H$3 | E11: =IF($B$19>0,B11/$B$19,0) | F11: =D11*E11 | G11: =G10+E11
A12: 7 | B12: 209328 | C12: 50 | D12: =C12/$H$3 | E12: =IF($B$19>0,B12/$B$19,0) | F12: =D12*E12 | G12: =G11+E12
A13: 8 | B13: 179564 | C13: 70 | D13: =C13/$H$3 | E13: =IF($B$19>0,B13/$B$19,0) | F13: =D13*E13 | G13: =G12+E13
A14: 9 | B14: 77246 | C14: 180 | D14: =C14/$H$3 | E14: =IF($B$19>0,B14/$B$19,0) | F14: =D14*E14 | G14: =G13+E14
A15: 10 | B15: 30777 | C15: 300 | D15: =C15/$H$3 | E15: =IF($B$19>0,B15/$B$19,0) | F15: =D15*E15 | G15: =G14+E15
A16: 11 | B16: 3084 | C16: 600 | D16: =C16/$H$3 | E16: =IF($B$19>0,B16/$B$19,0) | F16: =D16*E16 | G16: =G15+E16
A17: 12 | B17: 1 | C17: 2400 | D17: =C17/$H$3 | E17: =IF($B$19>0,B17/$B$19,0) | F17: =D17*E17 | G17: =G16+E17
A19: CHECK_SUMS | B19: =SUM(B7:B17) | C19: payout_raw_sum | D19: =SUM(D7:D17) | E19: =SUM(E7:E17) | F19: =SUM(F7:F17) | G19: =IF($B$3>0,F19/$B$3,0) | H19: =IF($D$3="","N/A",ABS(G19-$D$3)<=$F$3)
A20: rtp_drift | B20: =IF($D$3="","",G19-$D$3)
A21: prob_sum_check | B21: =ABS(E19-1)<=1E-9
A22: max_win_value | B22: =MAX(D7:D17)
A23: max_win_probability | B23: =SUMIFS(E7:E17,D7:D17,B22)
A24: outcome_rows | B24: =ROWS(A7:A17)
A25: unique_multipliers | B25: =SUMPRODUCT(1/COUNTIF(D7:D17,D7:D17))
A26: max_exposure_with_max_bet | B26: =B22*500.0

Sheet normal_medium_12
A1: normal_medium_12 Lookup Detail
A2: Derived from lookup rows
A3: Cost | B3: 1 | C3: Target RTP | D3: 0.9605 | E3: RTP Tol | F3: 0.01 | G3: Payout Scale | H3: 100
A5: Rows
A6: sim_id | B6: weight | C6: payout_raw | D6: payout_scaled | E6: probability | F6: weighted_payout | G6: cumulative_probability
A7: 2 | B7: 117 | C7: 1100 | D7: =C7/$H$3 | E7: =IF($B$20>0,B7/$B$20,0) | F7: =D7*E7 | G7: =E7
A8: 3 | B8: 16331 | C8: 400 | D8: =C8/$H$3 | E8: =IF($B$20>0,B8/$B$20,0) | F8: =D8*E8 | G8: =G7+E8
A9: 4 | B9: 66904 | C9: 200 | D9: =C9/$H$3 | E9: =IF($B$20>0,B9/$B$20,0) | F9: =D9*E9 | G9: =G8+E9
A10: 5 | B10: 126196 | C10: 110 | D10: =C10/$H$3 | E10: =IF($B$20>0,B10/$B$20,0) | F10: =D10*E10 | G10: =G9+E10
A11: 6 | B11: 179537 | C11: 60 | D11: =C11/$H$3 | E11: =IF($B$20>0,B11/$B$20,0) | F11: =D11*E11 | G11: =G10+E11
A12: 7 | B12: 221830 | C12: 30 | D12: =C12/$H$3 | E12: =IF($B$20>0,B12/$B$20,0) | F12: =D12*E12 | G12: =G11+E12
A13: 8 | B13: 179537 | C13: 60 | D13: =C13/$H$3 | E13: =IF($B$20>0,B13/$B$20,0) | F13: =D13*E13 | G13: =G12+E13
A14: 9 | B14: 126196 | C14: 110 | D14: =C14/$H$3 | E14: =IF($B$20>0,B14/$B$20,0) | F14: =D14*E14 | G14: =G13+E14
A15: 10 | B15: 66903 | C15: 200 | D15: =C15/$H$3 | E15: =IF($B$20>0,B15/$B$20,0) | F15: =D15*E15 | G15: =G14+E15
A16: 11 | B16: 16331 | C16: 400 | D16: =C16/$H$3 | E16: =IF($B$20>0,B16/$B$20,0) | F16: =D16*E16 | G16: =G15+E16
A17: 12 | B17: 117 | C17: 1100 | D17: =C17/$H$3 | E17: =IF($B$20>0,B17/$B$20,0) | F17: =D17*E17 | G17: =G16+E17
A18: 13 | B18: 1 | C18: 3300 | D18: =C18/$H$3 | E18: =IF($B$20>0,B18/$B$20,0) | F18: =D18*E18 | G18: =G17+E18
A20: CHECK_SUMS | B20: =SUM(B7:B18) | C20: payout_raw_sum | D20: =SUM(D7:D18) | E20: =SUM(E7:E18) | F20: =SUM(F7:F18) | G20: =IF($B$3>0,F20/$B$3,0) | H20: =IF($D$3="","N/A",ABS(G20-$D$3)<=$F$3)
A21: rtp_drift | B21: =IF($D$3="","",G20-$D$3)
A22: prob_sum_check | B22: =ABS(E20-1)<=1E-9
A23: max_win_value | B23: =MAX(D7:D18)
A24: max_win_probability | B24: =SUMIFS(E7:E18,D7:D18,B23)
A25: outcome_rows | B25: =ROWS(A7:A18)
A26: unique_multipliers | B26: =SUMPRODUCT(1/COUNTIF(D7:D18,D7:D18))
A27: max_exposure_with_max_bet | B27: =B23*500.0

Sheet normal_medium_13
A1: normal_medium_13 Lookup Detail
A2: Derived from lookup rows
A3: Cost | B3: 1 | C3: Target RTP | D3: 0.9605 | E3: RTP Tol | F3: 0.01 | G3: Payout Scale | H3: 100
A5: Rows
A6: sim_id | B6: weight | C6: payout_raw | D6: payout_scaled | E6: probability | F6: weighted_payout | G6: cumulative_probability
A7: 2 | B7: 83 | C7: 1300 | D7: =C7/$H$3 | E7: =IF($B$21>0,B7/$B$21,0) | F7: =D7*E7 | G7: =E7
A8: 3 | B8: 6096 | C8: 600 | D8: =C8/$H$3 | E8: =IF($B$21>0,B8/$B$21,0) | F8: =D8*E8 | G8: =G7+E8
A9: 4 | B9: 38390 | C9: 300 | D9: =C9/$H$3 | E9: =IF($B$21>0,B9/$B$21,0) | F9: =D9*E9 | G9: =G8+E9
A10: 5 | B10: 108911 | C10: 130 | D10: =C10/$H$3 | E10: =IF($B$21>0,B10/$B$21,0) | F10: =D10*E10 | G10: =G9+E10
A11: 6 | B11: 157364 | C11: 70 | D11: =C11/$H$3 | E11: =IF($B$21>0,B11/$B$21,0) | F11: =D11*E11 | G11: =G10+E11
A12: 7 | B12: 189156 | C12: 40 | D12: =C12/$H$3 | E12: =IF($B$21>0,B12/$B$21,0) | F12: =D12*E12 | G12: =G11+E12
A13: 8 | B13: 189156 | C13: 40 | D13: =C13/$H$3 | E13: =IF($B$21>0,B13/$B$21,0) | F13: =D13*E13 | G13: =G12+E13
A14: 9 | B14: 157363 | C14: 70 | D14: =C14/$H$3 | E14: =IF($B$21>0,B14/$B$21,0) | F14: =D14*E14 | G14: =G13+E14
A15: 10 | B15: 108911 | C15: 130 | D15: =C15/$H$3 | E15: =IF($B$21>0,B15/$B$21,0) | F15: =D15*E15 | G15: =G14+E15
A16: 11 | B16: 38390 | C16: 300 | D16: =C16/$H$3 | E16: =IF($B$21>0,B16/$B$21,0) | F16: =D16*E16 | G16: =G15+E16
A17: 12 | B17: 6096 | C17: 600 | D17: =C17/$H$3 | E17: =IF($B$21>0,B17/$B$21,0) | F17: =D17*E17 | G17: =G16+E17
A18: 13 | B18: 83 | C18: 1300 | D18: =C18/$H$3 | E18: =IF($B$21>0,B18/$B$21,0) | F18: =D18*E18 | G18: =G17+E18
A19: 14 | B19: 1 | C19: 4300 | D19: =C19/$H$3 | E19: =IF($B$21>0,B19/$B$21,0) | F19: =D19*E19 | G19: =G18+E19
A21: CHECK_SUMS | B21: =SUM(B7:B19) | C21: payout_raw_sum | D21: =SUM(D7:D19) | E21: =SUM(E7:E19) | F21: =SUM(F7:F19) | G21: =IF($B$3>0,F21/$B$3,0) | H21: =IF($D$3="","N/A",ABS(G21-$D$3)<=$F$3)
A22: rtp_drift | B22: =IF($D$3="","",G21-$D$3)
A23: prob_sum_check | B23: =ABS(E21-1)<=1E-9
A24: max_win_value | B24: =MAX(D7:D19)
A25: max_win_probability | B25: =SUMIFS(E7:E19,D7:D19,B24)
A26: outcome_rows | B26: =ROWS(A7:A19)
A27: unique_multipliers | B27: =SUMPRODUCT(1/COUNTIF(D7:D19,D7:D19))
A28: max_exposure_with_max_bet | B28: =B24*500.0

Sheet normal_medium_14
A1: normal_medium_14 Lookup Detail
A2: Derived from lookup rows
A3: Cost | B3: 1 | C3: Target RTP | D3: 0.9605 | E3: RTP Tol | F3: 0.01 | G3: Payout Scale | H3: 100
A5: Rows
A6: sim_id | B6: weight | C6: payout_raw | D6: payout_scaled | E6: probability | F6: weighted_payout | G6: cumulative_probability
A7: 2 | B7: 26 | C7: 1500 | D7: =C7/$H$3 | E7: =IF($B$22>0,B7/$B$22,0) | F7: =D7*E7 | G7: =E7
A8: 3 | B8: 3356 | C8: 700 | D8: =C8/$H$3 | E8: =IF($B$22>0,B8/$B$22,0) | F8: =D8*E8 | G8: =G7+E8
A9: 4 | B9: 20651 | C9: 400 | D9: =C9/$H$3 | E9: =IF($B$22>0,B9/$B$22,0) | F9: =D9*E9 | G9: =G8+E9
A10: 5 | B10: 73680 | C10: 190 | D10: =C10/$H$3 | E10: =IF($B$22>0,B10/$B$22,0) | F10: =D10*E10 | G10: =G9+E10
A11: 6 | B11: 127087 | C11: 100 | D11: =C11/$H$3 | E11: =IF($B$22>0,B11/$B$22,0) | F11: =D11*E11 | G11: =G10+E11
A12: 7 | B12: 172039 | C12: 50 | D12: =C12/$H$3 | E12: =IF($B$22>0,B12/$B$22,0) | F12: =D12*E12 | G12: =G11+E12
A13: 8 | B13: 206321 | C13: 20 | D13: =C13/$H$3 | E13: =IF($B$22>0,B13/$B$22,0) | F13: =D13*E13 | G13: =G12+E13
A14: 9 | B14: 172039 | C14: 50 | D14: =C14/$H$3 | E14: =IF($B$22>0,B14/$B$22,0) | F14: =D14*E14 | G14: =G13+E14
A15: 10 | B15: 127087 | C15: 100 | D15: =C15/$H$3 | E15: =IF($B$22>0,B15/$B$22,0) | F15: =D15*E15 | G15: =G14+E15
A16: 11 | B16: 73680 | C16: 190 | D16: =C16/$H$3 | E16: =IF($B$22>0,B16/$B$22,0) | F16: =D16*E16 | G16: =G15+E16
A17: 12 | B17: 20651 | C17: 400 | D17: =C17/$H$3 | E17: =IF($B$22>0,B17/$B$22,0) | F17: =D17*E17 | G17: =G16+E17
A18: 13 | B18: 3356 | C18: 700 | D18: =C18/$H$3 | E18: =IF($B$22>0,B18/$B$22,0) | F18: =D18*E18 | G18: =G17+E18
A19: 14 | B19: 26 | C19: 1500 | D19: =C19/$H$3 | E19: =IF($B$22>0,B19/$B$22,0) | F19: =D19*E19 | G19: =G18+E19
A20: 15 | B20: 1 | C20: 5800 | D20: =C20/$H$3 | E20: =IF($B$22>0,B20/$B$22,0) | F20: =D20*E20 | G20: =G19+E20
A22: CHECK_SUMS | B22: =SUM(B7:B20) | C22: payout_raw_sum | D22: =SUM(D7:D20) | E22: =SUM(E7:E20) | F22: =SUM(F7:F20) | G22: =IF($B$3>0,F22/$B$3,0) | H22: =IF($D$3="","N/A",ABS(G22-$D$3)<=$F$3)
A23: rtp_drift | B23: =IF($D$3="","",G22-$D$3)
A24: prob_sum_check | B24: =ABS(E22-1)<=1E-9
A25: max_win_value | B25: =MAX(D7:D20)
A26: max_win_probability | B26: =SUMIFS(E7:E20,D7:D20,B25)
A27: outcome_rows | B27: =ROWS(A7:A20)
A28: unique_multipliers | B28: =SUMPRODUCT(1/COUNTIF(D7:D20,D7:D20))
A29: max_exposure_with_max_bet | B29: =B25*500.0

Sheet normal_medium_15
A1: normal_medium_15 Lookup Detail
A2: Derived from lookup rows
A3: Cost | B3: 1 | C3: Target RTP | D3: 0.9605 | E3: RTP Tol | F3: 0.01 | G3: Payout Scale | H3: 100
A5: Rows
A6: sim_id | B6: weight | C6: payout_raw | D6: payout_scaled | E6: probability | F6: weighted_payout | G6: cumulative_probability
A7: 2 | B7: 16 | C7: 1800 | D7: =C7/$H$3 | E7: =IF($B$23>0,B7/$B$23,0) | F7: =D7*E7 | G7: =E7
A8: 3 | B8: 642 | C8: 1100 | D8: =C8/$H$3 | E8: =IF($B$23>0,B8/$B$23,0) | F8: =D8*E8 | G8: =G7+E8
A9: 4 | B9: 15007 | C9: 500 | D9: =C9/$H$3 | E9: =IF($B$23>0,B9/$B$23,0) | F9: =D9*E9 | G9: =G8+E9
A10: 5 | B10: 42904 | C10: 300 | D10: =C10/$H$3 | E10: =IF($B$23>0,B10/$B$23,0) | F10: =D10*E10 | G10: =G9+E10
A11: 6 | B11: 104777 | C11: 130 | D11: =C11/$H$3 | E11: =IF($B$23>0,B11/$B$23,0) | F11: =D11*E11 | G11: =G10+E11
A12: 7 | B12: 159494 | C12: 50 | D12: =C12/$H$3 | E12: =IF($B$23>0,B12/$B$23,0) | F12: =D12*E12 | G12: =G11+E12
A13: 8 | B13: 177160 | C13: 30 | D13: =C13/$H$3 | E13: =IF($B$23>0,B13/$B$23,0) | F13: =D13*E13 | G13: =G12+E13
A14: 9 | B14: 177160 | C14: 30 | D14: =C14/$H$3 | E14: =IF($B$23>0,B14/$B$23,0) | F14: =D14*E14 | G14: =G13+E14
A15: 10 | B15: 159494 | C15: 50 | D15: =C15/$H$3 | E15: =IF($B$23>0,B15/$B$23,0) | F15: =D15*E15 | G15: =G14+E15
A16: 11 | B16: 104777 | C16: 130 | D16: =C16/$H$3 | E16: =IF($B$23>0,B16/$B$23,0) | F16: =D16*E16 | G16: =G15+E16
A17: 12 | B17: 42903 | C17: 300 | D17: =C17/$H$3 | E17: =IF($B$23>0,B17/$B$23,0) | F17: =D17*E17 | G17: =G16+E17
A18: 13 | B18: 15007 | C18: 500 | D18: =C18/$H$3 | E18: =IF($B$23>0,B18/$B$23,0) | F18: =D18*E18 | G18: =G17+E18
A19: 14 | B19: 642 | C19: 1100 | D19: =C19/$H$3 | E19: =IF($B$23>0,B19/$B$23,0) | F19: =D19*E19 | G19: =G18+E19
... A21: 16 | B21: 1 | C21: 8800 | D21: =C21/$H$3 | E21: =IF($B$23>0,B21/$B$23,0) | F21: =D21*E21 | G21: =G20+E21
A23: CHECK_SUMS | B23: =SUM(B7:B21) | C23: payout_raw_sum | D23: =SUM(D7:D21) | E23: =SUM(E7:E21) | F23: =SUM(F7:F21) | G23: =IF($B$3>0,F23/$B$3,0) | H23: =IF($D$3="","N/A",ABS(G23-$D$3)<=$F$3)
A24: rtp_drift | B24: =IF($D$3="","",G23-$D$3)
A25: prob_sum_check | B25: =ABS(E23-1)<=1E-9
A26: max_win_value | B26: =MAX(D7:D21)
A27: max_win_probability | B27: =SUMIFS(E7:E21,D7:D21,B26)
A28: outcome_rows | B28: =ROWS(A7:A21)
A29: unique_multipliers | B29: =SUMPRODUCT(1/COUNTIF(D7:D21,D7:D21))
A30: max_exposure_with_max_bet | B30: =B26*500.0

Sheet normal_medium_16
A1: normal_medium_16 Lookup Detail
A2: Derived from lookup rows
A3: Cost | B3: 1 | C3: Target RTP | D3: 0.9605 | E3: RTP Tol | F3: 0.01 | G3: Payout Scale | H3: 100
A5: Rows
A6: sim_id | B6: weight | C6: payout_raw | D6: payout_scaled | E6: probability | F6: weighted_payout | G6: cumulative_probability
A7: 3 | B7: 221 | C7: 1000 | D7: =C7/$H$3 | E7: =IF($B$22>0,B7/$B$22,0) | F7: =D7*E7 | G7: =E7
A8: 4 | B8: 7225 | C8: 500 | D8: =C8/$H$3 | E8: =IF($B$22>0,B8/$B$22,0) | F8: =D8*E8 | G8: =G7+E8
A9: 5 | B9: 29158 | C9: 300 | D9: =C9/$H$3 | E9: =IF($B$22>0,B9/$B$22,0) | F9: =D9*E9 | G9: =G8+E9
A10: 6 | B10: 83027 | C10: 150 | D10: =C10/$H$3 | E10: =IF($B$22>0,B10/$B$22,0) | F10: =D10*E10 | G10: =G9+E10
A11: 7 | B11: 117682 | C11: 100 | D11: =C11/$H$3 | E11: =IF($B$22>0,B11/$B$22,0) | F11: =D11*E11 | G11: =G10+E11
A12: 8 | B12: 166800 | C12: 50 | D12: =C12/$H$3 | E12: =IF($B$22>0,B12/$B$22,0) | F12: =D12*E12 | G12: =G11+E12
