Workbook

Sheet Summary
A1: AzteckPlinkoBiased_audit_formulas Workbook
A2: Generated from F:\Gaming\Stakes\math-sdk\games\azteck_plinko_biased_binomial
A4: Package
A5: Key | B5: Value
A6: Root | B6: F:\Gaming\Stakes\math-sdk\games\azteck_plinko_biased_binomial
A7: Index | B7: F:\Gaming\Stakes\math-sdk\games\azteck_plinko_biased_binomial\artifacts\publish_files\index.json
A8: Lookup files | B8: 72
A9: Docs dir exists | B9: TRUE
A10: RTP tolerance | B10: 0.01
A11: Payout scale | B11: 100
A12: Max bet assumption | B12: 500
A14: Mode Metrics
A15: Mode | B15: Cost | C15: Rows Config | D15: Expected Buckets | E15: Rows | F15: Unique Multipliers | G15: Bucket Structure Pass | H15: RTP Target | I15: RTP Actual | J15: Abs Drift | K15: RTP Pass | L15: Hit Rate | M15: Zero Rate | N15: Profit Rate | O15: Weighted Mean | P15: Std | Q15: Max Win | R15: Max Win Probability | S15: Max Exposure
A16: buy100_expert_10 | B16: ='buy100_expert_10'!$B$3 | C16: 10 | D16: =IF(C16="","",C16+1) | E16: ='buy100_expert_10'!B24 | F16: ='buy100_expert_10'!B25 | G16: =IF(C16="","N/A",E16=D16) | H16: ='buy100_expert_10'!$D$3 | I16: ='buy100_expert_10'!I19 | J16: =ABS(I16-H16) | K16: ='buy100_expert_10'!J19 | L16: =SUMIFS('buy100_expert_10'!E7:E17,'buy100_expert_10'!D7:D17,">0") | M16: =SUMIFS('buy100_expert_10'!E7:E17,'buy100_expert_10'!D7:D17,"=0") | N16: =SUMIFS('buy100_expert_10'!E7:E17,'buy100_expert_10'!D7:D17,">"&B16) | O16: ='buy100_expert_10'!H19 | P16: =SQRT(SUMPRODUCT('buy100_expert_10'!E7:E17,('buy100_expert_10'!D7:D17-O16)^2)) | Q16: ='buy100_expert_10'!B22 | R16: ='buy100_expert_10'!B23 | S16: ='buy100_expert_10'!B26
A17: buy100_expert_11 | B17: ='buy100_expert_11'!$B$3 | C17: 11 | D17: =IF(C17="","",C17+1) | E17: ='buy100_expert_11'!B25 | F17: ='buy100_expert_11'!B26 | G17: =IF(C17="","N/A",E17=D17) | H17: ='buy100_expert_11'!$D$3 | I17: ='buy100_expert_11'!I20 | J17: =ABS(I17-H17) | K17: ='buy100_expert_11'!J20 | L17: =SUMIFS('buy100_expert_11'!E7:E18,'buy100_expert_11'!D7:D18,">0") | M17: =SUMIFS('buy100_expert_11'!E7:E18,'buy100_expert_11'!D7:D18,"=0") | N17: =SUMIFS('buy100_expert_11'!E7:E18,'buy100_expert_11'!D7:D18,">"&B17) | O17: ='buy100_expert_11'!H20 | P17: =SQRT(SUMPRODUCT('buy100_expert_11'!E7:E18,('buy100_expert_11'!D7:D18-O17)^2)) | Q17: ='buy100_expert_11'!B23 | R17: ='buy100_expert_11'!B24 | S17: ='buy100_expert_11'!B27
A18: buy100_expert_12 | B18: ='buy100_expert_12'!$B$3 | C18: 12 | D18: =IF(C18="","",C18+1) | E18: ='buy100_expert_12'!B26 | F18: ='buy100_expert_12'!B27 | G18: =IF(C18="","N/A",E18=D18) | H18: ='buy100_expert_12'!$D$3 | I18: ='buy100_expert_12'!I21 | J18: =ABS(I18-H18) | K18: ='buy100_expert_12'!J21 | L18: =SUMIFS('buy100_expert_12'!E7:E19,'buy100_expert_12'!D7:D19,">0") | M18: =SUMIFS('buy100_expert_12'!E7:E19,'buy100_expert_12'!D7:D19,"=0") | N18: =SUMIFS('buy100_expert_12'!E7:E19,'buy100_expert_12'!D7:D19,">"&B18) | O18: ='buy100_expert_12'!H21 | P18: =SQRT(SUMPRODUCT('buy100_expert_12'!E7:E19,('buy100_expert_12'!D7:D19-O18)^2)) | Q18: ='buy100_expert_12'!B24 | R18: ='buy100_expert_12'!B25 | S18: ='buy100_expert_12'!B28
A19: buy100_expert_13 | B19: ='buy100_expert_13'!$B$3 | C19: 13 | D19: =IF(C19="","",C19+1) | E19: ='buy100_expert_13'!B27 | F19: ='buy100_expert_13'!B28 | G19: =IF(C19="","N/A",E19=D19) | H19: ='buy100_expert_13'!$D$3 | I19: ='buy100_expert_13'!I22 | J19: =ABS(I19-H19) | K19: ='buy100_expert_13'!J22 | L19: =SUMIFS('buy100_expert_13'!E7:E20,'buy100_expert_13'!D7:D20,">0") | M19: =SUMIFS('buy100_expert_13'!E7:E20,'buy100_expert_13'!D7:D20,"=0") | N19: =SUMIFS('buy100_expert_13'!E7:E20,'buy100_expert_13'!D7:D20,">"&B19) | O19: ='buy100_expert_13'!H22 | P19: =SQRT(SUMPRODUCT('buy100_expert_13'!E7:E20,('buy100_expert_13'!D7:D20-O19)^2)) | Q19: ='buy100_expert_13'!B25 | R19: ='buy100_expert_13'!B26 | S19: ='buy100_expert_13'!B29
A20: buy100_expert_14 | B20: ='buy100_expert_14'!$B$3 | C20: 14 | D20: =IF(C20="","",C20+1) | E20: ='buy100_expert_14'!B28 | F20: ='buy100_expert_14'!B29 | G20: =IF(C20="","N/A",E20=D20) | H20: ='buy100_expert_14'!$D$3 | I20: ='buy100_expert_14'!I23 | J20: =ABS(I20-H20) | K20: ='buy100_expert_14'!J23 | L20: =SUMIFS('buy100_expert_14'!E7:E21,'buy100_expert_14'!D7:D21,">0") | M20: =SUMIFS('buy100_expert_14'!E7:E21,'buy100_expert_14'!D7:D21,"=0") | N20: =SUMIFS('buy100_expert_14'!E7:E21,'buy100_expert_14'!D7:D21,">"&B20) | O20: ='buy100_expert_14'!H23 | P20: =SQRT(SUMPRODUCT('buy100_expert_14'!E7:E21,('buy100_expert_14'!D7:D21-O20)^2)) | Q20: ='buy100_expert_14'!B26 | R20: ='buy100_expert_14'!B27 | S20: ='buy100_expert_14'!B30
A21: buy100_expert_15 | B21: ='buy100_expert_15'!$B$3 | C21: 15 | D21: =IF(C21="","",C21+1) | E21: ='buy100_expert_15'!B29 | F21: ='buy100_expert_15'!B30 | G21: =IF(C21="","N/A",E21=D21) | H21: ='buy100_expert_15'!$D$3 | I21: ='buy100_expert_15'!I24 | J21: =ABS(I21-H21) | K21: ='buy100_expert_15'!J24 | L21: =SUMIFS('buy100_expert_15'!E7:E22,'buy100_expert_15'!D7:D22,">0") | M21: =SUMIFS('buy100_expert_15'!E7:E22,'buy100_expert_15'!D7:D22,"=0") | N21: =SUMIFS('buy100_expert_15'!E7:E22,'buy100_expert_15'!D7:D22,">"&B21) | O21: ='buy100_expert_15'!H24 | P21: =SQRT(SUMPRODUCT('buy100_expert_15'!E7:E22,('buy100_expert_15'!D7:D22-O21)^2)) | Q21: ='buy100_expert_15'!B27 | R21: ='buy100_expert_15'!B28 | S21: ='buy100_expert_15'!B31
A22: buy100_expert_16 | B22: ='buy100_expert_16'!$B$3 | C22: 16 | D22: =IF(C22="","",C22+1) | E22: ='buy100_expert_16'!B30 | F22: ='buy100_expert_16'!B31 | G22: =IF(C22="","N/A",E22=D22) | H22: ='buy100_expert_16'!$D$3 | I22: ='buy100_expert_16'!I25 | J22: =ABS(I22-H22) | K22: ='buy100_expert_16'!J25 | L22: =SUMIFS('buy100_expert_16'!E7:E23,'buy100_expert_16'!D7:D23,">0") | M22: =SUMIFS('buy100_expert_16'!E7:E23,'buy100_expert_16'!D7:D23,"=0") | N22: =SUMIFS('buy100_expert_16'!E7:E23,'buy100_expert_16'!D7:D23,">"&B22) | O22: ='buy100_expert_16'!H25 | P22: =SQRT(SUMPRODUCT('buy100_expert_16'!E7:E23,('buy100_expert_16'!D7:D23-O22)^2)) | Q22: ='buy100_expert_16'!B28 | R22: ='buy100_expert_16'!B29 | S22: ='buy100_expert_16'!B32
A23: buy100_expert_8 | B23: ='buy100_expert_8'!$B$3 | C23: 8 | D23: =IF(C23="","",C23+1) | E23: ='buy100_expert_8'!B22 | F23: ='buy100_expert_8'!B23 | G23: =IF(C23="","N/A",E23=D23) | H23: ='buy100_expert_8'!$D$3 | I23: ='buy100_expert_8'!I17 | J23: =ABS(I23-H23) | K23: ='buy100_expert_8'!J17 | L23: =SUMIFS('buy100_expert_8'!E7:E15,'buy100_expert_8'!D7:D15,">0") | M23: =SUMIFS('buy100_expert_8'!E7:E15,'buy100_expert_8'!D7:D15,"=0") | N23: =SUMIFS('buy100_expert_8'!E7:E15,'buy100_expert_8'!D7:D15,">"&B23) | O23: ='buy100_expert_8'!H17 | P23: =SQRT(SUMPRODUCT('buy100_expert_8'!E7:E15,('buy100_expert_8'!D7:D15-O23)^2)) | Q23: ='buy100_expert_8'!B20 | R23: ='buy100_expert_8'!B21 | S23: ='buy100_expert_8'!B24
A24: buy100_expert_9 | B24: ='buy100_expert_9'!$B$3 | C24: 9 | D24: =IF(C24="","",C24+1) | E24: ='buy100_expert_9'!B23 | F24: ='buy100_expert_9'!B24 | G24: =IF(C24="","N/A",E24=D24) | H24: ='buy100_expert_9'!$D$3 | I24: ='buy100_expert_9'!I18 | J24: =ABS(I24-H24) | K24: ='buy100_expert_9'!J18 | L24: =SUMIFS('buy100_expert_9'!E7:E16,'buy100_expert_9'!D7:D16,">0") | M24: =SUMIFS('buy100_expert_9'!E7:E16,'buy100_expert_9'!D7:D16,"=0") | N24: =SUMIFS('buy100_expert_9'!E7:E16,'buy100_expert_9'!D7:D16,">"&B24) | O24: ='buy100_expert_9'!H18 | P24: =SQRT(SUMPRODUCT('buy100_expert_9'!E7:E16,('buy100_expert_9'!D7:D16-O24)^2)) | Q24: ='buy100_expert_9'!B21 | R24: ='buy100_expert_9'!B22 | S24: ='buy100_expert_9'!B25
A25: buy100_high_10 | B25: ='buy100_high_10'!$B$3 | C25: 10 | D25: =IF(C25="","",C25+1) | E25: ='buy100_high_10'!B24 | F25: ='buy100_high_10'!B25 | G25: =IF(C25="","N/A",E25=D25) | H25: ='buy100_high_10'!$D$3 | I25: ='buy100_high_10'!I19 | J25: =ABS(I25-H25) | K25: ='buy100_high_10'!J19 | L25: =SUMIFS('buy100_high_10'!E7:E17,'buy100_high_10'!D7:D17,">0") | M25: =SUMIFS('buy100_high_10'!E7:E17,'buy100_high_10'!D7:D17,"=0") | N25: =SUMIFS('buy100_high_10'!E7:E17,'buy100_high_10'!D7:D17,">"&B25) | O25: ='buy100_high_10'!H19 | P25: =SQRT(SUMPRODUCT('buy100_high_10'!E7:E17,('buy100_high_10'!D7:D17-O25)^2)) | Q25: ='buy100_high_10'!B22 | R25: ='buy100_high_10'!B23 | S25: ='buy100_high_10'!B26
A26: buy100_high_11 | B26: ='buy100_high_11'!$B$3 | C26: 11 | D26: =IF(C26="","",C26+1) | E26: ='buy100_high_11'!B25 | F26: ='buy100_high_11'!B26 | G26: =IF(C26="","N/A",E26=D26) | H26: ='buy100_high_11'!$D$3 | I26: ='buy100_high_11'!I20 | J26: =ABS(I26-H26) | K26: ='buy100_high_11'!J20 | L26: =SUMIFS('buy100_high_11'!E7:E18,'buy100_high_11'!D7:D18,">0") | M26: =SUMIFS('buy100_high_11'!E7:E18,'buy100_high_11'!D7:D18,"=0") | N26: =SUMIFS('buy100_high_11'!E7:E18,'buy100_high_11'!D7:D18,">"&B26) | O26: ='buy100_high_11'!H20 | P26: =SQRT(SUMPRODUCT('buy100_high_11'!E7:E18,('buy100_high_11'!D7:D18-O26)^2)) | Q26: ='buy100_high_11'!B23 | R26: ='buy100_high_11'!B24 | S26: ='buy100_high_11'!B27
A27: buy100_high_12 | B27: ='buy100_high_12'!$B$3 | C27: 12 | D27: =IF(C27="","",C27+1) | E27: ='buy100_high_12'!B26 | F27: ='buy100_high_12'!B27 | G27: =IF(C27="","N/A",E27=D27) | H27: ='buy100_high_12'!$D$3 | I27: ='buy100_high_12'!I21 | J27: =ABS(I27-H27) | K27: ='buy100_high_12'!J21 | L27: =SUMIFS('buy100_high_12'!E7:E19,'buy100_high_12'!D7:D19,">0") | M27: =SUMIFS('buy100_high_12'!E7:E19,'buy100_high_12'!D7:D19,"=0") | N27: =SUMIFS('buy100_high_12'!E7:E19,'buy100_high_12'!D7:D19,">"&B27) | O27: ='buy100_high_12'!H21 | P27: =SQRT(SUMPRODUCT('buy100_high_12'!E7:E19,('buy100_high_12'!D7:D19-O27)^2)) | Q27: ='buy100_high_12'!B24 | R27: ='buy100_high_12'!B25 | S27: ='buy100_high_12'!B28
A28: buy100_high_13 | B28: ='buy100_high_13'!$B$3 | C28: 13 | D28: =IF(C28="","",C28+1) | E28: ='buy100_high_13'!B27 | F28: ='buy100_high_13'!B28 | G28: =IF(C28="","N/A",E28=D28) | H28: ='buy100_high_13'!$D$3 | I28: ='buy100_high_13'!I22 | J28: =ABS(I28-H28) | K28: ='buy100_high_13'!J22 | L28: =SUMIFS('buy100_high_13'!E7:E20,'buy100_high_13'!D7:D20,">0") | M28: =SUMIFS('buy100_high_13'!E7:E20,'buy100_high_13'!D7:D20,"=0") | N28: =SUMIFS('buy100_high_13'!E7:E20,'buy100_high_13'!D7:D20,">"&B28) | O28: ='buy100_high_13'!H22 | P28: =SQRT(SUMPRODUCT('buy100_high_13'!E7:E20,('buy100_high_13'!D7:D20-O28)^2)) | Q28: ='buy100_high_13'!B25 | R28: ='buy100_high_13'!B26 | S28: ='buy100_high_13'!B29
A29: buy100_high_14 | B29: ='buy100_high_14'!$B$3 | C29: 14 | D29: =IF(C29="","",C29+1) | E29: ='buy100_high_14'!B28 | F29: ='buy100_high_14'!B29 | G29: =IF(C29="","N/A",E29=D29) | H29: ='buy100_high_14'!$D$3 | I29: ='buy100_high_14'!I23 | J29: =ABS(I29-H29) | K29: ='buy100_high_14'!J23 | L29: =SUMIFS('buy100_high_14'!E7:E21,'buy100_high_14'!D7:D21,">0") | M29: =SUMIFS('buy100_high_14'!E7:E21,'buy100_high_14'!D7:D21,"=0") | N29: =SUMIFS('buy100_high_14'!E7:E21,'buy100_high_14'!D7:D21,">"&B29) | O29: ='buy100_high_14'!H23 | P29: =SQRT(SUMPRODUCT('buy100_high_14'!E7:E21,('buy100_high_14'!D7:D21-O29)^2)) | Q29: ='buy100_high_14'!B26 | R29: ='buy100_high_14'!B27 | S29: ='buy100_high_14'!B30
A30: buy100_high_15 | B30: ='buy100_high_15'!$B$3 | C30: 15 | D30: =IF(C30="","",C30+1) | E30: ='buy100_high_15'!B29 | F30: ='buy100_high_15'!B30 | G30: =IF(C30="","N/A",E30=D30) | H30: ='buy100_high_15'!$D$3 | I30: ='buy100_high_15'!I24 | J30: =ABS(I30-H30) | K30: ='buy100_high_15'!J24 | L30: =SUMIFS('buy100_high_15'!E7:E22,'buy100_high_15'!D7:D22,">0") | M30: =SUMIFS('buy100_high_15'!E7:E22,'buy100_high_15'!D7:D22,"=0") | N30: =SUMIFS('buy100_high_15'!E7:E22,'buy100_high_15'!D7:D22,">"&B30) | O30: ='buy100_high_15'!H24 | P30: =SQRT(SUMPRODUCT('buy100_high_15'!E7:E22,('buy100_high_15'!D7:D22-O30)^2)) | Q30: ='buy100_high_15'!B27 | R30: ='buy100_high_15'!B28 | S30: ='buy100_high_15'!B31
A31: buy100_high_16 | B31: ='buy100_high_16'!$B$3 | C31: 16 | D31: =IF(C31="","",C31+1) | E31: ='buy100_high_16'!B30 | F31: ='buy100_high_16'!B31 | G31: =IF(C31="","N/A",E31=D31) | H31: ='buy100_high_16'!$D$3 | I31: ='buy100_high_16'!I25 | J31: =ABS(I31-H31) | K31: ='buy100_high_16'!J25 | L31: =SUMIFS('buy100_high_16'!E7:E23,'buy100_high_16'!D7:D23,">0") | M31: =SUMIFS('buy100_high_16'!E7:E23,'buy100_high_16'!D7:D23,"=0") | N31: =SUMIFS('buy100_high_16'!E7:E23,'buy100_high_16'!D7:D23,">"&B31) | O31: ='buy100_high_16'!H25 | P31: =SQRT(SUMPRODUCT('buy100_high_16'!E7:E23,('buy100_high_16'!D7:D23-O31)^2)) | Q31: ='buy100_high_16'!B28 | R31: ='buy100_high_16'!B29 | S31: ='buy100_high_16'!B32
A32: buy100_high_8 | B32: ='buy100_high_8'!$B$3 | C32: 8 | D32: =IF(C32="","",C32+1) | E32: ='buy100_high_8'!B22 | F32: ='buy100_high_8'!B23 | G32: =IF(C32="","N/A",E32=D32) | H32: ='buy100_high_8'!$D$3 | I32: ='buy100_high_8'!I17 | J32: =ABS(I32-H32) | K32: ='buy100_high_8'!J17 | L32: =SUMIFS('buy100_high_8'!E7:E15,'buy100_high_8'!D7:D15,">0") | M32: =SUMIFS('buy100_high_8'!E7:E15,'buy100_high_8'!D7:D15,"=0") | N32: =SUMIFS('buy100_high_8'!E7:E15,'buy100_high_8'!D7:D15,">"&B32) | O32: ='buy100_high_8'!H17 | P32: =SQRT(SUMPRODUCT('buy100_high_8'!E7:E15,('buy100_high_8'!D7:D15-O32)^2)) | Q32: ='buy100_high_8'!B20 | R32: ='buy100_high_8'!B21 | S32: ='buy100_high_8'!B24
A33: buy100_high_9 | B33: ='buy100_high_9'!$B$3 | C33: 9 | D33: =IF(C33="","",C33+1) | E33: ='buy100_high_9'!B23 | F33: ='buy100_high_9'!B24 | G33: =IF(C33="","N/A",E33=D33) | H33: ='buy100_high_9'!$D$3 | I33: ='buy100_high_9'!I18 | J33: =ABS(I33-H33) | K33: ='buy100_high_9'!J18 | L33: =SUMIFS('buy100_high_9'!E7:E16,'buy100_high_9'!D7:D16,">0") | M33: =SUMIFS('buy100_high_9'!E7:E16,'buy100_high_9'!D7:D16,"=0") | N33: =SUMIFS('buy100_high_9'!E7:E16,'buy100_high_9'!D7:D16,">"&B33) | O33: ='buy100_high_9'!H18 | P33: =SQRT(SUMPRODUCT('buy100_high_9'!E7:E16,('buy100_high_9'!D7:D16-O33)^2)) | Q33: ='buy100_high_9'!B21 | R33: ='buy100_high_9'!B22 | S33: ='buy100_high_9'!B25
A34: buy100_low_10 | B34: ='buy100_low_10'!$B$3 | C34: 10 | D34: =IF(C34="","",C34+1) | E34: ='buy100_low_10'!B24 | F34: ='buy100_low_10'!B25 | G34: =IF(C34="","N/A",E34=D34) | H34: ='buy100_low_10'!$D$3 | I34: ='buy100_low_10'!I19 | J34: =ABS(I34-H34) | K34: ='buy100_low_10'!J19 | L34: =SUMIFS('buy100_low_10'!E7:E17,'buy100_low_10'!D7:D17,">0") | M34: =SUMIFS('buy100_low_10'!E7:E17,'buy100_low_10'!D7:D17,"=0") | N34: =SUMIFS('buy100_low_10'!E7:E17,'buy100_low_10'!D7:D17,">"&B34) | O34: ='buy100_low_10'!H19 | P34: =SQRT(SUMPRODUCT('buy100_low_10'!E7:E17,('buy100_low_10'!D7:D17-O34)^2)) | Q34: ='buy100_low_10'!B22 | R34: ='buy100_low_10'!B23 | S34: ='buy100_low_10'!B26
A35: buy100_low_11 | B35: ='buy100_low_11'!$B$3 | C35: 11 | D35: =IF(C35="","",C35+1) | E35: ='buy100_low_11'!B25 | F35: ='buy100_low_11'!B26 | G35: =IF(C35="","N/A",E35=D35) | H35: ='buy100_low_11'!$D$3 | I35: ='buy100_low_11'!I20 | J35: =ABS(I35-H35) | K35: ='buy100_low_11'!J20 | L35: =SUMIFS('buy100_low_11'!E7:E18,'buy100_low_11'!D7:D18,">0") | M35: =SUMIFS('buy100_low_11'!E7:E18,'buy100_low_11'!D7:D18,"=0") | N35: =SUMIFS('buy100_low_11'!E7:E18,'buy100_low_11'!D7:D18,">"&B35) | O35: ='buy100_low_11'!H20 | P35: =SQRT(SUMPRODUCT('buy100_low_11'!E7:E18,('buy100_low_11'!D7:D18-O35)^2)) | Q35: ='buy100_low_11'!B23 | R35: ='buy100_low_11'!B24 | S35: ='buy100_low_11'!B27
A36: buy100_low_12 | B36: ='buy100_low_12'!$B$3 | C36: 12 | D36: =IF(C36="","",C36+1) | E36: ='buy100_low_12'!B26 | F36: ='buy100_low_12'!B27 | G36: =IF(C36="","N/A",E36=D36) | H36: ='buy100_low_12'!$D$3 | I36: ='buy100_low_12'!I21 | J36: =ABS(I36-H36) | K36: ='buy100_low_12'!J21 | L36: =SUMIFS('buy100_low_12'!E7:E19,'buy100_low_12'!D7:D19,">0") | M36: =SUMIFS('buy100_low_12'!E7:E19,'buy100_low_12'!D7:D19,"=0") | N36: =SUMIFS('buy100_low_12'!E7:E19,'buy100_low_12'!D7:D19,">"&B36) | O36: ='buy100_low_12'!H21 | P36: =SQRT(SUMPRODUCT('buy100_low_12'!E7:E19,('buy100_low_12'!D7:D19-O36)^2)) | Q36: ='buy100_low_12'!B24 | R36: ='buy100_low_12'!B25 | S36: ='buy100_low_12'!B28
A37: buy100_low_13 | B37: ='buy100_low_13'!$B$3 | C37: 13 | D37: =IF(C37="","",C37+1) | E37: ='buy100_low_13'!B27 | F37: ='buy100_low_13'!B28 | G37: =IF(C37="","N/A",E37=D37) | H37: ='buy100_low_13'!$D$3 | I37: ='buy100_low_13'!I22 | J37: =ABS(I37-H37) | K37: ='buy100_low_13'!J22 | L37: =SUMIFS('buy100_low_13'!E7:E20,'buy100_low_13'!D7:D20,">0") | M37: =SUMIFS('buy100_low_13'!E7:E20,'buy100_low_13'!D7:D20,"=0") | N37: =SUMIFS('buy100_low_13'!E7:E20,'buy100_low_13'!D7:D20,">"&B37) | O37: ='buy100_low_13'!H22 | P37: =SQRT(SUMPRODUCT('buy100_low_13'!E7:E20,('buy100_low_13'!D7:D20-O37)^2)) | Q37: ='buy100_low_13'!B25 | R37: ='buy100_low_13'!B26 | S37: ='buy100_low_13'!B29
A38: buy100_low_14 | B38: ='buy100_low_14'!$B$3 | C38: 14 | D38: =IF(C38="","",C38+1) | E38: ='buy100_low_14'!B28 | F38: ='buy100_low_14'!B29 | G38: =IF(C38="","N/A",E38=D38) | H38: ='buy100_low_14'!$D$3 | I38: ='buy100_low_14'!I23 | J38: =ABS(I38-H38) | K38: ='buy100_low_14'!J23 | L38: =SUMIFS('buy100_low_14'!E7:E21,'buy100_low_14'!D7:D21,">0") | M38: =SUMIFS('buy100_low_14'!E7:E21,'buy100_low_14'!D7:D21,"=0") | N38: =SUMIFS('buy100_low_14'!E7:E21,'buy100_low_14'!D7:D21,">"&B38) | O38: ='buy100_low_14'!H23 | P38: =SQRT(SUMPRODUCT('buy100_low_14'!E7:E21,('buy100_low_14'!D7:D21-O38)^2)) | Q38: ='buy100_low_14'!B26 | R38: ='buy100_low_14'!B27 | S38: ='buy100_low_14'!B30
A39: buy100_low_15 | B39: ='buy100_low_15'!$B$3 | C39: 15 | D39: =IF(C39="","",C39+1) | E39: ='buy100_low_15'!B29 | F39: ='buy100_low_15'!B30 | G39: =IF(C39="","N/A",E39=D39) | H39: ='buy100_low_15'!$D$3 | I39: ='buy100_low_15'!I24 | J39: =ABS(I39-H39) | K39: ='buy100_low_15'!J24 | L39: =SUMIFS('buy100_low_15'!E7:E22,'buy100_low_15'!D7:D22,">0") | M39: =SUMIFS('buy100_low_15'!E7:E22,'buy100_low_15'!D7:D22,"=0") | N39: =SUMIFS('buy100_low_15'!E7:E22,'buy100_low_15'!D7:D22,">"&B39) | O39: ='buy100_low_15'!H24 | P39: =SQRT(SUMPRODUCT('buy100_low_15'!E7:E22,('buy100_low_15'!D7:D22-O39)^2)) | Q39: ='buy100_low_15'!B27 | R39: ='buy100_low_15'!B28 | S39: ='buy100_low_15'!B31
A40: buy100_low_16 | B40: ='buy100_low_16'!$B$3 | C40: 16 | D40: =IF(C40="","",C40+1) | E40: ='buy100_low_16'!B30 | F40: ='buy100_low_16'!B31 | G40: =IF(C40="","N/A",E40=D40) | H40: ='buy100_low_16'!$D$3 | I40: ='buy100_low_16'!I25 | J40: =ABS(I40-H40) | K40: ='buy100_low_16'!J25 | L40: =SUMIFS('buy100_low_16'!E7:E23,'buy100_low_16'!D7:D23,">0") | M40: =SUMIFS('buy100_low_16'!E7:E23,'buy100_low_16'!D7:D23,"=0") | N40: =SUMIFS('buy100_low_16'!E7:E23,'buy100_low_16'!D7:D23,">"&B40) | O40: ='buy100_low_16'!H25 | P40: =SQRT(SUMPRODUCT('buy100_low_16'!E7:E23,('buy100_low_16'!D7:D23-O40)^2)) | Q40: ='buy100_low_16'!B28 | R40: ='buy100_low_16'!B29 | S40: ='buy100_low_16'!B32
A41: buy100_low_8 | B41: ='buy100_low_8'!$B$3 | C41: 8 | D41: =IF(C41="","",C41+1) | E41: ='buy100_low_8'!B22 | F41: ='buy100_low_8'!B23 | G41: =IF(C41="","N/A",E41=D41) | H41: ='buy100_low_8'!$D$3 | I41: ='buy100_low_8'!I17 | J41: =ABS(I41-H41) | K41: ='buy100_low_8'!J17 | L41: =SUMIFS('buy100_low_8'!E7:E15,'buy100_low_8'!D7:D15,">0") | M41: =SUMIFS('buy100_low_8'!E7:E15,'buy100_low_8'!D7:D15,"=0") | N41: =SUMIFS('buy100_low_8'!E7:E15,'buy100_low_8'!D7:D15,">"&B41) | O41: ='buy100_low_8'!H17 | P41: =SQRT(SUMPRODUCT('buy100_low_8'!E7:E15,('buy100_low_8'!D7:D15-O41)^2)) | Q41: ='buy100_low_8'!B20 | R41: ='buy100_low_8'!B21 | S41: ='buy100_low_8'!B24
A42: buy100_low_9 | B42: ='buy100_low_9'!$B$3 | C42: 9 | D42: =IF(C42="","",C42+1) | E42: ='buy100_low_9'!B23 | F42: ='buy100_low_9'!B24 | G42: =IF(C42="","N/A",E42=D42) | H42: ='buy100_low_9'!$D$3 | I42: ='buy100_low_9'!I18 | J42: =ABS(I42-H42) | K42: ='buy100_low_9'!J18 | L42: =SUMIFS('buy100_low_9'!E7:E16,'buy100_low_9'!D7:D16,">0") | M42: =SUMIFS('buy100_low_9'!E7:E16,'buy100_low_9'!D7:D16,"=0") | N42: =SUMIFS('buy100_low_9'!E7:E16,'buy100_low_9'!D7:D16,">"&B42) | O42: ='buy100_low_9'!H18 | P42: =SQRT(SUMPRODUCT('buy100_low_9'!E7:E16,('buy100_low_9'!D7:D16-O42)^2)) | Q42: ='buy100_low_9'!B21 | R42: ='buy100_low_9'!B22 | S42: ='buy100_low_9'!B25
A43: buy100_medium_10 | B43: ='buy100_medium_10'!$B$3 | C43: 10 | D43: =IF(C43="","",C43+1) | E43: ='buy100_medium_10'!B24 | F43: ='buy100_medium_10'!B25 | G43: =IF(C43="","N/A",E43=D43) | H43: ='buy100_medium_10'!$D$3 | I43: ='buy100_medium_10'!I19 | J43: =ABS(I43-H43) | K43: ='buy100_medium_10'!J19 | L43: =SUMIFS('buy100_medium_10'!E7:E17,'buy100_medium_10'!D7:D17,">0") | M43: =SUMIFS('buy100_medium_10'!E7:E17,'buy100_medium_10'!D7:D17,"=0") | N43: =SUMIFS('buy100_medium_10'!E7:E17,'buy100_medium_10'!D7:D17,">"&B43) | O43: ='buy100_medium_10'!H19 | P43: =SQRT(SUMPRODUCT('buy100_medium_10'!E7:E17,('buy100_medium_10'!D7:D17-O43)^2)) | Q43: ='buy100_medium_10'!B22 | R43: ='buy100_medium_10'!B23 | S43: ='buy100_medium_10'!B26
A44: buy100_medium_11 | B44: ='buy100_medium_11'!$B$3 | C44: 11 | D44: =IF(C44="","",C44+1) | E44: ='buy100_medium_11'!B25 | F44: ='buy100_medium_11'!B26 | G44: =IF(C44="","N/A",E44=D44) | H44: ='buy100_medium_11'!$D$3 | I44: ='buy100_medium_11'!I20 | J44: =ABS(I44-H44) | K44: ='buy100_medium_11'!J20 | L44: =SUMIFS('buy100_medium_11'!E7:E18,'buy100_medium_11'!D7:D18,">0") | M44: =SUMIFS('buy100_medium_11'!E7:E18,'buy100_medium_11'!D7:D18,"=0") | N44: =SUMIFS('buy100_medium_11'!E7:E18,'buy100_medium_11'!D7:D18,">"&B44) | O44: ='buy100_medium_11'!H20 | P44: =SQRT(SUMPRODUCT('buy100_medium_11'!E7:E18,('buy100_medium_11'!D7:D18-O44)^2)) | Q44: ='buy100_medium_11'!B23 | R44: ='buy100_medium_11'!B24 | S44: ='buy100_medium_11'!B27
A45: buy100_medium_12 | B45: ='buy100_medium_12'!$B$3 | C45: 12 | D45: =IF(C45="","",C45+1) | E45: ='buy100_medium_12'!B26 | F45: ='buy100_medium_12'!B27 | G45: =IF(C45="","N/A",E45=D45) | H45: ='buy100_medium_12'!$D$3 | I45: ='buy100_medium_12'!I21 | J45: =ABS(I45-H45) | K45: ='buy100_medium_12'!J21 | L45: =SUMIFS('buy100_medium_12'!E7:E19,'buy100_medium_12'!D7:D19,">0") | M45: =SUMIFS('buy100_medium_12'!E7:E19,'buy100_medium_12'!D7:D19,"=0") | N45: =SUMIFS('buy100_medium_12'!E7:E19,'buy100_medium_12'!D7:D19,">"&B45) | O45: ='buy100_medium_12'!H21 | P45: =SQRT(SUMPRODUCT('buy100_medium_12'!E7:E19,('buy100_medium_12'!D7:D19-O45)^2)) | Q45: ='buy100_medium_12'!B24 | R45: ='buy100_medium_12'!B25 | S45: ='buy100_medium_12'!B28
A46: buy100_medium_13 | B46: ='buy100_medium_13'!$B$3 | C46: 13 | D46: =IF(C46="","",C46+1) | E46: ='buy100_medium_13'!B27 | F46: ='buy100_medium_13'!B28 | G46: =IF(C46="","N/A",E46=D46) | H46: ='buy100_medium_13'!$D$3 | I46: ='buy100_medium_13'!I22 | J46: =ABS(I46-H46) | K46: ='buy100_medium_13'!J22 | L46: =SUMIFS('buy100_medium_13'!E7:E20,'buy100_medium_13'!D7:D20,">0") | M46: =SUMIFS('buy100_medium_13'!E7:E20,'buy100_medium_13'!D7:D20,"=0") | N46: =SUMIFS('buy100_medium_13'!E7:E20,'buy100_medium_13'!D7:D20,">"&B46) | O46: ='buy100_medium_13'!H22 | P46: =SQRT(SUMPRODUCT('buy100_medium_13'!E7:E20,('buy100_medium_13'!D7:D20-O46)^2)) | Q46: ='buy100_medium_13'!B25 | R46: ='buy100_medium_13'!B26 | S46: ='buy100_medium_13'!B29
A47: buy100_medium_14 | B47: ='buy100_medium_14'!$B$3 | C47: 14 | D47: =IF(C47="","",C47+1) | E47: ='buy100_medium_14'!B28 | F47: ='buy100_medium_14'!B29 | G47: =IF(C47="","N/A",E47=D47) | H47: ='buy100_medium_14'!$D$3 | I47: ='buy100_medium_14'!I23 | J47: =ABS(I47-H47) | K47: ='buy100_medium_14'!J23 | L47: =SUMIFS('buy100_medium_14'!E7:E21,'buy100_medium_14'!D7:D21,">0") | M47: =SUMIFS('buy100_medium_14'!E7:E21,'buy100_medium_14'!D7:D21,"=0") | N47: =SUMIFS('buy100_medium_14'!E7:E21,'buy100_medium_14'!D7:D21,">"&B47) | O47: ='buy100_medium_14'!H23 | P47: =SQRT(SUMPRODUCT('buy100_medium_14'!E7:E21,('buy100_medium_14'!D7:D21-O47)^2)) | Q47: ='buy100_medium_14'!B26 | R47: ='buy100_medium_14'!B27 | S47: ='buy100_medium_14'!B30
A48: buy100_medium_15 | B48: ='buy100_medium_15'!$B$3 | C48: 15 | D48: =IF(C48="","",C48+1) | E48: ='buy100_medium_15'!B29 | F48: ='buy100_medium_15'!B30 | G48: =IF(C48="","N/A",E48=D48) | H48: ='buy100_medium_15'!$D$3 | I48: ='buy100_medium_15'!I24 | J48: =ABS(I48-H48) | K48: ='buy100_medium_15'!J24 | L48: =SUMIFS('buy100_medium_15'!E7:E22,'buy100_medium_15'!D7:D22,">0") | M48: =SUMIFS('buy100_medium_15'!E7:E22,'buy100_medium_15'!D7:D22,"=0") | N48: =SUMIFS('buy100_medium_15'!E7:E22,'buy100_medium_15'!D7:D22,">"&B48) | O48: ='buy100_medium_15'!H24 | P48: =SQRT(SUMPRODUCT('buy100_medium_15'!E7:E22,('buy100_medium_15'!D7:D22-O48)^2)) | Q48: ='buy100_medium_15'!B27 | R48: ='buy100_medium_15'!B28 | S48: ='buy100_medium_15'!B31
A49: buy100_medium_16 | B49: ='buy100_medium_16'!$B$3 | C49: 16 | D49: =IF(C49="","",C49+1) | E49: ='buy100_medium_16'!B30 | F49: ='buy100_medium_16'!B31 | G49: =IF(C49="","N/A",E49=D49) | H49: ='buy100_medium_16'!$D$3 | I49: ='buy100_medium_16'!I25 | J49: =ABS(I49-H49) | K49: ='buy100_medium_16'!J25 | L49: =SUMIFS('buy100_medium_16'!E7:E23,'buy100_medium_16'!D7:D23,">0") | M49: =SUMIFS('buy100_medium_16'!E7:E23,'buy100_medium_16'!D7:D23,"=0") | N49: =SUMIFS('buy100_medium_16'!E7:E23,'buy100_medium_16'!D7:D23,">"&B49) | O49: ='buy100_medium_16'!H25 | P49: =SQRT(SUMPRODUCT('buy100_medium_16'!E7:E23,('buy100_medium_16'!D7:D23-O49)^2)) | Q49: ='buy100_medium_16'!B28 | R49: ='buy100_medium_16'!B29 | S49: ='buy100_medium_16'!B32
A50: buy100_medium_8 | B50: ='buy100_medium_8'!$B$3 | C50: 8 | D50: =IF(C50="","",C50+1) | E50: ='buy100_medium_8'!B22 | F50: ='buy100_medium_8'!B23 | G50: =IF(C50="","N/A",E50=D50) | H50: ='buy100_medium_8'!$D$3 | I50: ='buy100_medium_8'!I17 | J50: =ABS(I50-H50) | K50: ='buy100_medium_8'!J17 | L50: =SUMIFS('buy100_medium_8'!E7:E15,'buy100_medium_8'!D7:D15,">0") | M50: =SUMIFS('buy100_medium_8'!E7:E15,'buy100_medium_8'!D7:D15,"=0") | N50: =SUMIFS('buy100_medium_8'!E7:E15,'buy100_medium_8'!D7:D15,">"&B50) | O50: ='buy100_medium_8'!H17 | P50: =SQRT(SUMPRODUCT('buy100_medium_8'!E7:E15,('buy100_medium_8'!D7:D15-O50)^2)) | Q50: ='buy100_medium_8'!B20 | R50: ='buy100_medium_8'!B21 | S50: ='buy100_medium_8'!B24
A51: buy100_medium_9 | B51: ='buy100_medium_9'!$B$3 | C51: 9 | D51: =IF(C51="","",C51+1) | E51: ='buy100_medium_9'!B23 | F51: ='buy100_medium_9'!B24 | G51: =IF(C51="","N/A",E51=D51) | H51: ='buy100_medium_9'!$D$3 | I51: ='buy100_medium_9'!I18 | J51: =ABS(I51-H51) | K51: ='buy100_medium_9'!J18 | L51: =SUMIFS('buy100_medium_9'!E7:E16,'buy100_medium_9'!D7:D16,">0") | M51: =SUMIFS('buy100_medium_9'!E7:E16,'buy100_medium_9'!D7:D16,"=0") | N51: =SUMIFS('buy100_medium_9'!E7:E16,'buy100_medium_9'!D7:D16,">"&B51) | O51: ='buy100_medium_9'!H18 | P51: =SQRT(SUMPRODUCT('buy100_medium_9'!E7:E16,('buy100_medium_9'!D7:D16-O51)^2)) | Q51: ='buy100_medium_9'!B21 | R51: ='buy100_medium_9'!B22 | S51: ='buy100_medium_9'!B25
A52: normal_expert_10 | B52: ='normal_expert_10'!$B$3 | C52: 10 | D52: =IF(C52="","",C52+1) | E52: ='normal_expert_10'!B24 | F52: ='normal_expert_10'!B25 | G52: =IF(C52="","N/A",E52=D52) | H52: ='normal_expert_10'!$D$3 | I52: ='normal_expert_10'!I19 | J52: =ABS(I52-H52) | K52: ='normal_expert_10'!J19 | L52: =SUMIFS('normal_expert_10'!E7:E17,'normal_expert_10'!D7:D17,">0") | M52: =SUMIFS('normal_expert_10'!E7:E17,'normal_expert_10'!D7:D17,"=0") | N52: =SUMIFS('normal_expert_10'!E7:E17,'normal_expert_10'!D7:D17,">"&B52) | O52: ='normal_expert_10'!H19 | P52: =SQRT(SUMPRODUCT('normal_expert_10'!E7:E17,('normal_expert_10'!D7:D17-O52)^2)) | Q52: ='normal_expert_10'!B22 | R52: ='normal_expert_10'!B23 | S52: ='normal_expert_10'!B26
A53: normal_expert_11 | B53: ='normal_expert_11'!$B$3 | C53: 11 | D53: =IF(C53="","",C53+1) | E53: ='normal_expert_11'!B25 | F53: ='normal_expert_11'!B26 | G53: =IF(C53="","N/A",E53=D53) | H53: ='normal_expert_11'!$D$3 | I53: ='normal_expert_11'!I20 | J53: =ABS(I53-H53) | K53: ='normal_expert_11'!J20 | L53: =SUMIFS('normal_expert_11'!E7:E18,'normal_expert_11'!D7:D18,">0") | M53: =SUMIFS('normal_expert_11'!E7:E18,'normal_expert_11'!D7:D18,"=0") | N53: =SUMIFS('normal_expert_11'!E7:E18,'normal_expert_11'!D7:D18,">"&B53) | O53: ='normal_expert_11'!H20 | P53: =SQRT(SUMPRODUCT('normal_expert_11'!E7:E18,('normal_expert_11'!D7:D18-O53)^2)) | Q53: ='normal_expert_11'!B23 | R53: ='normal_expert_11'!B24 | S53: ='normal_expert_11'!B27
A54: normal_expert_12 | B54: ='normal_expert_12'!$B$3 | C54: 12 | D54: =IF(C54="","",C54+1) | E54: ='normal_expert_12'!B26 | F54: ='normal_expert_12'!B27 | G54: =IF(C54="","N/A",E54=D54) | H54: ='normal_expert_12'!$D$3 | I54: ='normal_expert_12'!I21 | J54: =ABS(I54-H54) | K54: ='normal_expert_12'!J21 | L54: =SUMIFS('normal_expert_12'!E7:E19,'normal_expert_12'!D7:D19,">0") | M54: =SUMIFS('normal_expert_12'!E7:E19,'normal_expert_12'!D7:D19,"=0") | N54: =SUMIFS('normal_expert_12'!E7:E19,'normal_expert_12'!D7:D19,">"&B54) | O54: ='normal_expert_12'!H21 | P54: =SQRT(SUMPRODUCT('normal_expert_12'!E7:E19,('normal_expert_12'!D7:D19-O54)^2)) | Q54: ='normal_expert_12'!B24 | R54: ='normal_expert_12'!B25 | S54: ='normal_expert_12'!B28
A55: normal_expert_13 | B55: ='normal_expert_13'!$B$3 | C55: 13 | D55: =IF(C55="","",C55+1) | E55: ='normal_expert_13'!B27 | F55: ='normal_expert_13'!B28 | G55: =IF(C55="","N/A",E55=D55) | H55: ='normal_expert_13'!$D$3 | I55: ='normal_expert_13'!I22 | J55: =ABS(I55-H55) | K55: ='normal_expert_13'!J22 | L55: =SUMIFS('normal_expert_13'!E7:E20,'normal_expert_13'!D7:D20,">0") | M55: =SUMIFS('normal_expert_13'!E7:E20,'normal_expert_13'!D7:D20,"=0") | N55: =SUMIFS('normal_expert_13'!E7:E20,'normal_expert_13'!D7:D20,">"&B55) | O55: ='normal_expert_13'!H22 | P55: =SQRT(SUMPRODUCT('normal_expert_13'!E7:E20,('normal_expert_13'!D7:D20-O55)^2)) | Q55: ='normal_expert_13'!B25 | R55: ='normal_expert_13'!B26 | S55: ='normal_expert_13'!B29
A56: normal_expert_14 | B56: ='normal_expert_14'!$B$3 | C56: 14 | D56: =IF(C56="","",C56+1) | E56: ='normal_expert_14'!B28 | F56: ='normal_expert_14'!B29 | G56: =IF(C56="","N/A",E56=D56) | H56: ='normal_expert_14'!$D$3 | I56: ='normal_expert_14'!I23 | J56: =ABS(I56-H56) | K56: ='normal_expert_14'!J23 | L56: =SUMIFS('normal_expert_14'!E7:E21,'normal_expert_14'!D7:D21,">0") | M56: =SUMIFS('normal_expert_14'!E7:E21,'normal_expert_14'!D7:D21,"=0") | N56: =SUMIFS('normal_expert_14'!E7:E21,'normal_expert_14'!D7:D21,">"&B56) | O56: ='normal_expert_14'!H23 | P56: =SQRT(SUMPRODUCT('normal_expert_14'!E7:E21,('normal_expert_14'!D7:D21-O56)^2)) | Q56: ='normal_expert_14'!B26 | R56: ='normal_expert_14'!B27 | S56: ='normal_expert_14'!B30
A57: normal_expert_15 | B57: ='normal_expert_15'!$B$3 | C57: 15 | D57: =IF(C57="","",C57+1) | E57: ='normal_expert_15'!B29 | F57: ='normal_expert_15'!B30 | G57: =IF(C57="","N/A",E57=D57) | H57: ='normal_expert_15'!$D$3 | I57: ='normal_expert_15'!I24 | J57: =ABS(I57-H57) | K57: ='normal_expert_15'!J24 | L57: =SUMIFS('normal_expert_15'!E7:E22,'normal_expert_15'!D7:D22,">0") | M57: =SUMIFS('normal_expert_15'!E7:E22,'normal_expert_15'!D7:D22,"=0") | N57: =SUMIFS('normal_expert_15'!E7:E22,'normal_expert_15'!D7:D22,">"&B57) | O57: ='normal_expert_15'!H24 | P57: =SQRT(SUMPRODUCT('normal_expert_15'!E7:E22,('normal_expert_15'!D7:D22-O57)^2)) | Q57: ='normal_expert_15'!B27 | R57: ='normal_expert_15'!B28 | S57: ='normal_expert_15'!B31
A58: normal_expert_16 | B58: ='normal_expert_16'!$B$3 | C58: 16 | D58: =IF(C58="","",C58+1) | E58: ='normal_expert_16'!B30 | F58: ='normal_expert_16'!B31 | G58: =IF(C58="","N/A",E58=D58) | H58: ='normal_expert_16'!$D$3 | I58: ='normal_expert_16'!I25 | J58: =ABS(I58-H58) | K58: ='normal_expert_16'!J25 | L58: =SUMIFS('normal_expert_16'!E7:E23,'normal_expert_16'!D7:D23,">0") | M58: =SUMIFS('normal_expert_16'!E7:E23,'normal_expert_16'!D7:D23,"=0") | N58: =SUMIFS('normal_expert_16'!E7:E23,'normal_expert_16'!D7:D23,">"&B58) | O58: ='normal_expert_16'!H25 | P58: =SQRT(SUMPRODUCT('normal_expert_16'!E7:E23,('normal_expert_16'!D7:D23-O58)^2)) | Q58: ='normal_expert_16'!B28 | R58: ='normal_expert_16'!B29 | S58: ='normal_expert_16'!B32
A59: normal_expert_8 | B59: ='normal_expert_8'!$B$3 | C59: 8 | D59: =IF(C59="","",C59+1) | E59: ='normal_expert_8'!B22 | F59: ='normal_expert_8'!B23 | G59: =IF(C59="","N/A",E59=D59) | H59: ='normal_expert_8'!$D$3 | I59: ='normal_expert_8'!I17 | J59: =ABS(I59-H59) | K59: ='normal_expert_8'!J17 | L59: =SUMIFS('normal_expert_8'!E7:E15,'normal_expert_8'!D7:D15,">0") | M59: =SUMIFS('normal_expert_8'!E7:E15,'normal_expert_8'!D7:D15,"=0") | N59: =SUMIFS('normal_expert_8'!E7:E15,'normal_expert_8'!D7:D15,">"&B59) | O59: ='normal_expert_8'!H17 | P59: =SQRT(SUMPRODUCT('normal_expert_8'!E7:E15,('normal_expert_8'!D7:D15-O59)^2)) | Q59: ='normal_expert_8'!B20 | R59: ='normal_expert_8'!B21 | S59: ='normal_expert_8'!B24
A60: normal_expert_9 | B60: ='normal_expert_9'!$B$3 | C60: 9 | D60: =IF(C60="","",C60+1) | E60: ='normal_expert_9'!B23 | F60: ='normal_expert_9'!B24 | G60: =IF(C60="","N/A",E60=D60) | H60: ='normal_expert_9'!$D$3 | I60: ='normal_expert_9'!I18 | J60: =ABS(I60-H60) | K60: ='normal_expert_9'!J18 | L60: =SUMIFS('normal_expert_9'!E7:E16,'normal_expert_9'!D7:D16,">0") | M60: =SUMIFS('normal_expert_9'!E7:E16,'normal_expert_9'!D7:D16,"=0") | N60: =SUMIFS('normal_expert_9'!E7:E16,'normal_expert_9'!D7:D16,">"&B60) | O60: ='normal_expert_9'!H18 | P60: =SQRT(SUMPRODUCT('normal_expert_9'!E7:E16,('normal_expert_9'!D7:D16-O60)^2)) | Q60: ='normal_expert_9'!B21 | R60: ='normal_expert_9'!B22 | S60: ='normal_expert_9'!B25
A61: normal_high_10 | B61: ='normal_high_10'!$B$3 | C61: 10 | D61: =IF(C61="","",C61+1) | E61: ='normal_high_10'!B24 | F61: ='normal_high_10'!B25 | G61: =IF(C61="","N/A",E61=D61) | H61: ='normal_high_10'!$D$3 | I61: ='normal_high_10'!I19 | J61: =ABS(I61-H61) | K61: ='normal_high_10'!J19 | L61: =SUMIFS('normal_high_10'!E7:E17,'normal_high_10'!D7:D17,">0") | M61: =SUMIFS('normal_high_10'!E7:E17,'normal_high_10'!D7:D17,"=0") | N61: =SUMIFS('normal_high_10'!E7:E17,'normal_high_10'!D7:D17,">"&B61) | O61: ='normal_high_10'!H19 | P61: =SQRT(SUMPRODUCT('normal_high_10'!E7:E17,('normal_high_10'!D7:D17-O61)^2)) | Q61: ='normal_high_10'!B22 | R61: ='normal_high_10'!B23 | S61: ='normal_high_10'!B26
A62: normal_high_11 | B62: ='normal_high_11'!$B$3 | C62: 11 | D62: =IF(C62="","",C62+1) | E62: ='normal_high_11'!B25 | F62: ='normal_high_11'!B26 | G62: =IF(C62="","N/A",E62=D62) | H62: ='normal_high_11'!$D$3 | I62: ='normal_high_11'!I20 | J62: =ABS(I62-H62) | K62: ='normal_high_11'!J20 | L62: =SUMIFS('normal_high_11'!E7:E18,'normal_high_11'!D7:D18,">0") | M62: =SUMIFS('normal_high_11'!E7:E18,'normal_high_11'!D7:D18,"=0") | N62: =SUMIFS('normal_high_11'!E7:E18,'normal_high_11'!D7:D18,">"&B62) | O62: ='normal_high_11'!H20 | P62: =SQRT(SUMPRODUCT('normal_high_11'!E7:E18,('normal_high_11'!D7:D18-O62)^2)) | Q62: ='normal_high_11'!B23 | R62: ='normal_high_11'!B24 | S62: ='normal_high_11'!B27
A63: normal_high_12 | B63: ='normal_high_12'!$B$3 | C63: 12 | D63: =IF(C63="","",C63+1) | E63: ='normal_high_12'!B26 | F63: ='normal_high_12'!B27 | G63: =IF(C63="","N/A",E63=D63) | H63: ='normal_high_12'!$D$3 | I63: ='normal_high_12'!I21 | J63: =ABS(I63-H63) | K63: ='normal_high_12'!J21 | L63: =SUMIFS('normal_high_12'!E7:E19,'normal_high_12'!D7:D19,">0") | M63: =SUMIFS('normal_high_12'!E7:E19,'normal_high_12'!D7:D19,"=0") | N63: =SUMIFS('normal_high_12'!E7:E19,'normal_high_12'!D7:D19,">"&B63) | O63: ='normal_high_12'!H21 | P63: =SQRT(SUMPRODUCT('normal_high_12'!E7:E19,('normal_high_12'!D7:D19-O63)^2)) | Q63: ='normal_high_12'!B24 | R63: ='normal_high_12'!B25 | S63: ='normal_high_12'!B28
A64: normal_high_13 | B64: ='normal_high_13'!$B$3 | C64: 13 | D64: =IF(C64="","",C64+1) | E64: ='normal_high_13'!B27 | F64: ='normal_high_13'!B28 | G64: =IF(C64="","N/A",E64=D64) | H64: ='normal_high_13'!$D$3 | I64: ='normal_high_13'!I22 | J64: =ABS(I64-H64) | K64: ='normal_high_13'!J22 | L64: =SUMIFS('normal_high_13'!E7:E20,'normal_high_13'!D7:D20,">0") | M64: =SUMIFS('normal_high_13'!E7:E20,'normal_high_13'!D7:D20,"=0") | N64: =SUMIFS('normal_high_13'!E7:E20,'normal_high_13'!D7:D20,">"&B64) | O64: ='normal_high_13'!H22 | P64: =SQRT(SUMPRODUCT('normal_high_13'!E7:E20,('normal_high_13'!D7:D20-O64)^2)) | Q64: ='normal_high_13'!B25 | R64: ='normal_high_13'!B26 | S64: ='normal_high_13'!B29
A65: normal_high_14 | B65: ='normal_high_14'!$B$3 | C65: 14 | D65: =IF(C65="","",C65+1) | E65: ='normal_high_14'!B28 | F65: ='normal_high_14'!B29 | G65: =IF(C65="","N/A",E65=D65) | H65: ='normal_high_14'!$D$3 | I65: ='normal_high_14'!I23 | J65: =ABS(I65-H65) | K65: ='normal_high_14'!J23 | L65: =SUMIFS('normal_high_14'!E7:E21,'normal_high_14'!D7:D21,">0") | M65: =SUMIFS('normal_high_14'!E7:E21,'normal_high_14'!D7:D21,"=0") | N65: =SUMIFS('normal_high_14'!E7:E21,'normal_high_14'!D7:D21,">"&B65) | O65: ='normal_high_14'!H23 | P65: =SQRT(SUMPRODUCT('normal_high_14'!E7:E21,('normal_high_14'!D7:D21-O65)^2)) | Q65: ='normal_high_14'!B26 | R65: ='normal_high_14'!B27 | S65: ='normal_high_14'!B30
A66: normal_high_15 | B66: ='normal_high_15'!$B$3 | C66: 15 | D66: =IF(C66="","",C66+1) | E66: ='normal_high_15'!B29 | F66: ='normal_high_15'!B30 | G66: =IF(C66="","N/A",E66=D66) | H66: ='normal_high_15'!$D$3 | I66: ='normal_high_15'!I24 | J66: =ABS(I66-H66) | K66: ='normal_high_15'!J24 | L66: =SUMIFS('normal_high_15'!E7:E22,'normal_high_15'!D7:D22,">0") | M66: =SUMIFS('normal_high_15'!E7:E22,'normal_high_15'!D7:D22,"=0") | N66: =SUMIFS('normal_high_15'!E7:E22,'normal_high_15'!D7:D22,">"&B66) | O66: ='normal_high_15'!H24 | P66: =SQRT(SUMPRODUCT('normal_high_15'!E7:E22,('normal_high_15'!D7:D22-O66)^2)) | Q66: ='normal_high_15'!B27 | R66: ='normal_high_15'!B28 | S66: ='normal_high_15'!B31
A67: normal_high_16 | B67: ='normal_high_16'!$B$3 | C67: 16 | D67: =IF(C67="","",C67+1) | E67: ='normal_high_16'!B30 | F67: ='normal_high_16'!B31 | G67: =IF(C67="","N/A",E67=D67) | H67: ='normal_high_16'!$D$3 | I67: ='normal_high_16'!I25 | J67: =ABS(I67-H67) | K67: ='normal_high_16'!J25 | L67: =SUMIFS('normal_high_16'!E7:E23,'normal_high_16'!D7:D23,">0") | M67: =SUMIFS('normal_high_16'!E7:E23,'normal_high_16'!D7:D23,"=0") | N67: =SUMIFS('normal_high_16'!E7:E23,'normal_high_16'!D7:D23,">"&B67) | O67: ='normal_high_16'!H25 | P67: =SQRT(SUMPRODUCT('normal_high_16'!E7:E23,('normal_high_16'!D7:D23-O67)^2)) | Q67: ='normal_high_16'!B28 | R67: ='normal_high_16'!B29 | S67: ='normal_high_16'!B32
A68: normal_high_8 | B68: ='normal_high_8'!$B$3 | C68: 8 | D68: =IF(C68="","",C68+1) | E68: ='normal_high_8'!B22 | F68: ='normal_high_8'!B23 | G68: =IF(C68="","N/A",E68=D68) | H68: ='normal_high_8'!$D$3 | I68: ='normal_high_8'!I17 | J68: =ABS(I68-H68) | K68: ='normal_high_8'!J17 | L68: =SUMIFS('normal_high_8'!E7:E15,'normal_high_8'!D7:D15,">0") | M68: =SUMIFS('normal_high_8'!E7:E15,'normal_high_8'!D7:D15,"=0") | N68: =SUMIFS('normal_high_8'!E7:E15,'normal_high_8'!D7:D15,">"&B68) | O68: ='normal_high_8'!H17 | P68: =SQRT(SUMPRODUCT('normal_high_8'!E7:E15,('normal_high_8'!D7:D15-O68)^2)) | Q68: ='normal_high_8'!B20 | R68: ='normal_high_8'!B21 | S68: ='normal_high_8'!B24
A69: normal_high_9 | B69: ='normal_high_9'!$B$3 | C69: 9 | D69: =IF(C69="","",C69+1) | E69: ='normal_high_9'!B23 | F69: ='normal_high_9'!B24 | G69: =IF(C69="","N/A",E69=D69) | H69: ='normal_high_9'!$D$3 | I69: ='normal_high_9'!I18 | J69: =ABS(I69-H69) | K69: ='normal_high_9'!J18 | L69: =SUMIFS('normal_high_9'!E7:E16,'normal_high_9'!D7:D16,">0") | M69: =SUMIFS('normal_high_9'!E7:E16,'normal_high_9'!D7:D16,"=0") | N69: =SUMIFS('normal_high_9'!E7:E16,'normal_high_9'!D7:D16,">"&B69) | O69: ='normal_high_9'!H18 | P69: =SQRT(SUMPRODUCT('normal_high_9'!E7:E16,('normal_high_9'!D7:D16-O69)^2)) | Q69: ='normal_high_9'!B21 | R69: ='normal_high_9'!B22 | S69: ='normal_high_9'!B25
A70: normal_low_10 | B70: ='normal_low_10'!$B$3 | C70: 10 | D70: =IF(C70="","",C70+1) | E70: ='normal_low_10'!B24 | F70: ='normal_low_10'!B25 | G70: =IF(C70="","N/A",E70=D70) | H70: ='normal_low_10'!$D$3 | I70: ='normal_low_10'!I19 | J70: =ABS(I70-H70) | K70: ='normal_low_10'!J19 | L70: =SUMIFS('normal_low_10'!E7:E17,'normal_low_10'!D7:D17,">0") | M70: =SUMIFS('normal_low_10'!E7:E17,'normal_low_10'!D7:D17,"=0") | N70: =SUMIFS('normal_low_10'!E7:E17,'normal_low_10'!D7:D17,">"&B70) | O70: ='normal_low_10'!H19 | P70: =SQRT(SUMPRODUCT('normal_low_10'!E7:E17,('normal_low_10'!D7:D17-O70)^2)) | Q70: ='normal_low_10'!B22 | R70: ='normal_low_10'!B23 | S70: ='normal_low_10'!B26
A71: normal_low_11 | B71: ='normal_low_11'!$B$3 | C71: 11 | D71: =IF(C71="","",C71+1) | E71: ='normal_low_11'!B25 | F71: ='normal_low_11'!B26 | G71: =IF(C71="","N/A",E71=D71) | H71: ='normal_low_11'!$D$3 | I71: ='normal_low_11'!I20 | J71: =ABS(I71-H71) | K71: ='normal_low_11'!J20 | L71: =SUMIFS('normal_low_11'!E7:E18,'normal_low_11'!D7:D18,">0") | M71: =SUMIFS('normal_low_11'!E7:E18,'normal_low_11'!D7:D18,"=0") | N71: =SUMIFS('normal_low_11'!E7:E18,'normal_low_11'!D7:D18,">"&B71) | O71: ='normal_low_11'!H20 | P71: =SQRT(SUMPRODUCT('normal_low_11'!E7:E18,('normal_low_11'!D7:D18-O71)^2)) | Q71: ='normal_low_11'!B23 | R71: ='normal_low_11'!B24 | S71: ='normal_low_11'!B27
A72: normal_low_12 | B72: ='normal_low_12'!$B$3 | C72: 12 | D72: =IF(C72="","",C72+1) | E72: ='normal_low_12'!B26 | F72: ='normal_low_12'!B27 | G72: =IF(C72="","N/A",E72=D72) | H72: ='normal_low_12'!$D$3 | I72: ='normal_low_12'!I21 | J72: =ABS(I72-H72) | K72: ='normal_low_12'!J21 | L72: =SUMIFS('normal_low_12'!E7:E19,'normal_low_12'!D7:D19,">0") | M72: =SUMIFS('normal_low_12'!E7:E19,'normal_low_12'!D7:D19,"=0") | N72: =SUMIFS('normal_low_12'!E7:E19,'normal_low_12'!D7:D19,">"&B72) | O72: ='normal_low_12'!H21 | P72: =SQRT(SUMPRODUCT('normal_low_12'!E7:E19,('normal_low_12'!D7:D19-O72)^2)) | Q72: ='normal_low_12'!B24 | R72: ='normal_low_12'!B25 | S72: ='normal_low_12'!B28
A73: normal_low_13 | B73: ='normal_low_13'!$B$3 | C73: 13 | D73: =IF(C73="","",C73+1) | E73: ='normal_low_13'!B27 | F73: ='normal_low_13'!B28 | G73: =IF(C73="","N/A",E73=D73) | H73: ='normal_low_13'!$D$3 | I73: ='normal_low_13'!I22 | J73: =ABS(I73-H73) | K73: ='normal_low_13'!J22 | L73: =SUMIFS('normal_low_13'!E7:E20,'normal_low_13'!D7:D20,">0") | M73: =SUMIFS('normal_low_13'!E7:E20,'normal_low_13'!D7:D20,"=0") | N73: =SUMIFS('normal_low_13'!E7:E20,'normal_low_13'!D7:D20,">"&B73) | O73: ='normal_low_13'!H22 | P73: =SQRT(SUMPRODUCT('normal_low_13'!E7:E20,('normal_low_13'!D7:D20-O73)^2)) | Q73: ='normal_low_13'!B25 | R73: ='normal_low_13'!B26 | S73: ='normal_low_13'!B29
A74: normal_low_14 | B74: ='normal_low_14'!$B$3 | C74: 14 | D74: =IF(C74="","",C74+1) | E74: ='normal_low_14'!B28 | F74: ='normal_low_14'!B29 | G74: =IF(C74="","N/A",E74=D74) | H74: ='normal_low_14'!$D$3 | I74: ='normal_low_14'!I23 | J74: =ABS(I74-H74) | K74: ='normal_low_14'!J23 | L74: =SUMIFS('normal_low_14'!E7:E21,'normal_low_14'!D7:D21,">0") | M74: =SUMIFS('normal_low_14'!E7:E21,'normal_low_14'!D7:D21,"=0") | N74: =SUMIFS('normal_low_14'!E7:E21,'normal_low_14'!D7:D21,">"&B74) | O74: ='normal_low_14'!H23 | P74: =SQRT(SUMPRODUCT('normal_low_14'!E7:E21,('normal_low_14'!D7:D21-O74)^2)) | Q74: ='normal_low_14'!B26 | R74: ='normal_low_14'!B27 | S74: ='normal_low_14'!B30
A75: normal_low_15 | B75: ='normal_low_15'!$B$3 | C75: 15 | D75: =IF(C75="","",C75+1) | E75: ='normal_low_15'!B29 | F75: ='normal_low_15'!B30 | G75: =IF(C75="","N/A",E75=D75) | H75: ='normal_low_15'!$D$3 | I75: ='normal_low_15'!I24 | J75: =ABS(I75-H75) | K75: ='normal_low_15'!J24 | L75: =SUMIFS('normal_low_15'!E7:E22,'normal_low_15'!D7:D22,">0") | M75: =SUMIFS('normal_low_15'!E7:E22,'normal_low_15'!D7:D22,"=0") | N75: =SUMIFS('normal_low_15'!E7:E22,'normal_low_15'!D7:D22,">"&B75) | O75: ='normal_low_15'!H24 | P75: =SQRT(SUMPRODUCT('normal_low_15'!E7:E22,('normal_low_15'!D7:D22-O75)^2)) | Q75: ='normal_low_15'!B27 | R75: ='normal_low_15'!B28 | S75: ='normal_low_15'!B31
A76: normal_low_16 | B76: ='normal_low_16'!$B$3 | C76: 16 | D76: =IF(C76="","",C76+1) | E76: ='normal_low_16'!B30 | F76: ='normal_low_16'!B31 | G76: =IF(C76="","N/A",E76=D76) | H76: ='normal_low_16'!$D$3 | I76: ='normal_low_16'!I25 | J76: =ABS(I76-H76) | K76: ='normal_low_16'!J25 | L76: =SUMIFS('normal_low_16'!E7:E23,'normal_low_16'!D7:D23,">0") | M76: =SUMIFS('normal_low_16'!E7:E23,'normal_low_16'!D7:D23,"=0") | N76: =SUMIFS('normal_low_16'!E7:E23,'normal_low_16'!D7:D23,">"&B76) | O76: ='normal_low_16'!H25 | P76: =SQRT(SUMPRODUCT('normal_low_16'!E7:E23,('normal_low_16'!D7:D23-O76)^2)) | Q76: ='normal_low_16'!B28 | R76: ='normal_low_16'!B29 | S76: ='normal_low_16'!B32
A77: normal_low_8 | B77: ='normal_low_8'!$B$3 | C77: 8 | D77: =IF(C77="","",C77+1) | E77: ='normal_low_8'!B22 | F77: ='normal_low_8'!B23 | G77: =IF(C77="","N/A",E77=D77) | H77: ='normal_low_8'!$D$3 | I77: ='normal_low_8'!I17 | J77: =ABS(I77-H77) | K77: ='normal_low_8'!J17 | L77: =SUMIFS('normal_low_8'!E7:E15,'normal_low_8'!D7:D15,">0") | M77: =SUMIFS('normal_low_8'!E7:E15,'normal_low_8'!D7:D15,"=0") | N77: =SUMIFS('normal_low_8'!E7:E15,'normal_low_8'!D7:D15,">"&B77) | O77: ='normal_low_8'!H17 | P77: =SQRT(SUMPRODUCT('normal_low_8'!E7:E15,('normal_low_8'!D7:D15-O77)^2)) | Q77: ='normal_low_8'!B20 | R77: ='normal_low_8'!B21 | S77: ='normal_low_8'!B24
A78: normal_low_9 | B78: ='normal_low_9'!$B$3 | C78: 9 | D78: =IF(C78="","",C78+1) | E78: ='normal_low_9'!B23 | F78: ='normal_low_9'!B24 | G78: =IF(C78="","N/A",E78=D78) | H78: ='normal_low_9'!$D$3 | I78: ='normal_low_9'!I18 | J78: =ABS(I78-H78) | K78: ='normal_low_9'!J18 | L78: =SUMIFS('normal_low_9'!E7:E16,'normal_low_9'!D7:D16,">0") | M78: =SUMIFS('normal_low_9'!E7:E16,'normal_low_9'!D7:D16,"=0") | N78: =SUMIFS('normal_low_9'!E7:E16,'normal_low_9'!D7:D16,">"&B78) | O78: ='normal_low_9'!H18 | P78: =SQRT(SUMPRODUCT('normal_low_9'!E7:E16,('normal_low_9'!D7:D16-O78)^2)) | Q78: ='normal_low_9'!B21 | R78: ='normal_low_9'!B22 | S78: ='normal_low_9'!B25
A79: normal_medium_10 | B79: ='normal_medium_10'!$B$3 | C79: 10 | D79: =IF(C79="","",C79+1) | E79: ='normal_medium_10'!B24 | F79: ='normal_medium_10'!B25 | G79: =IF(C79="","N/A",E79=D79) | H79: ='normal_medium_10'!$D$3 | I79: ='normal_medium_10'!I19 | J79: =ABS(I79-H79) | K79: ='normal_medium_10'!J19 | L79: =SUMIFS('normal_medium_10'!E7:E17,'normal_medium_10'!D7:D17,">0") | M79: =SUMIFS('normal_medium_10'!E7:E17,'normal_medium_10'!D7:D17,"=0") | N79: =SUMIFS('normal_medium_10'!E7:E17,'normal_medium_10'!D7:D17,">"&B79) | O79: ='normal_medium_10'!H19 | P79: =SQRT(SUMPRODUCT('normal_medium_10'!E7:E17,('normal_medium_10'!D7:D17-O79)^2)) | Q79: ='normal_medium_10'!B22 | R79: ='normal_medium_10'!B23 | S79: ='normal_medium_10'!B26
A80: normal_medium_11 | B80: ='normal_medium_11'!$B$3 | C80: 11 | D80: =IF(C80="","",C80+1) | E80: ='normal_medium_11'!B25 | F80: ='normal_medium_11'!B26 | G80: =IF(C80="","N/A",E80=D80) | H80: ='normal_medium_11'!$D$3 | I80: ='normal_medium_11'!I20 | J80: =ABS(I80-H80) | K80: ='normal_medium_11'!J20 | L80: =SUMIFS('normal_medium_11'!E7:E18,'normal_medium_11'!D7:D18,">0") | M80: =SUMIFS('normal_medium_11'!E7:E18,'normal_medium_11'!D7:D18,"=0") | N80: =SUMIFS('normal_medium_11'!E7:E18,'normal_medium_11'!D7:D18,">"&B80) | O80: ='normal_medium_11'!H20 | P80: =SQRT(SUMPRODUCT('normal_medium_11'!E7:E18,('normal_medium_11'!D7:D18-O80)^2)) | Q80: ='normal_medium_11'!B23 | R80: ='normal_medium_11'!B24 | S80: ='normal_medium_11'!B27
A81: normal_medium_12 | B81: ='normal_medium_12'!$B$3 | C81: 12 | D81: =IF(C81="","",C81+1) | E81: ='normal_medium_12'!B26 | F81: ='normal_medium_12'!B27 | G81: =IF(C81="","N/A",E81=D81) | H81: ='normal_medium_12'!$D$3 | I81: ='normal_medium_12'!I21 | J81: =ABS(I81-H81) | K81: ='normal_medium_12'!J21 | L81: =SUMIFS('normal_medium_12'!E7:E19,'normal_medium_12'!D7:D19,">0") | M81: =SUMIFS('normal_medium_12'!E7:E19,'normal_medium_12'!D7:D19,"=0") | N81: =SUMIFS('normal_medium_12'!E7:E19,'normal_medium_12'!D7:D19,">"&B81) | O81: ='normal_medium_12'!H21 | P81: =SQRT(SUMPRODUCT('normal_medium_12'!E7:E19,('normal_medium_12'!D7:D19-O81)^2)) | Q81: ='normal_medium_12'!B24 | R81: ='normal_medium_12'!B25 | S81: ='normal_medium_12'!B28
A82: normal_medium_13 | B82: ='normal_medium_13'!$B$3 | C82: 13 | D82: =IF(C82="","",C82+1) | E82: ='normal_medium_13'!B27 | F82: ='normal_medium_13'!B28 | G82: =IF(C82="","N/A",E82=D82) | H82: ='normal_medium_13'!$D$3 | I82: ='normal_medium_13'!I22 | J82: =ABS(I82-H82) | K82: ='normal_medium_13'!J22 | L82: =SUMIFS('normal_medium_13'!E7:E20,'normal_medium_13'!D7:D20,">0") | M82: =SUMIFS('normal_medium_13'!E7:E20,'normal_medium_13'!D7:D20,"=0") | N82: =SUMIFS('normal_medium_13'!E7:E20,'normal_medium_13'!D7:D20,">"&B82) | O82: ='normal_medium_13'!H22 | P82: =SQRT(SUMPRODUCT('normal_medium_13'!E7:E20,('normal_medium_13'!D7:D20-O82)^2)) | Q82: ='normal_medium_13'!B25 | R82: ='normal_medium_13'!B26 | S82: ='normal_medium_13'!B29
A83: normal_medium_14 | B83: ='normal_medium_14'!$B$3 | C83: 14 | D83: =IF(C83="","",C83+1) | E83: ='normal_medium_14'!B28 | F83: ='normal_medium_14'!B29 | G83: =IF(C83="","N/A",E83=D83) | H83: ='normal_medium_14'!$D$3 | I83: ='normal_medium_14'!I23 | J83: =ABS(I83-H83) | K83: ='normal_medium_14'!J23 | L83: =SUMIFS('normal_medium_14'!E7:E21,'normal_medium_14'!D7:D21,">0") | M83: =SUMIFS('normal_medium_14'!E7:E21,'normal_medium_14'!D7:D21,"=0") | N83: =SUMIFS('normal_medium_14'!E7:E21,'normal_medium_14'!D7:D21,">"&B83) | O83: ='normal_medium_14'!H23 | P83: =SQRT(SUMPRODUCT('normal_medium_14'!E7:E21,('normal_medium_14'!D7:D21-O83)^2)) | Q83: ='normal_medium_14'!B26 | R83: ='normal_medium_14'!B27 | S83: ='normal_medium_14'!B30
A84: normal_medium_15 | B84: ='normal_medium_15'!$B$3 | C84: 15 | D84: =IF(C84="","",C84+1) | E84: ='normal_medium_15'!B29 | F84: ='normal_medium_15'!B30 | G84: =IF(C84="","N/A",E84=D84) | H84: ='normal_medium_15'!$D$3 | I84: ='normal_medium_15'!I24 | J84: =ABS(I84-H84) | K84: ='normal_medium_15'!J24 | L84: =SUMIFS('normal_medium_15'!E7:E22,'normal_medium_15'!D7:D22,">0") | M84: =SUMIFS('normal_medium_15'!E7:E22,'normal_medium_15'!D7:D22,"=0") | N84: =SUMIFS('normal_medium_15'!E7:E22,'normal_medium_15'!D7:D22,">"&B84) | O84: ='normal_medium_15'!H24 | P84: =SQRT(SUMPRODUCT('normal_medium_15'!E7:E22,('normal_medium_15'!D7:D22-O84)^2)) | Q84: ='normal_medium_15'!B27 | R84: ='normal_medium_15'!B28 | S84: ='normal_medium_15'!B31
A85: normal_medium_16 | B85: ='normal_medium_16'!$B$3 | C85: 16 | D85: =IF(C85="","",C85+1) | E85: ='normal_medium_16'!B30 | F85: ='normal_medium_16'!B31 | G85: =IF(C85="","N/A",E85=D85) | H85: ='normal_medium_16'!$D$3 | I85: ='normal_medium_16'!I25 | J85: =ABS(I85-H85) | K85: ='normal_medium_16'!J25 | L85: =SUMIFS('normal_medium_16'!E7:E23,'normal_medium_16'!D7:D23,">0") | M85: =SUMIFS('normal_medium_16'!E7:E23,'normal_medium_16'!D7:D23,"=0") | N85: =SUMIFS('normal_medium_16'!E7:E23,'normal_medium_16'!D7:D23,">"&B85) | O85: ='normal_medium_16'!H25 | P85: =SQRT(SUMPRODUCT('normal_medium_16'!E7:E23,('normal_medium_16'!D7:D23-O85)^2)) | Q85: ='normal_medium_16'!B28 | R85: ='normal_medium_16'!B29 | S85: ='normal_medium_16'!B32
A86: normal_medium_8 | B86: ='normal_medium_8'!$B$3 | C86: 8 | D86: =IF(C86="","",C86+1) | E86: ='normal_medium_8'!B22 | F86: ='normal_medium_8'!B23 | G86: =IF(C86="","N/A",E86=D86) | H86: ='normal_medium_8'!$D$3 | I86: ='normal_medium_8'!I17 | J86: =ABS(I86-H86) | K86: ='normal_medium_8'!J17 | L86: =SUMIFS('normal_medium_8'!E7:E15,'normal_medium_8'!D7:D15,">0") | M86: =SUMIFS('normal_medium_8'!E7:E15,'normal_medium_8'!D7:D15,"=0") | N86: =SUMIFS('normal_medium_8'!E7:E15,'normal_medium_8'!D7:D15,">"&B86) | O86: ='normal_medium_8'!H17 | P86: =SQRT(SUMPRODUCT('normal_medium_8'!E7:E15,('normal_medium_8'!D7:D15-O86)^2)) | Q86: ='normal_medium_8'!B20 | R86: ='normal_medium_8'!B21 | S86: ='normal_medium_8'!B24
A87: normal_medium_9 | B87: ='normal_medium_9'!$B$3 | C87: 9 | D87: =IF(C87="","",C87+1) | E87: ='normal_medium_9'!B23 | F87: ='normal_medium_9'!B24 | G87: =IF(C87="","N/A",E87=D87) | H87: ='normal_medium_9'!$D$3 | I87: ='normal_medium_9'!I18 | J87: =ABS(I87-H87) | K87: ='normal_medium_9'!J18 | L87: =SUMIFS('normal_medium_9'!E7:E16,'normal_medium_9'!D7:D16,">0") | M87: =SUMIFS('normal_medium_9'!E7:E16,'normal_medium_9'!D7:D16,"=0") | N87: =SUMIFS('normal_medium_9'!E7:E16,'normal_medium_9'!D7:D16,">"&B87) | O87: ='normal_medium_9'!H18 | P87: =SQRT(SUMPRODUCT('normal_medium_9'!E7:E16,('normal_medium_9'!D7:D16-O87)^2)) | Q87: ='normal_medium_9'!B21 | R87: ='normal_medium_9'!B22 | S87: ='normal_medium_9'!B25
A89: Summary Checks
A90: Key | B90: Value
A91: Modes analyzed | B91: =ROWS(A16:A87)
A92: RTP pass count | B92: =COUNTIF(K16:K87,TRUE)
A93: Probability sum pass count | B93: =IF(178<107,0,COUNTIFS(D107:D178,"<>",D107:D178,">=0.999999999",D107:D178,"<=1.000000001"))
A94: All RTP pass | B94: =COUNTIF(K16:K87,FALSE)=0
A95: Bucket structure pass count | B95: =COUNTIF(G16:G87,TRUE)
A96: Min RTP Drift | B96: =MIN(J16:J87)
A97: Max RTP Drift | B97: =MAX(J16:J87)
A99: Validation Snapshot
A100: Key | B100: Value
A101: Modes analyzed | B101: =ROWS(A16:A87)
A102: All RTP pass | B102: =COUNTIF(K16:K87,FALSE)=0
A103: Generated workbook | B103: F:\Gaming\Stakes\math-sdk\games\azteck_plinko_biased_binomial\AzteckPlinkoBiased_audit_formulas.xlsx
A105: Formula Audit Metrics
...

Sheet buy100_expert_10
A1: buy100_expert_10 Lookup Detail
A2: Derived from lookup rows
A3: Cost | B3: 99 | C3: Target RTP | D3: 0.9605 | E3: RTP Tol | F3: 0.01 | G3: Payout Scale | H3: 100 | I3: Rows (N) | J3: 10 | K3: p_right | L3: 0.49353346 | M3: p_left | N3: =IF(L3="","",1-L3)
A5: Rows
A6: sim_id | B6: weight | C6: payout_raw | D6: payout_scaled | E6: probability_binomial_exact | F6: probability_from_weight | G6: probability_diff | H6: weighted_payout | I6: cumulative_probability
A7: 0 | B7: 1110472 | C7: 0 | D7: =C7/$H$3 | E7: =IF($J$3="",IF($B$19>0,B7/$B$19,0),COMBIN($J$3,A7)*$L$3^A7*(1-$L$3)^($J$3-A7)) | F7: =IF($B$19>0,B7/$B$19,0) | G7: =E7-F7 | H7: =D7*E7 | I7: =E7
A8: 1 | B8: 10821151 | C8: 0 | D8: =C8/$H$3 | E8: =IF($J$3="",IF($B$19>0,B8/$B$19,0),COMBIN($J$3,A8)*$L$3^A8*(1-$L$3)^($J$3-A8)) | F8: =IF($B$19>0,B8/$B$19,0) | G8: =E8-F8 | H8: =D8*E8 | I8: =I7+E8
A9: 2 | B9: 47451703 | C9: 0 | D9: =C9/$H$3 | E9: =IF($J$3="",IF($B$19>0,B9/$B$19,0),COMBIN($J$3,A9)*$L$3^A9*(1-$L$3)^($J$3-A9)) | F9: =IF($B$19>0,B9/$B$19,0) | G9: =E9-F9 | H9: =D9*E9 | I9: =I8+E9
A10: 3 | B10: 123306614 | C10: 0 | D10: =C10/$H$3 | E10: =IF($J$3="",IF($B$19>0,B10/$B$19,0),COMBIN($J$3,A10)*$L$3^A10*(1-$L$3)^($J$3-A10)) | F10: =IF($B$19>0,B10/$B$19,0) | G10: =E10-F10 | H10: =D10*E10 | I10: =I9+E10
A11: 4 | B11: 210276267 | C11: 0 | D11: =C11/$H$3 | E11: =IF($J$3="",IF($B$19>0,B11/$B$19,0),COMBIN($J$3,A11)*$L$3^A11*(1-$L$3)^($J$3-A11)) | F11: =IF($B$19>0,B11/$B$19,0) | G11: =E11-F11 | H11: =D11*E11 | I11: =I10+E11
A12: 5 | B12: 245888005 | C12: 0 | D12: =C12/$H$3 | E12: =IF($J$3="",IF($B$19>0,B12/$B$19,0),COMBIN($J$3,A12)*$L$3^A12*(1-$L$3)^($J$3-A12)) | F12: =IF($B$19>0,B12/$B$19,0) | G12: =E12-F12 | H12: =D12*E12 | I12: =I11+E12
A13: 6 | B13: 199674192 | C13: 0 | D13: =C13/$H$3 | E13: =IF($J$3="",IF($B$19>0,B13/$B$19,0),COMBIN($J$3,A13)*$L$3^A13*(1-$L$3)^($J$3-A13)) | F13: =IF($B$19>0,B13/$B$19,0) | G13: =E13-F13 | H13: =D13*E13 | I13: =I12+E13
A14: 7 | B14: 111185902 | C14: 10 | D14: =C14/$H$3 | E14: =IF($J$3="",IF($B$19>0,B14/$B$19,0),COMBIN($J$3,A14)*$L$3^A14*(1-$L$3)^($J$3-A14)) | F14: =IF($B$19>0,B14/$B$19,0) | G14: =E14-F14 | H14: =D14*E14 | I14: =I13+E14
A15: 8 | B15: 40630001 | C15: 1029 | D15: =C15/$H$3 | E15: =IF($J$3="",IF($B$19>0,B15/$B$19,0),COMBIN($J$3,A15)*$L$3^A15*(1-$L$3)^($J$3-A15)) | F15: =IF($B$19>0,B15/$B$19,0) | G15: =E15-F15 | H15: =D15*E15 | I15: =I14+E15
A16: 9 | B16: 8798328 | C16: 101420 | D16: =C16/$H$3 | E16: =IF($J$3="",IF($B$19>0,B16/$B$19,0),COMBIN($J$3,A16)*$L$3^A16*(1-$L$3)^($J$3-A16)) | F16: =IF($B$19>0,B16/$B$19,0) | G16: =E16-F16 | H16: =D16*E16 | I16: =I15+E16
A17: 10 | B17: 857370 | C17: 10000000 | D17: =C17/$H$3 | E17: =IF($J$3="",IF($B$19>0,B17/$B$19,0),COMBIN($J$3,A17)*$L$3^A17*(1-$L$3)^($J$3-A17)) | F17: =IF($B$19>0,B17/$B$19,0) | G17: =E17-F17 | H17: =D17*E17 | I17: =I16+E17
A19: CHECK_SUMS | B19: =SUM(B7:B17) | C19: payout_raw_sum | D19: =SUM(D7:D17) | E19: =SUM(E7:E17) | F19: =SUM(F7:F17) | G19: =MAX(ABS(G7:G17)) | H19: =SUM(H7:H17) | I19: =IF($B$3>0,H19/$B$3,0) | J19: =IF($D$3="","N/A",ABS(I19-$D$3)<=$F$3)
A20: rtp_drift | B20: =IF($D$3="","",I19-$D$3)
A21: prob_sum_check | B21: =ABS(E19-1)<=1E-9
A22: max_win_value | B22: =MAX(D7:D17)
A23: max_win_probability | B23: =SUMIFS(E7:E17,D7:D17,B22)
A24: outcome_rows | B24: =ROWS(A7:A17)
A25: unique_multipliers | B25: =SUMPRODUCT(1/COUNTIF(D7:D17,D7:D17))
A26: max_exposure_with_max_bet | B26: =B22*500.0

Sheet buy100_expert_11
A1: buy100_expert_11 Lookup Detail
A2: Derived from lookup rows
A3: Cost | B3: 99 | C3: Target RTP | D3: 0.9605 | E3: RTP Tol | F3: 0.01 | G3: Payout Scale | H3: 100 | I3: Rows (N) | J3: 11 | K3: p_right | L3: 0.52625399 | M3: p_left | N3: =IF(L3="","",1-L3)
A5: Rows
A6: sim_id | B6: weight | C6: payout_raw | D6: payout_scaled | E6: probability_binomial_exact | F6: probability_from_weight | G6: probability_diff | H6: weighted_payout | I6: cumulative_probability
A7: 0 | B7: 269775 | C7: 0 | D7: =C7/$H$3 | E7: =IF($J$3="",IF($B$20>0,B7/$B$20,0),COMBIN($J$3,A7)*$L$3^A7*(1-$L$3)^($J$3-A7)) | F7: =IF($B$20>0,B7/$B$20,0) | G7: =E7-F7 | H7: =D7*E7 | I7: =E7
A8: 1 | B8: 3296429 | C8: 0 | D8: =C8/$H$3 | E8: =IF($J$3="",IF($B$20>0,B8/$B$20,0),COMBIN($J$3,A8)*$L$3^A8*(1-$L$3)^($J$3-A8)) | F8: =IF($B$20>0,B8/$B$20,0) | G8: =E8-F8 | H8: =D8*E8 | I8: =I7+E8
A9: 2 | B9: 18308955 | C9: 0 | D9: =C9/$H$3 | E9: =IF($J$3="",IF($B$20>0,B9/$B$20,0),COMBIN($J$3,A9)*$L$3^A9*(1-$L$3)^($J$3-A9)) | F9: =IF($B$20>0,B9/$B$20,0) | G9: =E9-F9 | H9: =D9*E9 | I9: =I8+E9
A10: 3 | B10: 61014725 | C10: 0 | D10: =C10/$H$3 | E10: =IF($J$3="",IF($B$20>0,B10/$B$20,0),COMBIN($J$3,A10)*$L$3^A10*(1-$L$3)^($J$3-A10)) | F10: =IF($B$20>0,B10/$B$20,0) | G10: =E10-F10 | H10: =D10*E10 | I10: =I9+E10
A11: 4 | B11: 135554673 | C11: 0 | D11: =C11/$H$3 | E11: =IF($J$3="",IF($B$20>0,B11/$B$20,0),COMBIN($J$3,A11)*$L$3^A11*(1-$L$3)^($J$3-A11)) | F11: =IF($B$20>0,B11/$B$20,0) | G11: =E11-F11 | H11: =D11*E11 | I11: =I10+E11
A12: 5 | B12: 210810565 | C12: 0 | D12: =C12/$H$3 | E12: =IF($J$3="",IF($B$20>0,B12/$B$20,0),COMBIN($J$3,A12)*$L$3^A12*(1-$L$3)^($J$3-A12)) | F12: =IF($B$20>0,B12/$B$20,0) | G12: =E12-F12 | H12: =D12*E12 | I12: =I11+E12
A13: 6 | B13: 234175908 | C13: 0 | D13: =C13/$H$3 | E13: =IF($J$3="",IF($B$20>0,B13/$B$20,0),COMBIN($J$3,A13)*$L$3^A13*(1-$L$3)^($J$3-A13)) | F13: =IF($B$20>0,B13/$B$20,0) | G13: =E13-F13 | H13: =D13*E13 | I13: =I12+E13
A14: 7 | B14: 185807833 | C14: 0 | D14: =C14/$H$3 | E14: =IF($J$3="",IF($B$20>0,B14/$B$20,0),COMBIN($J$3,A14)*$L$3^A14*(1-$L$3)^($J$3-A14)) | F14: =IF($B$20>0,B14/$B$20,0) | G14: =E14-F14 | H14: =D14*E14 | I14: =I13+E14
A15: 8 | B15: 103200990 | C15: 12 | D15: =C15/$H$3 | E15: =IF($J$3="",IF($B$20>0,B15/$B$20,0),COMBIN($J$3,A15)*$L$3^A15*(1-$L$3)^($J$3-A15)) | F15: =IF($B$20>0,B15/$B$20,0) | G15: =E15-F15 | H15: =D15*E15 | I15: =I14+E15
A16: 9 | B16: 38213116 | C16: 1104 | D16: =C16/$H$3 | E16: =IF($J$3="",IF($B$20>0,B16/$B$20,0),COMBIN($J$3,A16)*$L$3^A16*(1-$L$3)^($J$3-A16)) | F16: =IF($B$20>0,B16/$B$20,0) | G16: =E16-F16 | H16: =D16*E16 | I16: =I15+E16
A17: 10 | B17: 8489699 | C17: 105092 | D17: =C17/$H$3 | E17: =IF($J$3="",IF($B$20>0,B17/$B$20,0),COMBIN($J$3,A17)*$L$3^A17*(1-$L$3)^($J$3-A17)) | F17: =IF($B$20>0,B17/$B$20,0) | G17: =E17-F17 | H17: =D17*E17 | I17: =I16+E17
A18: 11 | B18: 857332 | C18: 10000000 | D18: =C18/$H$3 | E18: =IF($J$3="",IF($B$20>0,B18/$B$20,0),COMBIN($J$3,A18)*$L$3^A18*(1-$L$3)^($J$3-A18)) | F18: =IF($B$20>0,B18/$B$20,0) | G18: =E18-F18 | H18: =D18*E18 | I18: =I17+E18
A20: CHECK_SUMS | B20: =SUM(B7:B18) | C20: payout_raw_sum | D20: =SUM(D7:D18) | E20: =SUM(E7:E18) | F20: =SUM(F7:F18) | G20: =MAX(ABS(G7:G18)) | H20: =SUM(H7:H18) | I20: =IF($B$3>0,H20/$B$3,0) | J20: =IF($D$3="","N/A",ABS(I20-$D$3)<=$F$3)
A21: rtp_drift | B21: =IF($D$3="","",I20-$D$3)
A22: prob_sum_check | B22: =ABS(E20-1)<=1E-9
A23: max_win_value | B23: =MAX(D7:D18)
A24: max_win_probability | B24: =SUMIFS(E7:E18,D7:D18,B23)
A25: outcome_rows | B25: =ROWS(A7:A18)
A26: unique_multipliers | B26: =SUMPRODUCT(1/COUNTIF(D7:D18,D7:D18))
A27: max_exposure_with_max_bet | B27: =B23*500.0

Sheet buy100_expert_12
A1: buy100_expert_12 Lookup Detail
A2: Derived from lookup rows
A3: Cost | B3: 99 | C3: Target RTP | D3: 0.9605 | E3: RTP Tol | F3: 0.01 | G3: Payout Scale | H3: 100 | I3: Rows (N) | J3: 12 | K3: p_right | L3: 0.5551725 | M3: p_left | N3: =IF(L3="","",1-L3)
A5: Rows
A6: sim_id | B6: weight | C6: payout_raw | D6: payout_scaled | E6: probability_binomial_exact | F6: probability_from_weight | G6: probability_diff | H6: weighted_payout | I6: cumulative_probability
A7: 0 | B7: 60020 | C7: 0 | D7: =C7/$H$3 | E7: =IF($J$3="",IF($B$21>0,B7/$B$21,0),COMBIN($J$3,A7)*$L$3^A7*(1-$L$3)^($J$3-A7)) | F7: =IF($B$21>0,B7/$B$21,0) | G7: =E7-F7 | H7: =D7*E7 | I7: =E7
A8: 1 | B8: 898912 | C8: 0 | D8: =C8/$H$3 | E8: =IF($J$3="",IF($B$21>0,B8/$B$21,0),COMBIN($J$3,A8)*$L$3^A8*(1-$L$3)^($J$3-A8)) | F8: =IF($B$21>0,B8/$B$21,0) | G8: =E8-F8 | H8: =D8*E8 | I8: =I7+E8
A9: 2 | B9: 6170440 | C9: 0 | D9: =C9/$H$3 | E9: =IF($J$3="",IF($B$21>0,B9/$B$21,0),COMBIN($J$3,A9)*$L$3^A9*(1-$L$3)^($J$3-A9)) | F9: =IF($B$21>0,B9/$B$21,0) | G9: =E9-F9 | H9: =D9*E9 | I9: =I8+E9
A10: 3 | B10: 25670315 | C10: 0 | D10: =C10/$H$3 | E10: =IF($J$3="",IF($B$21>0,B10/$B$21,0),COMBIN($J$3,A10)*$L$3^A10*(1-$L$3)^($J$3-A10)) | F10: =IF($B$21>0,B10/$B$21,0) | G10: =E10-F10 | H10: =D10*E10 | I10: =I9+E10
A11: 4 | B11: 72085850 | C11: 0 | D11: =C11/$H$3 | E11: =IF($J$3="",IF($B$21>0,B11/$B$21,0),COMBIN($J$3,A11)*$L$3^A11*(1-$L$3)^($J$3-A11)) | F11: =IF($B$21>0,B11/$B$21,0) | G11: =E11-F11 | H11: =D11*E11 | I11: =I10+E11
A12: 5 | B12: 143948226 | C12: 0 | D12: =C12/$H$3 | E12: =IF($J$3="",IF($B$21>0,B12/$B$21,0),COMBIN($J$3,A12)*$L$3^A12*(1-$L$3)^($J$3-A12)) | F12: =IF($B$21>0,B12/$B$21,0) | G12: =E12-F12 | H12: =D12*E12 | I12: =I11+E12
A13: 6 | B13: 209599102 | C13: 0 | D13: =C13/$H$3 | E13: =IF($J$3="",IF($B$21>0,B13/$B$21,0),COMBIN($J$3,A13)*$L$3^A13*(1-$L$3)^($J$3-A13)) | F13: =IF($B$21>0,B13/$B$21,0) | G13: =E13-F13 | H13: =D13*E13 | I13: =I12+E13
A14: 7 | B14: 224222370 | C14: 0 | D14: =C14/$H$3 | E14: =IF($J$3="",IF($B$21>0,B14/$B$21,0),COMBIN($J$3,A14)*$L$3^A14*(1-$L$3)^($J$3-A14)) | F14: =IF($B$21>0,B14/$B$21,0) | G14: =E14-F14 | H14: =D14*E14 | I14: =I13+E14
A15: 8 | B15: 174902198 | C15: 0 | D15: =C15/$H$3 | E15: =IF($J$3="",IF($B$21>0,B15/$B$21,0),COMBIN($J$3,A15)*$L$3^A15*(1-$L$3)^($J$3-A15)) | F15: =IF($B$21>0,B15/$B$21,0) | G15: =E15-F15 | H15: =D15*E15 | I15: =I14+E15
A16: 9 | B16: 97017272 | C16: 13 | D16: =C16/$H$3 | E16: =IF($J$3="",IF($B$21>0,B16/$B$21,0),COMBIN($J$3,A16)*$L$3^A16*(1-$L$3)^($J$3-A16)) | F16: =IF($B$21>0,B16/$B$21,0) | G16: =E16-F16 | H16: =D16*E16 | I16: =I15+E16
A17: 10 | B17: 36325084 | C17: 1171 | D17: =C17/$H$3 | E17: =IF($J$3="",IF($B$21>0,B17/$B$21,0),COMBIN($J$3,A17)*$L$3^A17*(1-$L$3)^($J$3-A17)) | F17: =IF($B$21>0,B17/$B$21,0) | G17: =E17-F17 | H17: =D17*E17 | I17: =I16+E17
A18: 11 | B18: 8242904 | C18: 108226 | D18: =C18/$H$3 | E18: =IF($J$3="",IF($B$21>0,B18/$B$21,0),COMBIN($J$3,A18)*$L$3^A18*(1-$L$3)^($J$3-A18)) | F18: =IF($B$21>0,B18/$B$21,0) | G18: =E18-F18 | H18: =D18*E18 | I18: =I17+E18
A19: 12 | B19: 857306 | C19: 10000000 | D19: =C19/$H$3 | E19: =IF($J$3="",IF($B$21>0,B19/$B$21,0),COMBIN($J$3,A19)*$L$3^A19*(1-$L$3)^($J$3-A19)) | F19: =IF($B$21>0,B19/$B$21,0) | G19: =E19-F19 | H19: =D19*E19 | I19: =I18+E19
A21: CHECK_SUMS | B21: =SUM(B7:B19) | C21: payout_raw_sum | D21: =SUM(D7:D19) | E21: =SUM(E7:E19) | F21: =SUM(F7:F19) | G21: =MAX(ABS(G7:G19)) | H21: =SUM(H7:H19) | I21: =IF($B$3>0,H21/$B$3,0) | J21: =IF($D$3="","N/A",ABS(I21-$D$3)<=$F$3)
A22: rtp_drift | B22: =IF($D$3="","",I21-$D$3)
A23: prob_sum_check | B23: =ABS(E21-1)<=1E-9
A24: max_win_value | B24: =MAX(D7:D19)
A25: max_win_probability | B25: =SUMIFS(E7:E19,D7:D19,B24)
A26: outcome_rows | B26: =ROWS(A7:A19)
A27: unique_multipliers | B27: =SUMPRODUCT(1/COUNTIF(D7:D19,D7:D19))
A28: max_exposure_with_max_bet | B28: =B24*500.0

Sheet buy100_expert_13
A1: buy100_expert_13 Lookup Detail
A2: Derived from lookup rows
A3: Cost | B3: 99 | C3: Target RTP | D3: 0.9605 | E3: RTP Tol | F3: 0.01 | G3: Payout Scale | H3: 100 | I3: Rows (N) | J3: 13 | K3: p_right | L3: 0.58087996 | M3: p_left | N3: =IF(L3="","",1-L3)
A5: Rows
A6: sim_id | B6: weight | C6: payout_raw | D6: payout_scaled | E6: probability_binomial_exact | F6: probability_from_weight | G6: probability_diff | H6: weighted_payout | I6: cumulative_probability
A7: 0 | B7: 12314 | C7: 0 | D7: =C7/$H$3 | E7: =IF($J$3="",IF($B$22>0,B7/$B$22,0),COMBIN($J$3,A7)*$L$3^A7*(1-$L$3)^($J$3-A7)) | F7: =IF($B$22>0,B7/$B$22,0) | G7: =E7-F7 | H7: =D7*E7 | I7: =E7
A8: 1 | B8: 221866 | C8: 0 | D8: =C8/$H$3 | E8: =IF($J$3="",IF($B$22>0,B8/$B$22,0),COMBIN($J$3,A8)*$L$3^A8*(1-$L$3)^($J$3-A8)) | F8: =IF($B$22>0,B8/$B$22,0) | G8: =E8-F8 | H8: =D8*E8 | I8: =I7+E8
A9: 2 | B9: 1844973 | C9: 0 | D9: =C9/$H$3 | E9: =IF($J$3="",IF($B$22>0,B9/$B$22,0),COMBIN($J$3,A9)*$L$3^A9*(1-$L$3)^($J$3-A9)) | F9: =IF($B$22>0,B9/$B$22,0) | G9: =E9-F9 | H9: =D9*E9 | I9: =I8+E9
A10: 3 | B10: 9375825 | C10: 0 | D10: =C10/$H$3 | E10: =IF($J$3="",IF($B$22>0,B10/$B$22,0),COMBIN($J$3,A10)*$L$3^A10*(1-$L$3)^($J$3-A10)) | F10: =IF($B$22>0,B10/$B$22,0) | G10: =E10-F10 | H10: =D10*E10 | I10: =I9+E10
A11: 4 | B11: 32486091 | C11: 0 | D11: =C11/$H$3 | E11: =IF($J$3="",IF($B$22>0,B11/$B$22,0),COMBIN($J$3,A11)*$L$3^A11*(1-$L$3)^($J$3-A11)) | F11: =IF($B$22>0,B11/$B$22,0) | G11: =E11-F11 | H11: =D11*E11 | I11: =I10+E11
A12: 5 | B12: 81043452 | C12: 0 | D12: =C12/$H$3 | E12: =IF($J$3="",IF($B$22>0,B12/$B$22,0),COMBIN($J$3,A12)*$L$3^A12*(1-$L$3)^($J$3-A12)) | F12: =IF($B$22>0,B12/$B$22,0) | G12: =E12-F12 | H12: =D12*E12 | I12: =I11+E12
A13: 6 | B13: 149763036 | C13: 0 | D13: =C13/$H$3 | E13: =IF($J$3="",IF($B$22>0,B13/$B$22,0),COMBIN($J$3,A13)*$L$3^A13*(1-$L$3)^($J$3-A13)) | F13: =IF($B$22>0,B13/$B$22,0) | G13: =E13-F13 | H13: =D13*E13 | I13: =I12+E13
A14: 7 | B14: 207564273 | C14: 0 | D14: =C14/$H$3 | E14: =IF($J$3="",IF($B$22>0,B14/$B$22,0),COMBIN($J$3,A14)*$L$3^A14*(1-$L$3)^($J$3-A14)) | F14: =IF($B$22>0,B14/$B$22,0) | G14: =E14-F14 | H14: =D14*E14 | I14: =I13+E14
A15: 8 | B15: 215755478 | C15: 0 | D15: =C15/$H$3 | E15: =IF($J$3="",IF($B$22>0,B15/$B$22,0),COMBIN($J$3,A15)*$L$3^A15*(1-$L$3)^($J$3-A15)) | F15: =IF($B$22>0,B15/$B$22,0) | G15: =E15-F15 | H15: =D15*E15 | I15: =I14+E15
A16: 9 | B16: 166125879 | C16: 0 | D16: =C16/$H$3 | E16: =IF($J$3="",IF($B$22>0,B16/$B$22,0),COMBIN($J$3,A16)*$L$3^A16*(1-$L$3)^($J$3-A16)) | F16: =IF($B$22>0,B16/$B$22,0) | G16: =E16-F16 | H16: =D16*E16 | I16: =I15+E16
A17: 10 | B17: 92096950 | C17: 14 | D17: =C17/$H$3 | E17: =IF($J$3="",IF($B$22>0,B17/$B$22,0),COMBIN($J$3,A17)*$L$3^A17*(1-$L$3)^($J$3-A17)) | F17: =IF($B$22>0,B17/$B$22,0) | G17: =E17-F17 | H17: =D17*E17 | I17: =I16+E17
A18: 11 | B18: 34811424 | C18: 1231 | D18: =C18/$H$3 | E18: =IF($J$3="",IF($B$22>0,B18/$B$22,0),COMBIN($J$3,A18)*$L$3^A18*(1-$L$3)^($J$3-A18)) | F18: =IF($B$22>0,B18/$B$22,0) | G18: =E18-F18 | H18: =D18*E18 | I18: =I17+E18
A19: 12 | B19: 8041156 | C19: 110932 | D19: =C19/$H$3 | E19: =IF($J$3="",IF($B$22>0,B19/$B$22,0),COMBIN($J$3,A19)*$L$3^A19*(1-$L$3)^($J$3-A19)) | F19: =IF($B$22>0,B19/$B$22,0) | G19: =E19-F19 | H19: =D19*E19 | I19: =I18+E19
A20: 13 | B20: 857279 | C20: 10000000 | D20: =C20/$H$3 | E20: =IF($J$3="",IF($B$22>0,B20/$B$22,0),COMBIN($J$3,A20)*$L$3^A20*(1-$L$3)^($J$3-A20)) | F20: =IF($B$22>0,B20/$B$22,0) | G20: =E20-F20 | H20: =D20*E20 | I20: =I19+E20
A22: CHECK_SUMS | B22: =SUM(B7:B20) | C22: payout_raw_sum | D22: =SUM(D7:D20) | E22: =SUM(E7:E20) | F22: =SUM(F7:F20) | G22: =MAX(ABS(G7:G20)) | H22: =SUM(H7:H20) | I22: =IF($B$3>0,H22/$B$3,0) | J22: =IF($D$3="","N/A",ABS(I22-$D$3)<=$F$3)
A23: rtp_drift | B23: =IF($D$3="","",I22-$D$3)
A24: prob_sum_check | B24: =ABS(E22-1)<=1E-9
A25: max_win_value | B25: =MAX(D7:D20)
A26: max_win_probability | B26: =SUMIFS(E7:E20,D7:D20,B25)
A27: outcome_rows | B27: =ROWS(A7:A20)
A28: unique_multipliers | B28: =SUMPRODUCT(1/COUNTIF(D7:D20,D7:D20))
A29: max_exposure_with_max_bet | B29: =B25*500.0

Sheet buy100_expert_14
A1: buy100_expert_14 Lookup Detail
A2: Derived from lookup rows
A3: Cost | B3: 99 | C3: Target RTP | D3: 0.9605 | E3: RTP Tol | F3: 0.01 | G3: Payout Scale | H3: 100 | I3: Rows (N) | J3: 14 | K3: p_right | L3: 0.60386048 | M3: p_left | N3: =IF(L3="","",1-L3)
A5: Rows
A6: sim_id | B6: weight | C6: payout_raw | D6: payout_scaled | E6: probability_binomial_exact | F6: probability_from_weight | G6: probability_diff | H6: weighted_payout | I6: cumulative_probability
A7: 0 | B7: 2344 | C7: 0 | D7: =C7/$H$3 | E7: =IF($J$3="",IF($B$23>0,B7/$B$23,0),COMBIN($J$3,A7)*$L$3^A7*(1-$L$3)^($J$3-A7)) | F7: =IF($B$23>0,B7/$B$23,0) | G7: =E7-F7 | H7: =D7*E7 | I7: =E7
A8: 1 | B8: 50014 | C8: 0 | D8: =C8/$H$3 | E8: =IF($J$3="",IF($B$23>0,B8/$B$23,0),COMBIN($J$3,A8)*$L$3^A8*(1-$L$3)^($J$3-A8)) | F8: =IF($B$23>0,B8/$B$23,0) | G8: =E8-F8 | H8: =D8*E8 | I8: =I7+E8
A9: 2 | B9: 495556 | C9: 0 | D9: =C9/$H$3 | E9: =IF($J$3="",IF($B$23>0,B9/$B$23,0),COMBIN($J$3,A9)*$L$3^A9*(1-$L$3)^($J$3-A9)) | F9: =IF($B$23>0,B9/$B$23,0) | G9: =E9-F9 | H9: =D9*E9 | I9: =I8+E9
A10: 3 | B10: 3021629 | C10: 0 | D10: =C10/$H$3 | E10: =IF($J$3="",IF($B$23>0,B10/$B$23,0),COMBIN($J$3,A10)*$L$3^A10*(1-$L$3)^($J$3-A10)) | F10: =IF($B$23>0,B10/$B$23,0) | G10: =E10-F10 | H10: =D10*E10 | I10: =I9+E10
A11: 4 | B11: 12666664 | C11: 0 | D11: =C11/$H$3 | E11: =IF($J$3="",IF($B$23>0,B11/$B$23,0),COMBIN($J$3,A11)*$L$3^A11*(1-$L$3)^($J$3-A11)) | F11: =IF($B$23>0,B11/$B$23,0) | G11: =E11-F11 | H11: =D11*E11 | I11: =I10+E11
A12: 5 | B12: 38617190 | C12: 0 | D12: =C12/$H$3 | E12: =IF($J$3="",IF($B$23>0,B12/$B$23,0),COMBIN($J$3,A12)*$L$3^A12*(1-$L$3)^($J$3-A12)) | F12: =IF($B$23>0,B12/$B$23,0) | G12: =E12-F12 | H12: =D12*E12 | I12: =I11+E12
A13: 6 | B13: 88299930 | C13: 0 | D13: =C13/$H$3 | E13: =IF($J$3="",IF($B$23>0,B13/$B$23,0),COMBIN($J$3,A13)*$L$3^A13*(1-$L$3)^($J$3-A13)) | F13: =IF($B$23>0,B13/$B$23,0) | G13: =E13-F13 | H13: =D13*E13 | I13: =I12+E13
A14: 7 | B14: 153829893 | C14: 0 | D14: =C14/$H$3 | E14: =IF($J$3="",IF($B$23>0,B14/$B$23,0),COMBIN($J$3,A14)*$L$3^A14*(1-$L$3)^($J$3-A14)) | F14: =IF($B$23>0,B14/$B$23,0) | G14: =E14-F14 | H14: =D14*E14 | I14: =I13+E14
A15: 8 | B15: 205181038 | C15: 0 | D15: =C15/$H$3 | E15: =IF($J$3="",IF($B$23>0,B15/$B$23,0),COMBIN($J$3,A15)*$L$3^A15*(1-$L$3)^($J$3-A15)) | F15: =IF($B$23>0,B15/$B$23,0) | G15: =E15-F15 | H15: =D15*E15 | I15: =I14+E15
A16: 9 | B16: 208513605 | C16: 0 | D16: =C16/$H$3 | E16: =IF($J$3="",IF($B$23>0,B16/$B$23,0),COMBIN($J$3,A16)*$L$3^A16*(1-$L$3)^($J$3-A16)) | F16: =IF($B$23>0,B16/$B$23,0) | G16: =E16-F16 | H16: =D16*E16 | I16: =I15+E16
A17: 10 | B17: 158925224 | C17: 0 | D17: =C17/$H$3 | E17: =IF($J$3="",IF($B$23>0,B17/$B$23,0),COMBIN($J$3,A17)*$L$3^A17*(1-$L$3)^($J$3-A17)) | F17: =IF($B$23>0,B17/$B$23,0) | G17: =E17-F17 | H17: =D17*E17 | I17: =I16+E17
A18: 11 | B18: 88094455 | C18: 15 | D18: =C18/$H$3 | E18: =IF($J$3="",IF($B$23>0,B18/$B$23,0),COMBIN($J$3,A18)*$L$3^A18*(1-$L$3)^($J$3-A18)) | F18: =IF($B$23>0,B18/$B$23,0) | G18: =E18-F18 | H18: =D18*E18 | I18: =I17+E18
A19: 12 | B19: 33571984 | C19: 1283 | D19: =C19/$H$3 | E19: =IF($J$3="",IF($B$23>0,B19/$B$23,0),COMBIN($J$3,A19)*$L$3^A19*(1-$L$3)^($J$3-A19)) | F19: =IF($B$23>0,B19/$B$23,0) | G19: =E19-F19 | H19: =D19*E19 | I19: =I18+E19
... A21: 14 | B21: 857260 | C21: 10000000 | D21: =C21/$H$3 | E21: =IF($J$3="",IF($B$23>0,B21/$B$23,0),COMBIN($J$3,A21)*$L$3^A21*(1-$L$3)^($J$3-A21)) | F21: =IF($B$23>0,B21/$B$23,0) | G21: =E21-F21 | H21: =D21*E21 | I21: =I20+E21
A23: CHECK_SUMS | B23: =SUM(B7:B21) | C23: payout_raw_sum | D23: =SUM(D7:D21) | E23: =SUM(E7:E21) | F23: =SUM(F7:F21) | G23: =MAX(ABS(G7:G21)) | H23: =SUM(H7:H21) | I23: =IF($B$3>0,H23/$B$3,0) | J23: =IF($D$3="","N/A",ABS(I23-$D$3)<=$F$3)
A24: rtp_drift | B24: =IF($D$3="","",I23-$D$3)
A25: prob_sum_check | B25: =ABS(E23-1)<=1E-9
A26: max_win_value | B26: =MAX(D7:D21)
A27: max_win_probability | B27: =SUMIFS(E7:E21,D7:D21,B26)
A28: outcome_rows | B28: =ROWS(A7:A21)
A29: unique_multipliers | B29: =SUMPRODUCT(1/COUNTIF(D7:D21,D7:D21))
A30: max_exposure_with_max_bet | B30: =B26*500.0

Sheet buy100_expert_15
A1: buy100_expert_15 Lookup Detail
A2: Derived from lookup rows
A3: Cost | B3: 99 | C3: Target RTP | D3: 0.9605 | E3: RTP Tol | F3: 0.01 | G3: Payout Scale | H3: 100 | I3: Rows (N) | J3: 15 | K3: p_right | L3: 0.62451117 | M3: p_left | N3: =IF(L3="","",1-L3)
A5: Rows
A6: sim_id | B6: weight | C6: payout_raw | D6: payout_scaled | E6: probability_binomial_exact | F6: probability_from_weight | G6: probability_diff | H6: weighted_payout | I6: cumulative_probability
A7: 0 | B7: 416 | C7: 0 | D7: =C7/$H$3 | E7: =IF($J$3="",IF($B$24>0,B7/$B$24,0),COMBIN($J$3,A7)*$L$3^A7*(1-$L$3)^($J$3-A7)) | F7: =IF($B$24>0,B7/$B$24,0) | G7: =E7-F7 | H7: =D7*E7 | I7: =E7
A8: 1 | B8: 10375 | C8: 0 | D8: =C8/$H$3 | E8: =IF($J$3="",IF($B$24>0,B8/$B$24,0),COMBIN($J$3,A8)*$L$3^A8*(1-$L$3)^($J$3-A8)) | F8: =IF($B$24>0,B8/$B$24,0) | G8: =E8-F8 | H8: =D8*E8 | I8: =I7+E8
A9: 2 | B9: 120790 | C9: 0 | D9: =C9/$H$3 | E9: =IF($J$3="",IF($B$24>0,B9/$B$24,0),COMBIN($J$3,A9)*$L$3^A9*(1-$L$3)^($J$3-A9)) | F9: =IF($B$24>0,B9/$B$24,0) | G9: =E9-F9 | H9: =D9*E9 | I9: =I8+E9
A10: 3 | B10: 870555 | C10: 0 | D10: =C10/$H$3 | E10: =IF($J$3="",IF($B$24>0,B10/$B$24,0),COMBIN($J$3,A10)*$L$3^A10*(1-$L$3)^($J$3-A10)) | F10: =IF($B$24>0,B10/$B$24,0) | G10: =E10-F10 | H10: =D10*E10 | I10: =I9+E10
A11: 4 | B11: 4343709 | C11: 0 | D11: =C11/$H$3 | E11: =IF($J$3="",IF($B$24>0,B11/$B$24,0),COMBIN($J$3,A11)*$L$3^A11*(1-$L$3)^($J$3-A11)) | F11: =IF($B$24>0,B11/$B$24,0) | G11: =E11-F11 | H11: =D11*E11 | I11: =I10+E11
A12: 5 | B12: 15893759 | C12: 0 | D12: =C12/$H$3 | E12: =IF($J$3="",IF($B$24>0,B12/$B$24,0),COMBIN($J$3,A12)*$L$3^A12*(1-$L$3)^($J$3-A12)) | F12: =IF($B$24>0,B12/$B$24,0) | G12: =E12-F12 | H12: =D12*E12 | I12: =I11+E12
A13: 6 | B13: 44057369 | C13: 0 | D13: =C13/$H$3 | E13: =IF($J$3="",IF($B$24>0,B13/$B$24,0),COMBIN($J$3,A13)*$L$3^A13*(1-$L$3)^($J$3-A13)) | F13: =IF($B$24>0,B13/$B$24,0) | G13: =E13-F13 | H13: =D13*E13 | I13: =I12+E13
A14: 7 | B14: 94211998 | C14: 0 | D14: =C14/$H$3 | E14: =IF($J$3="",IF($B$24>0,B14/$B$24,0),COMBIN($J$3,A14)*$L$3^A14*(1-$L$3)^($J$3-A14)) | F14: =IF($B$24>0,B14/$B$24,0) | G14: =E14-F14 | H14: =D14*E14 | I14: =I13+E14
A15: 8 | B15: 156692928 | C15: 0 | D15: =C15/$H$3 | E15: =IF($J$3="",IF($B$24>0,B15/$B$24,0),COMBIN($J$3,A15)*$L$3^A15*(1-$L$3)^($J$3-A15)) | F15: =IF($B$24>0,B15/$B$24,0) | G15: =E15-F15 | H15: =D15*E15 | I15: =I14+E15
A16: 9 | B16: 202697369 | C16: 0 | D16: =C16/$H$3 | E16: =IF($J$3="",IF($B$24>0,B16/$B$24,0),COMBIN($J$3,A16)*$L$3^A16*(1-$L$3)^($J$3-A16)) | F16: =IF($B$24>0,B16/$B$24,0) | G16: =E16-F16 | H16: =D16*E16 | I16: =I15+E16
A17: 10 | B17: 202275157 | C17: 0 | D17: =C17/$H$3 | E17: =IF($J$3="",IF($B$24>0,B17/$B$24,0),COMBIN($J$3,A17)*$L$3^A17*(1-$L$3)^($J$3-A17)) | F17: =IF($B$24>0,B17/$B$24,0) | G17: =E17-F17 | H17: =D17*E17 | I17: =I16+E17
A18: 11 | B18: 152919564 | C18: 0 | D18: =C18/$H$3 | E18: =IF($J$3="",IF($B$24>0,B18/$B$24,0),COMBIN($J$3,A18)*$L$3^A18*(1-$L$3)^($J$3-A18)) | F18: =IF($B$24>0,B18/$B$24,0) | G18: =E18-F18 | H18: =D18*E18 | I18: =I17+E18
A19: 12 | B19: 84778354 | C19: 15 | D19: =C19/$H$3 | E19: =IF($J$3="",IF($B$24>0,B19/$B$24,0),COMBIN($J$3,A19)*$L$3^A19*(1-$L$3)^($J$3-A19)) | F19: =IF($B$24>0,B19/$B$24,0) | G19: =E19-F19 | H19: =D19*E19 | I19: =I18+E19
... A22: 15 | B22: 857247 | C22: 10000000 | D22: =C22/$H$3 | E22: =IF($J$3="",IF($B$24>0,B22/$B$24,0),COMBIN($J$3,A22)*$L$3^A22*(1-$L$3)^($J$3-A22)) | F22: =IF($B$24>0,B22/$B$24,0) | G22: =E22-F22 | H22: =D22*E22 | I22: =I21+E22
A24: CHECK_SUMS | B24: =SUM(B7:B22) | C24: payout_raw_sum | D24: =SUM(D7:D22) | E24: =SUM(E7:E22) | F24: =SUM(F7:F22) | G24: =MAX(ABS(G7:G22)) | H24: =SUM(H7:H22) | I24: =IF($B$3>0,H24/$B$3,0) | J24: =IF($D$3="","N/A",ABS(I24-$D$3)<=$F$3)
A25: rtp_drift | B25: =IF($D$3="","",I24-$D$3)
A26: prob_sum_check | B26: =ABS(E24-1)<=1E-9
A27: max_win_value | B27: =MAX(D7:D22)
A28: max_win_probability | B28: =SUMIFS(E7:E22,D7:D22,B27)
A29: outcome_rows | B29: =ROWS(A7:A22)
A30: unique_multipliers | B30: =SUMPRODUCT(1/COUNTIF(D7:D22,D7:D22))
A31: max_exposure_with_max_bet | B31: =B27*500.0

Sheet buy100_expert_16
A1: buy100_expert_16 Lookup Detail
A2: Derived from lookup rows
A3: Cost | B3: 99 | C3: Target RTP | D3: 0.9605 | E3: RTP Tol | F3: 0.01 | G3: Payout Scale | H3: 100 | I3: Rows (N) | J3: 16 | K3: p_right | L3: 0.64315911 | M3: p_left | N3: =IF(L3="","",1-L3)
A5: Rows
A6: sim_id | B6: weight | C6: payout_raw | D6: payout_scaled | E6: probability_binomial_exact | F6: probability_from_weight | G6: probability_diff | H6: weighted_payout | I6: cumulative_probability
A7: 0 | B7: 69 | C7: 0 | D7: =C7/$H$3 | E7: =IF($J$3="",IF($B$25>0,B7/$B$25,0),COMBIN($J$3,A7)*$L$3^A7*(1-$L$3)^($J$3-A7)) | F7: =IF($B$25>0,B7/$B$25,0) | G7: =E7-F7 | H7: =D7*E7 | I7: =E7
A8: 1 | B8: 1993 | C8: 0 | D8: =C8/$H$3 | E8: =IF($J$3="",IF($B$25>0,B8/$B$25,0),COMBIN($J$3,A8)*$L$3^A8*(1-$L$3)^($J$3-A8)) | F8: =IF($B$25>0,B8/$B$25,0) | G8: =E8-F8 | H8: =D8*E8 | I8: =I7+E8
A9: 2 | B9: 26944 | C9: 0 | D9: =C9/$H$3 | E9: =IF($J$3="",IF($B$25>0,B9/$B$25,0),COMBIN($J$3,A9)*$L$3^A9*(1-$L$3)^($J$3-A9)) | F9: =IF($B$25>0,B9/$B$25,0) | G9: =E9-F9 | H9: =D9*E9 | I9: =I8+E9
A10: 3 | B10: 226628 | C10: 0 | D10: =C10/$H$3 | E10: =IF($J$3="",IF($B$25>0,B10/$B$25,0),COMBIN($J$3,A10)*$L$3^A10*(1-$L$3)^($J$3-A10)) | F10: =IF($B$25>0,B10/$B$25,0) | G10: =E10-F10 | H10: =D10*E10 | I10: =I9+E10
A11: 4 | B11: 1327518 | C11: 0 | D11: =C11/$H$3 | E11: =IF($J$3="",IF($B$25>0,B11/$B$25,0),COMBIN($J$3,A11)*$L$3^A11*(1-$L$3)^($J$3-A11)) | F11: =IF($B$25>0,B11/$B$25,0) | G11: =E11-F11 | H11: =D11*E11 | I11: =I10+E11
A12: 5 | B12: 5742427 | C12: 0 | D12: =C12/$H$3 | E12: =IF($J$3="",IF($B$25>0,B12/$B$25,0),COMBIN($J$3,A12)*$L$3^A12*(1-$L$3)^($J$3-A12)) | F12: =IF($B$25>0,B12/$B$25,0) | G12: =E12-F12 | H12: =D12*E12 | I12: =I11+E12
A13: 6 | B13: 18974954 | C13: 0 | D13: =C13/$H$3 | E13: =IF($J$3="",IF($B$25>0,B13/$B$25,0),COMBIN($J$3,A13)*$L$3^A13*(1-$L$3)^($J$3-A13)) | F13: =IF($B$25>0,B13/$B$25,0) | G13: =E13-F13 | H13: =D13*E13 | I13: =I12+E13
A14: 7 | B14: 48856967 | C14: 0 | D14: =C14/$H$3 | E14: =IF($J$3="",IF($B$25>0,B14/$B$25,0),COMBIN($J$3,A14)*$L$3^A14*(1-$L$3)^($J$3-A14)) | F14: =IF($B$25>0,B14/$B$25,0) | G14: =E14-F14 | H14: =D14*E14 | I14: =I13+E14
A15: 8 | B15: 99065593 | C15: 0 | D15: =C15/$H$3 | E15: =IF($J$3="",IF($B$25>0,B15/$B$25,0),COMBIN($J$3,A15)*$L$3^A15*(1-$L$3)^($J$3-A15)) | F15: =IF($B$25>0,B15/$B$25,0) | G15: =E15-F15 | H15: =D15*E15 | I15: =I14+E15
A16: 9 | B16: 158713600 | C16: 0 | D16: =C16/$H$3 | E16: =IF($J$3="",IF($B$25>0,B16/$B$25,0),COMBIN($J$3,A16)*$L$3^A16*(1-$L$3)^($J$3-A16)) | F16: =IF($B$25>0,B16/$B$25,0) | G16: =E16-F16 | H16: =D16*E16 | I16: =I15+E16
A17: 10 | B17: 200242381 | C17: 0 | D17: =C17/$H$3 | E17: =IF($J$3="",IF($B$25>0,B17/$B$25,0),COMBIN($J$3,A17)*$L$3^A17*(1-$L$3)^($J$3-A17)) | F17: =IF($B$25>0,B17/$B$25,0) | G17: =E17-F17 | H17: =D17*E17 | I17: =I16+E17
A18: 11 | B18: 196860410 | C18: 0 | D18: =C18/$H$3 | E18: =IF($J$3="",IF($B$25>0,B18/$B$25,0),COMBIN($J$3,A18)*$L$3^A18*(1-$L$3)^($J$3-A18)) | F18: =IF($B$25>0,B18/$B$25,0) | G18: =E18-F18 | H18: =D18*E18 | I18: =I17+E18
A19: 12 | B19: 147839663 | C19: 0 | D19: =C19/$H$3 | E19: =IF($J$3="",IF($B$25>0,B19/$B$25,0),COMBIN($J$3,A19)*$L$3^A19*(1-$L$3)^($J$3-A19)) | F19: =IF($B$25>0,B19/$B$25,0) | G19: =E19-F19 | H19: =D19*E19 | I19: =I18+E19
... A23: 16 | B23: 857227 | C23: 10000000 | D23: =C23/$H$3 | E23: =IF($J$3="",IF($B$25>0,B23/$B$25,0),COMBIN($J$3,A23)*$L$3^A23*(1-$L$3)^($J$3-A23)) | F23: =IF($B$25>0,B23/$B$25,0) | G23: =E23-F23 | H23: =D23*E23 | I23: =I22+E23
A25: CHECK_SUMS | B25: =SUM(B7:B23) | C25: payout_raw_sum | D25: =SUM(D7:D23) | E25: =SUM(E7:E23) | F25: =SUM(F7:F23) | G25: =MAX(ABS(G7:G23)) | H25: =SUM(H7:H23) | I25: =IF($B$3>0,H25/$B$3,0) | J25: =IF($D$3="","N/A",ABS(I25-$D$3)<=$F$3)
A26: rtp_drift | B26: =IF($D$3="","",I25-$D$3)
A27: prob_sum_check | B27: =ABS(E25-1)<=1E-9
A28: max_win_value | B28: =MAX(D7:D23)
A29: max_win_probability | B29: =SUMIFS(E7:E23,D7:D23,B28)
A30: outcome_rows | B30: =ROWS(A7:A23)
A31: unique_multipliers | B31: =SUMPRODUCT(1/COUNTIF(D7:D23,D7:D23))
A32: max_exposure_with_max_bet | B32: =B28*500.0

Sheet buy100_expert_8
A1: buy100_expert_8 Lookup Detail
A2: Derived from lookup rows
A3: Cost | B3: 99 | C3: Target RTP | D3: 0.9605 | E3: RTP Tol | F3: 0.01 | G3: Payout Scale | H3: 100 | I3: Rows (N) | J3: 8 | K3: p_right | L3: 0.45167124 | M3: p_left | N3: =IF(L3="","",1-L3)
A5: Rows
A6: sim_id | B6: weight | C6: payout_raw | D6: payout_scaled | E6: probability_binomial_exact | F6: probability_from_weight | G6: probability_diff | H6: weighted_payout | I6: cumulative_probability
A7: 0 | B7: 8171997 | C7: 0 | D7: =C7/$H$3 | E7: =IF($J$3="",IF($B$17>0,B7/$B$17,0),COMBIN($J$3,A7)*$L$3^A7*(1-$L$3)^($J$3-A7)) | F7: =IF($B$17>0,B7/$B$17,0) | G7: =E7-F7 | H7: =D7*E7 | I7: =E7
A8: 1 | B8: 53851723 | C8: 0 | D8: =C8/$H$3 | E8: =IF($J$3="",IF($B$17>0,B8/$B$17,0),COMBIN($J$3,A8)*$L$3^A8*(1-$L$3)^($J$3-A8)) | F8: =IF($B$17>0,B8/$B$17,0) | G8: =E8-F8 | H8: =D8*E8 | I8: =I7+E8
A9: 2 | B9: 155256239 | C9: 0 | D9: =C9/$H$3 | E9: =IF($J$3="",IF($B$17>0,B9/$B$17,0),COMBIN($J$3,A9)*$L$3^A9*(1-$L$3)^($J$3-A9)) | F9: =IF($B$17>0,B9/$B$17,0) | G9: =E9-F9 | H9: =D9*E9 | I9: =I8+E9
A10: 3 | B10: 255776399 | C10: 0 | D10: =C10/$H$3 | E10: =IF($J$3="",IF($B$17>0,B10/$B$17,0),COMBIN($J$3,A10)*$L$3^A10*(1-$L$3)^($J$3-A10)) | F10: =IF($B$17>0,B10/$B$17,0) | G10: =E10-F10 | H10: =D10*E10 | I10: =I9+E10
A11: 4 | B11: 263361261 | C11: 0 | D11: =C11/$H$3 | E11: =IF($J$3="",IF($B$17>0,B11/$B$17,0),COMBIN($J$3,A11)*$L$3^A11*(1-$L$3)^($J$3-A11)) | F11: =IF($B$17>0,B11/$B$17,0) | G11: =E11-F11 | H11: =D11*E11 | I11: =I10+E11
A12: 5 | B12: 173549470 | C12: 6 | D12: =C12/$H$3 | E12: =IF($J$3="",IF($B$17>0,B12/$B$17,0),COMBIN($J$3,A12)*$L$3^A12*(1-$L$3)^($J$3-A12)) | F12: =IF($B$17>0,B12/$B$17,0) | G12: =E12-F12 | H12: =D12*E12 | I12: =I11+E12
A13: 6 | B13: 71478381 | C13: 569 | D13: =C13/$H$3 | E13: =IF($J$3="",IF($B$17>0,B13/$B$17,0),COMBIN($J$3,A13)*$L$3^A13*(1-$L$3)^($J$3-A13)) | F13: =IF($B$17>0,B13/$B$17,0) | G13: =E13-F13 | H13: =D13*E13 | I13: =I12+E13
A14: 7 | B14: 16822405 | C14: 53093 | D14: =C14/$H$3 | E14: =IF($J$3="",IF($B$17>0,B14/$B$17,0),COMBIN($J$3,A14)*$L$3^A14*(1-$L$3)^($J$3-A14)) | F14: =IF($B$17>0,B14/$B$17,0) | G14: =E14-F14 | H14: =D14*E14 | I14: =I13+E14
A15: 8 | B15: 1732139 | C15: 4950000 | D15: =C15/$H$3 | E15: =IF($J$3="",IF($B$17>0,B15/$B$17,0),COMBIN($J$3,A15)*$L$3^A15*(1-$L$3)^($J$3-A15)) | F15: =IF($B$17>0,B15/$B$17,0) | G15: =E15-F15 | H15: =D15*E15 | I15: =I14+E15
A17: CHECK_SUMS | B17: =SUM(B7:B15) | C17: payout_raw_sum | D17: =SUM(D7:D15) | E17: =SUM(E7:E15) | F17: =SUM(F7:F15) | G17: =MAX(ABS(G7:G15)) | H17: =SUM(H7:H15) | I17: =IF($B$3>0,H17/$B$3,0) | J17: =IF($D$3="","N/A",ABS(I17-$D$3)<=$F$3)
A18: rtp_drift | B18: =IF($D$3="","",I17-$D$3)
A19: prob_sum_check | B19: =ABS(E17-1)<=1E-9
A20: max_win_value | B20: =MAX(D7:D15)
A21: max_win_probability | B21: =SUMIFS(E7:E15,D7:D15,B20)
A22: outcome_rows | B22: =ROWS(A7:A15)
A23: unique_multipliers | B23: =SUMPRODUCT(1/COUNTIF(D7:D15,D7:D15))
A24: max_exposure_with_max_bet | B24: =B20*500.0

Sheet buy100_expert_9
A1: buy100_expert_9 Lookup Detail
A2: Derived from lookup rows
A3: Cost | B3: 99 | C3: Target RTP | D3: 0.9605 | E3: RTP Tol | F3: 0.01 | G3: Payout Scale | H3: 100 | I3: Rows (N) | J3: 9 | K3: p_right | L3: 0.45680177 | M3: p_left | N3: =IF(L3="","",1-L3)
A5: Rows
A6: sim_id | B6: weight | C6: payout_raw | D6: payout_scaled | E6: probability_binomial_exact | F6: probability_from_weight | G6: probability_diff | H6: weighted_payout | I6: cumulative_probability
A7: 0 | B7: 4117420 | C7: 0 | D7: =C7/$H$3 | E7: =IF($J$3="",IF($B$18>0,B7/$B$18,0),COMBIN($J$3,A7)*$L$3^A7*(1-$L$3)^($J$3-A7)) | F7: =IF($B$18>0,B7/$B$18,0) | G7: =E7-F7 | H7: =D7*E7 | I7: =E7
A8: 1 | B8: 31162843 | C8: 0 | D8: =C8/$H$3 | E8: =IF($J$3="",IF($B$18>0,B8/$B$18,0),COMBIN($J$3,A8)*$L$3^A8*(1-$L$3)^($J$3-A8)) | F8: =IF($B$18>0,B8/$B$18,0) | G8: =E8-F8 | H8: =D8*E8 | I8: =I7+E8
A9: 2 | B9: 104825391 | C9: 0 | D9: =C9/$H$3 | E9: =IF($J$3="",IF($B$18>0,B9/$B$18,0),COMBIN($J$3,A9)*$L$3^A9*(1-$L$3)^($J$3-A9)) | F9: =IF($B$18>0,B9/$B$18,0) | G9: =E9-F9 | H9: =D9*E9 | I9: =I8+E9
A10: 3 | B10: 205689775 | C10: 0 | D10: =C10/$H$3 | E10: =IF($J$3="",IF($B$18>0,B10/$B$18,0),COMBIN($J$3,A10)*$L$3^A10*(1-$L$3)^($J$3-A10)) | F10: =IF($B$18>0,B10/$B$18,0) | G10: =E10-F10 | H10: =D10*E10 | I10: =I9+E10
A11: 4 | B11: 259461777 | C11: 0 | D11: =C11/$H$3 | E11: =IF($J$3="",IF($B$18>0,B11/$B$18,0),COMBIN($J$3,A11)*$L$3^A11*(1-$L$3)^($J$3-A11)) | F11: =IF($B$18>0,B11/$B$18,0) | G11: =E11-F11 | H11: =D11*E11 | I11: =I10+E11
A12: 5 | B12: 218194005 | C12: 0 | D12: =C12/$H$3 | E12: =IF($J$3="",IF($B$18>0,B12/$B$18,0),COMBIN($J$3,A12)*$L$3^A12*(1-$L$3)^($J$3-A12)) | F12: =IF($B$18>0,B12/$B$18,0) | G12: =E12-F12 | H12: =D12*E12 | I12: =I11+E12
A13: 6 | B13: 122326622 | C13: 9 | D13: =C13/$H$3 | E13: =IF($J$3="",IF($B$18>0,B13/$B$18,0),COMBIN($J$3,A13)*$L$3^A13*(1-$L$3)^($J$3-A13)) | F13: =IF($B$18>0,B13/$B$18,0) | G13: =E13-F13 | H13: =D13*E13 | I13: =I12+E13
A14: 7 | B14: 44087312 | C14: 937 | D14: =C14/$H$3 | E14: =IF($J$3="",IF($B$18>0,B14/$B$18,0),COMBIN($J$3,A14)*$L$3^A14*(1-$L$3)^($J$3-A14)) | F14: =IF($B$18>0,B14/$B$18,0) | G14: =E14-F14 | H14: =D14*E14 | I14: =I13+E14
A15: 8 | B15: 9268790 | C15: 96290 | D15: =C15/$H$3 | E15: =IF($J$3="",IF($B$18>0,B15/$B$18,0),COMBIN($J$3,A15)*$L$3^A15*(1-$L$3)^($J$3-A15)) | F15: =IF($B$18>0,B15/$B$18,0) | G15: =E15-F15 | H15: =D15*E15 | I15: =I14+E15
A16: 9 | B16: 866065 | C16: 9900000 | D16: =C16/$H$3 | E16: =IF($J$3="",IF($B$18>0,B16/$B$18,0),COMBIN($J$3,A16)*$L$3^A16*(1-$L$3)^($J$3-A16)) | F16: =IF($B$18>0,B16/$B$18,0) | G16: =E16-F16 | H16: =D16*E16 | I16: =I15+E16
A18: CHECK_SUMS | B18: =SUM(B7:B16) | C18: payout_raw_sum | D18: =SUM(D7:D16) | E18: =SUM(E7:E16) | F18: =SUM(F7:F16) | G18: =MAX(ABS(G7:G16)) | H18: =SUM(H7:H16) | I18: =IF($B$3>0,H18/$B$3,0) | J18: =IF($D$3="","N/A",ABS(I18-$D$3)<=$F$3)
A19: rtp_drift | B19: =IF($D$3="","",I18-$D$3)
A20: prob_sum_check | B20: =ABS(E18-1)<=1E-9
A21: max_win_value | B21: =MAX(D7:D16)
A22: max_win_probability | B22: =SUMIFS(E7:E16,D7:D16,B21)
A23: outcome_rows | B23: =ROWS(A7:A16)
A24: unique_multipliers | B24: =SUMPRODUCT(1/COUNTIF(D7:D16,D7:D16))
A25: max_exposure_with_max_bet | B25: =B21*500.0

Sheet buy100_high_10
A1: buy100_high_10 Lookup Detail
A2: Derived from lookup rows
A3: Cost | B3: 99 | C3: Target RTP | D3: 0.9605 | E3: RTP Tol | F3: 0.01 | G3: Payout Scale | H3: 100 | I3: Rows (N) | J3: 10 | K3: p_right | L3: 0.63032353 | M3: p_left | N3: =IF(L3="","",1-L3)
A5: Rows
A6: sim_id | B6: weight | C6: payout_raw | D6: payout_scaled | E6: probability_binomial_exact | F6: probability_from_weight | G6: probability_diff | H6: weighted_payout | I6: cumulative_probability
A7: 0 | B7: 47667 | C7: 0 | D7: =C7/$H$3 | E7: =IF($J$3="",IF($B$19>0,B7/$B$19,0),COMBIN($J$3,A7)*$L$3^A7*(1-$L$3)^($J$3-A7)) | F7: =IF($B$19>0,B7/$B$19,0) | G7: =E7-F7 | H7: =D7*E7 | I7: =E7
A8: 1 | B8: 812755 | C8: 0 | D8: =C8/$H$3 | E8: =IF($J$3="",IF($B$19>0,B8/$B$19,0),COMBIN($J$3,A8)*$L$3^A8*(1-$L$3)^($J$3-A8)) | F8: =IF($B$19>0,B8/$B$19,0) | G8: =E8-F8 | H8: =D8*E8 | I8: =I7+E8
A9: 2 | B9: 6236114 | C9: 0 | D9: =C9/$H$3 | E9: =IF($J$3="",IF($B$19>0,B9/$B$19,0),COMBIN($J$3,A9)*$L$3^A9*(1-$L$3)^($J$3-A9)) | F9: =IF($B$19>0,B9/$B$19,0) | G9: =E9-F9 | H9: =D9*E9 | I9: =I8+E9
A10: 3 | B10: 28354661 | C10: 0 | D10: =C10/$H$3 | E10: =IF($J$3="",IF($B$19>0,B10/$B$19,0),COMBIN($J$3,A10)*$L$3^A10*(1-$L$3)^($J$3-A10)) | F10: =IF($B$19>0,B10/$B$19,0) | G10: =E10-F10 | H10: =D10*E10 | I10: =I9+E10
A11: 4 | B11: 84606597 | C11: 0 | D11: =C11/$H$3 | E11: =IF($J$3="",IF($B$19>0,B11/$B$19,0),COMBIN($J$3,A11)*$L$3^A11*(1-$L$3)^($J$3-A11)) | F11: =IF($B$19>0,B11/$B$19,0) | G11: =E11-F11 | H11: =D11*E11 | I11: =I10+E11
A12: 5 | B12: 173112003 | C12: 0 | D12: =C12/$H$3 | E12: =IF($J$3="",IF($B$19>0,B12/$B$19,0),COMBIN($J$3,A12)*$L$3^A12*(1-$L$3)^($J$3-A12)) | F12: =IF($B$19>0,B12/$B$19,0) | G12: =E12-F12 | H12: =D12*E12 | I12: =I11+E12
A13: 6 | B13: 245973118 | C13: 2 | D13: =C13/$H$3 | E13: =IF($J$3="",IF($B$19>0,B13/$B$19,0),COMBIN($J$3,A13)*$L$3^A13*(1-$L$3)^($J$3-A13)) | F13: =IF($B$19>0,B13/$B$19,0) | G13: =E13-F13 | H13: =D13*E13 | I13: =I12+E13
A14: 7 | B14: 239657657 | C14: 56 | D14: =C14/$H$3 | E14: =IF($J$3="",IF($B$19>0,B14/$B$19,0),COMBIN($J$3,A14)*$L$3^A14*(1-$L$3)^($J$3-A14)) | F14: =IF($B$19>0,B14/$B$19,0) | G14: =E14-F14 | H14: =D14*E14 | I14: =I13+E14
A15: 8 | B15: 153237228 | C15: 1337 | D15: =C15/$H$3 | E15: =IF($J$3="",IF($B$19>0,B15/$B$19,0),COMBIN($J$3,A15)*$L$3^A15*(1-$L$3)^($J$3-A15)) | F15: =IF($B$19>0,B15/$B$19,0) | G15: =E15-F15 | H15: =D15*E15 | I15: =I14+E15
A16: 9 | B16: 58062200 | C16: 31712 | D16: =C16/$H$3 | E16: =IF($J$3="",IF($B$19>0,B16/$B$19,0),COMBIN($J$3,A16)*$L$3^A16*(1-$L$3)^($J$3-A16)) | F16: =IF($B$19>0,B16/$B$19,0) | G16: =E16-F16 | H16: =D16*E16 | I16: =I15+E16
A17: 10 | B17: 9900176 | C17: 752400 | D17: =C17/$H$3 | E17: =IF($J$3="",IF($B$19>0,B17/$B$19,0),COMBIN($J$3,A17)*$L$3^A17*(1-$L$3)^($J$3-A17)) | F17: =IF($B$19>0,B17/$B$19,0) | G17: =E17-F17 | H17: =D17*E17 | I17: =I16+E17
A19: CHECK_SUMS | B19: =SUM(B7:B17) | C19: payout_raw_sum | D19: =SUM(D7:D17) | E19: =SUM(E7:E17) | F19: =SUM(F7:F17) | G19: =MAX(ABS(G7:G17)) | H19: =SUM(H7:H17) | I19: =IF($B$3>0,H19/$B$3,0) | J19: =IF($D$3="","N/A",ABS(I19-$D$3)<=$F$3)
A20: rtp_drift | B20: =IF($D$3="","",I19-$D$3)
A21: prob_sum_check | B21: =ABS(E19-1)<=1E-9
A22: max_win_value | B22: =MAX(D7:D17)
A23: max_win_probability | B23: =SUMIFS(E7:E17,D7:D17,B22)
A24: outcome_rows | B24: =ROWS(A7:A17)
A25: unique_multipliers | B25: =SUMPRODUCT(1/COUNTIF(D7:D17,D7:D17))
A26: max_exposure_with_max_bet | B26: =B22*500.0

Sheet buy100_high_11
A1: buy100_high_11 Lookup Detail
A2: Derived from lookup rows
A3: Cost | B3: 99 | C3: Target RTP | D3: 0.9605 | E3: RTP Tol | F3: 0.01 | G3: Payout Scale | H3: 100 | I3: Rows (N) | J3: 11 | K3: p_right | L3: 0.63871585 | M3: p_left | N3: =IF(L3="","",1-L3)
A5: Rows
A6: sim_id | B6: weight | C6: payout_raw | D6: payout_scaled | E6: probability_binomial_exact | F6: probability_from_weight | G6: probability_diff | H6: weighted_payout | I6: cumulative_probability
A7: 0 | B7: 13688 | C7: 0 | D7: =C7/$H$3 | E7: =IF($J$3="",IF($B$20>0,B7/$B$20,0),COMBIN($J$3,A7)*$L$3^A7*(1-$L$3)^($J$3-A7)) | F7: =IF($B$20>0,B7/$B$20,0) | G7: =E7-F7 | H7: =D7*E7 | I7: =E7
A8: 1 | B8: 266189 | C8: 0 | D8: =C8/$H$3 | E8: =IF($J$3="",IF($B$20>0,B8/$B$20,0),COMBIN($J$3,A8)*$L$3^A8*(1-$L$3)^($J$3-A8)) | F8: =IF($B$20>0,B8/$B$20,0) | G8: =E8-F8 | H8: =D8*E8 | I8: =I7+E8
A9: 2 | B9: 2352980 | C9: 0 | D9: =C9/$H$3 | E9: =IF($J$3="",IF($B$20>0,B9/$B$20,0),COMBIN($J$3,A9)*$L$3^A9*(1-$L$3)^($J$3-A9)) | F9: =IF($B$20>0,B9/$B$20,0) | G9: =E9-F9 | H9: =D9*E9 | I9: =I8+E9
A10: 3 | B10: 12479533 | C10: 0 | D10: =C10/$H$3 | E10: =IF($J$3="",IF($B$20>0,B10/$B$20,0),COMBIN($J$3,A10)*$L$3^A10*(1-$L$3)^($J$3-A10)) | F10: =IF($B$20>0,B10/$B$20,0) | G10: =E10-F10 | H10: =D10*E10 | I10: =I9+E10
A11: 4 | B11: 44125242 | C11: 0 | D11: =C11/$H$3 | E11: =IF($J$3="",IF($B$20>0,B11/$B$20,0),COMBIN($J$3,A11)*$L$3^A11*(1-$L$3)^($J$3-A11)) | F11: =IF($B$20>0,B11/$B$20,0) | G11: =E11-F11 | H11: =D11*E11 | I11: =I10+E11
A12: 5 | B12: 109212893 | C12: 0 | D12: =C12/$H$3 | E12: =IF($J$3="",IF($B$20>0,B12/$B$20,0),COMBIN($J$3,A12)*$L$3^A12*(1-$L$3)^($J$3-A12)) | F12: =IF($B$20>0,B12/$B$20,0) | G12: =E12-F12 | H12: =D12*E12 | I12: =I11+E12
A13: 6 | B13: 193077954 | C13: 0 | D13: =C13/$H$3 | E13: =IF($J$3="",IF($B$20>0,B13/$B$20,0),COMBIN($J$3,A13)*$L$3^A13*(1-$L$3)^($J$3-A13)) | F13: =IF($B$20>0,B13/$B$20,0) | G13: =E13-F13 | H13: =D13*E13 | I13: =I12+E13
A14: 7 | B14: 243816690 | C14: 0 | D14: =C14/$H$3 | E14: =IF($J$3="",IF($B$20>0,B14/$B$20,0),COMBIN($J$3,A14)*$L$3^A14*(1-$L$3)^($J$3-A14)) | F14: =IF($B$20>0,B14/$B$20,0) | G14: =E14-F14 | H14: =D14*E14 | I14: =I13+E14
A15: 8 | B15: 215522299 | C15: 6 | D15: =C15/$H$3 | E15: =IF($J$3="",IF($B$20>0,B15/$B$20,0),COMBIN($J$3,A15)*$L$3^A15*(1-$L$3)^($J$3-A15)) | F15: =IF($B$20>0,B15/$B$20,0) | G15: =E15-F15 | H15: =D15*E15 | I15: =I14+E15
A16: 9 | B16: 127007607 | C16: 332 | D16: =C16/$H$3 | E16: =IF($J$3="",IF($B$20>0,B16/$B$20,0),COMBIN($J$3,A16)*$L$3^A16*(1-$L$3)^($J$3-A16)) | F16: =IF($B$20>0,B16/$B$20,0) | G16: =E16-F16 | H16: =D16*E16 | I16: =I15+E16
A17: 10 | B17: 44907461 | C17: 19847 | D17: =C17/$H$3 | E17: =IF($J$3="",IF($B$20>0,B17/$B$20,0),COMBIN($J$3,A17)*$L$3^A17*(1-$L$3)^($J$3-A17)) | F17: =IF($B$20>0,B17/$B$20,0) | G17: =E17-F17 | H17: =D17*E17 | I17: =I16+E17
A18: 11 | B18: 7217349 | C18: 1188000 | D18: =C18/$H$3 | E18: =IF($J$3="",IF($B$20>0,B18/$B$20,0),COMBIN($J$3,A18)*$L$3^A18*(1-$L$3)^($J$3-A18)) | F18: =IF($B$20>0,B18/$B$20,0) | G18: =E18-F18 | H18: =D18*E18 | I18: =I17+E18
A20: CHECK_SUMS | B20: =SUM(B7:B18) | C20: payout_raw_sum | D20: =SUM(D7:D18) | E20: =SUM(E7:E18) | F20: =SUM(F7:F18) | G20: =MAX(ABS(G7:G18)) | H20: =SUM(H7:H18) | I20: =IF($B$3>0,H20/$B$3,0) | J20: =IF($D$3="","N/A",ABS(I20-$D$3)<=$F$3)
A21: rtp_drift | B21: =IF($D$3="","",I20-$D$3)
A22: prob_sum_check | B22: =ABS(E20-1)<=1E-9
A23: max_win_value | B23: =MAX(D7:D18)
A24: max_win_probability | B24: =SUMIFS(E7:E18,D7:D18,B23)
A25: outcome_rows | B25: =ROWS(A7:A18)
A26: unique_multipliers | B26: =SUMPRODUCT(1/COUNTIF(D7:D18,D7:D18))
A27: max_exposure_with_max_bet | B27: =B23*500.0

Sheet buy100_high_12
A1: buy100_high_12 Lookup Detail
A2: Derived from lookup rows
A3: Cost | B3: 99 | C3: Target RTP | D3: 0.9605 | E3: RTP Tol | F3: 0.01 | G3: Payout Scale | H3: 100 | I3: Rows (N) | J3: 12 | K3: p_right | L3: 0.64405206 | M3: p_left | N3: =IF(L3="","",1-L3)
A5: Rows
A6: sim_id | B6: weight | C6: payout_raw | D6: payout_scaled | E6: probability_binomial_exact | F6: probability_from_weight | G6: probability_diff | H6: weighted_payout | I6: cumulative_probability
A7: 0 | B7: 4137 | C7: 0 | D7: =C7/$H$3 | E7: =IF($J$3="",IF($B$21>0,B7/$B$21,0),COMBIN($J$3,A7)*$L$3^A7*(1-$L$3)^($J$3-A7)) | F7: =IF($B$21>0,B7/$B$21,0) | G7: =E7-F7 | H7: =D7*E7 | I7: =E7
A8: 1 | B8: 89816 | C8: 0 | D8: =C8/$H$3 | E8: =IF($J$3="",IF($B$21>0,B8/$B$21,0),COMBIN($J$3,A8)*$L$3^A8*(1-$L$3)^($J$3-A8)) | F8: =IF($B$21>0,B8/$B$21,0) | G8: =E8-F8 | H8: =D8*E8 | I8: =I7+E8
A9: 2 | B9: 893821 | C9: 0 | D9: =C9/$H$3 | E9: =IF($J$3="",IF($B$21>0,B9/$B$21,0),COMBIN($J$3,A9)*$L$3^A9*(1-$L$3)^($J$3-A9)) | F9: =IF($B$21>0,B9/$B$21,0) | G9: =E9-F9 | H9: =D9*E9 | I9: =I8+E9
A10: 3 | B10: 5390934 | C10: 0 | D10: =C10/$H$3 | E10: =IF($J$3="",IF($B$21>0,B10/$B$21,0),COMBIN($J$3,A10)*$L$3^A10*(1-$L$3)^($J$3-A10)) | F10: =IF($B$21>0,B10/$B$21,0) | G10: =E10-F10 | H10: =D10*E10 | I10: =I9+E10
A11: 4 | B11: 21947295 | C11: 0 | D11: =C11/$H$3 | E11: =IF($J$3="",IF($B$21>0,B11/$B$21,0),COMBIN($J$3,A11)*$L$3^A11*(1-$L$3)^($J$3-A11)) | F11: =IF($B$21>0,B11/$B$21,0) | G11: =E11-F11 | H11: =D11*E11 | I11: =I10+E11
A12: 5 | B12: 63538281 | C12: 0 | D12: =C12/$H$3 | E12: =IF($J$3="",IF($B$21>0,B12/$B$21,0),COMBIN($J$3,A12)*$L$3^A12*(1-$L$3)^($J$3-A12)) | F12: =IF($B$21>0,B12/$B$21,0) | G12: =E12-F12 | H12: =D12*E12 | I12: =I11+E12
A13: 6 | B13: 134127160 | C13: 0 | D13: =C13/$H$3 | E13: =IF($J$3="",IF($B$21>0,B13/$B$21,0),COMBIN($J$3,A13)*$L$3^A13*(1-$L$3)^($J$3-A13)) | F13: =IF($B$21>0,B13/$B$21,0) | G13: =E13-F13 | H13: =D13*E13 | I13: =I12+E13
A14: 7 | B14: 208019679 | C14: 0 | D14: =C14/$H$3 | E14: =IF($J$3="",IF($B$21>0,B14/$B$21,0),COMBIN($J$3,A14)*$L$3^A14*(1-$L$3)^($J$3-A14)) | F14: =IF($B$21>0,B14/$B$21,0) | G14: =E14-F14 | H14: =D14*E14 | I14: =I13+E14
A15: 8 | B15: 235244198 | C15: 0 | D15: =C15/$H$3 | E15: =IF($J$3="",IF($B$21>0,B15/$B$21,0),COMBIN($J$3,A15)*$L$3^A15*(1-$L$3)^($J$3-A15)) | F15: =IF($B$21>0,B15/$B$21,0) | G15: =E15-F15 | H15: =D15*E15 | I15: =I14+E15
A16: 9 | B16: 189178111 | C16: 7 | D16: =C16/$H$3 | E16: =IF($J$3="",IF($B$21>0,B16/$B$21,0),COMBIN($J$3,A16)*$L$3^A16*(1-$L$3)^($J$3-A16)) | F16: =IF($B$21>0,B16/$B$21,0) | G16: =E16-F16 | H16: =D16*E16 | I16: =I15+E16
A17: 10 | B17: 102689638 | C17: 414 | D17: =C17/$H$3 | E17: =IF($J$3="",IF($B$21>0,B17/$B$21,0),COMBIN($J$3,A17)*$L$3^A17*(1-$L$3)^($J$3-A17)) | F17: =IF($B$21>0,B17/$B$21,0) | G17: =E17-F17 | H17: =D17*E17 | I17: =I16+E17
A18: 11 | B18: 33783016 | C18: 26407 | D18: =C18/$H$3 | E18: =IF($J$3="",IF($B$21>0,B18/$B$21,0),COMBIN($J$3,A18)*$L$3^A18*(1-$L$3)^($J$3-A18)) | F18: =IF($B$21>0,B18/$B$21,0) | G18: =E18-F18 | H18: =D18*E18 | I18: =I17+E18
A19: 12 | B19: 5093882 | C19: 1683000 | D19: =C19/$H$3 | E19: =IF($J$3="",IF($B$21>0,B19/$B$21,0),COMBIN($J$3,A19)*$L$3^A19*(1-$L$3)^($J$3-A19)) | F19: =IF($B$21>0,B19/$B$21,0) | G19: =E19-F19 | H19: =D19*E19 | I19: =I18+E19
A21: CHECK_SUMS | B21: =SUM(B7:B19) | C21: payout_raw_sum | D21: =SUM(D7:D19) | E21: =SUM(E7:E19) | F21: =SUM(F7:F19) | G21: =MAX(ABS(G7:G19)) | H21: =SUM(H7:H19) | I21: =IF($B$3>0,H21/$B$3,0) | J21: =IF($D$3="","N/A",ABS(I21-$D$3)<=$F$3)
A22: rtp_drift | B22: =IF($D$3="","",I21-$D$3)
A23: prob_sum_check | B23: =ABS(E21-1)<=1E-9
A24: max_win_value | B24: =MAX(D7:D19)
A25: max_win_probability | B25: =SUMIFS(E7:E19,D7:D19,B24)
A26: outcome_rows | B26: =ROWS(A7:A19)
A27: unique_multipliers | B27: =SUMPRODUCT(1/COUNTIF(D7:D19,D7:D19))
A28: max_exposure_with_max_bet | B28: =B24*500.0

Sheet buy100_high_13
A1: buy100_high_13 Lookup Detail
A2: Derived from lookup rows
A3: Cost | B3: 99 | C3: Target RTP | D3: 0.9605 | E3: RTP Tol | F3: 0.01 | G3: Payout Scale | H3: 100 | I3: Rows (N) | J3: 13 | K3: p_right | L3: 0.64479564 | M3: p_left | N3: =IF(L3="","",1-L3)
A5: Rows
A6: sim_id | B6: weight | C6: payout_raw | D6: payout_scaled | E6: probability_binomial_exact | F6: probability_from_weight | G6: probability_diff | H6: weighted_payout | I6: cumulative_probability
A7: 0 | B7: 1433 | C7: 0 | D7: =C7/$H$3 | E7: =IF($J$3="",IF($B$22>0,B7/$B$22,0),COMBIN($J$3,A7)*$L$3^A7*(1-$L$3)^($J$3-A7)) | F7: =IF($B$22>0,B7/$B$22,0) | G7: =E7-F7 | H7: =D7*E7 | I7: =E7
A8: 1 | B8: 33815 | C8: 0 | D8: =C8/$H$3 | E8: =IF($J$3="",IF($B$22>0,B8/$B$22,0),COMBIN($J$3,A8)*$L$3^A8*(1-$L$3)^($J$3-A8)) | F8: =IF($B$22>0,B8/$B$22,0) | G8: =E8-F8 | H8: =D8*E8 | I8: =I7+E8
A9: 2 | B9: 368299 | C9: 0 | D9: =C9/$H$3 | E9: =IF($J$3="",IF($B$22>0,B9/$B$22,0),COMBIN($J$3,A9)*$L$3^A9*(1-$L$3)^($J$3-A9)) | F9: =IF($B$22>0,B9/$B$22,0) | G9: =E9-F9 | H9: =D9*E9 | I9: =I8+E9
A10: 3 | B10: 2451406 | C10: 0 | D10: =C10/$H$3 | E10: =IF($J$3="",IF($B$22>0,B10/$B$22,0),COMBIN($J$3,A10)*$L$3^A10*(1-$L$3)^($J$3-A10)) | F10: =IF($B$22>0,B10/$B$22,0) | G10: =E10-F10 | H10: =D10*E10 | I10: =I9+E10
A11: 4 | B11: 11124974 | C11: 0 | D11: =C11/$H$3 | E11: =IF($J$3="",IF($B$22>0,B11/$B$22,0),COMBIN($J$3,A11)*$L$3^A11*(1-$L$3)^($J$3-A11)) | F11: =IF($B$22>0,B11/$B$22,0) | G11: =E11-F11 | H11: =D11*E11 | I11: =I10+E11
A12: 5 | B12: 36350913 | C12: 0 | D12: =C12/$H$3 | E12: =IF($J$3="",IF($B$22>0,B12/$B$22,0),COMBIN($J$3,A12)*$L$3^A12*(1-$L$3)^($J$3-A12)) | F12: =IF($B$22>0,B12/$B$22,0) | G12: =E12-F12 | H12: =D12*E12 | I12: =I11+E12
A13: 6 | B13: 87982817 | C13: 0 | D13: =C13/$H$3 | E13: =IF($J$3="",IF($B$22>0,B13/$B$22,0),COMBIN($J$3,A13)*$L$3^A13*(1-$L$3)^($J$3-A13)) | F13: =IF($B$22>0,B13/$B$22,0) | G13: =E13-F13 | H13: =D13*E13 | I13: =I12+E13
A14: 7 | B14: 159713513 | C14: 0 | D14: =C14/$H$3 | E14: =IF($J$3="",IF($B$22>0,B14/$B$22,0),COMBIN($J$3,A14)*$L$3^A14*(1-$L$3)^($J$3-A14)) | F14: =IF($B$22>0,B14/$B$22,0) | G14: =E14-F14 | H14: =D14*E14 | I14: =I13+E14
A15: 8 | B15: 217443648 | C15: 0 | D15: =C15/$H$3 | E15: =IF($J$3="",IF($B$22>0,B15/$B$22,0),COMBIN($J$3,A15)*$L$3^A15*(1-$L$3)^($J$3-A15)) | F15: =IF($B$22>0,B15/$B$22,0) | G15: =E15-F15 | H15: =D15*E15 | I15: =I14+E15
A16: 9 | B16: 219289593 | C16: 0 | D16: =C16/$H$3 | E16: =IF($J$3="",IF($B$22>0,B16/$B$22,0),COMBIN($J$3,A16)*$L$3^A16*(1-$L$3)^($J$3-A16)) | F16: =IF($B$22>0,B16/$B$22,0) | G16: =E16-F16 | H16: =D16*E16 | I16: =I15+E16
A17: 10 | B17: 159228870 | C17: 8 | D17: =C17/$H$3 | E17: =IF($J$3="",IF($B$22>0,B17/$B$22,0),COMBIN($J$3,A17)*$L$3^A17*(1-$L$3)^($J$3-A17)) | F17: =IF($B$22>0,B17/$B$22,0) | G17: =E17-F17 | H17: =D17*E17 | I17: =I16+E17
A18: 11 | B18: 78830482 | C18: 544 | D18: =C18/$H$3 | E18: =IF($J$3="",IF($B$22>0,B18/$B$22,0),COMBIN($J$3,A18)*$L$3^A18*(1-$L$3)^($J$3-A18)) | F18: =IF($B$22>0,B18/$B$22,0) | G18: =E18-F18 | H18: =D18*E18 | I18: =I17+E18
A19: 12 | B19: 23849909 | C19: 37422 | D19: =C19/$H$3 | E19: =IF($J$3="",IF($B$22>0,B19/$B$22,0),COMBIN($J$3,A19)*$L$3^A19*(1-$L$3)^($J$3-A19)) | F19: =IF($B$22>0,B19/$B$22,0) | G19: =E19-F19 | H19: =D19*E19 | I19: =I18+E19
A20: 13 | B20: 3330335 | C20: 2574000 | D20: =C20/$H$3 | E20: =IF($J$3="",IF($B$22>0,B20/$B$22,0),COMBIN($J$3,A20)*$L$3^A20*(1-$L$3)^($J$3-A20)) | F20: =IF($B$22>0,B20/$B$22,0) | G20: =E20-F20 | H20: =D20*E20 | I20: =I19+E20
A22: CHECK_SUMS | B22: =SUM(B7:B20) | C22: payout_raw_sum | D22: =SUM(D7:D20) | E22: =SUM(E7:E20) | F22: =SUM(F7:F20) | G22: =MAX(ABS(G7:G20)) | H22: =SUM(H7:H20) | I22: =IF($B$3>0,H22/$B$3,0) | J22: =IF($D$3="","N/A",ABS(I22-$D$3)<=$F$3)
A23: rtp_drift | B23: =IF($D$3="","",I22-$D$3)
A24: prob_sum_check | B24: =ABS(E22-1)<=1E-9
A25: max_win_value | B25: =MAX(D7:D20)
A26: max_win_probability | B26: =SUMIFS(E7:E20,D7:D20,B25)
A27: outcome_rows | B27: =ROWS(A7:A20)
A28: unique_multipliers | B28: =SUMPRODUCT(1/COUNTIF(D7:D20,D7:D20))
A29: max_exposure_with_max_bet | B29: =B25*500.0

Sheet buy100_high_14
A1: buy100_high_14 Lookup Detail
A2: Derived from lookup rows
A3: Cost | B3: 99 | C3: Target RTP | D3: 0.9605 | E3: RTP Tol | F3: 0.01 | G3: Payout Scale | H3: 100 | I3: Rows (N) | J3: 14 | K3: p_right | L3: 0.64292 | M3: p_left | N3: =IF(L3="","",1-L3)
A5: Rows
A6: sim_id | B6: weight | C6: payout_raw | D6: payout_scaled | E6: probability_binomial_exact | F6: probability_from_weight | G6: probability_diff | H6: weighted_payout | I6: cumulative_probability
A7: 0 | B7: 548 | C7: 0 | D7: =C7/$H$3 | E7: =IF($J$3="",IF($B$23>0,B7/$B$23,0),COMBIN($J$3,A7)*$L$3^A7*(1-$L$3)^($J$3-A7)) | F7: =IF($B$23>0,B7/$B$23,0) | G7: =E7-F7 | H7: =D7*E7 | I7: =E7
A8: 1 | B8: 13811 | C8: 0 | D8: =C8/$H$3 | E8: =IF($J$3="",IF($B$23>0,B8/$B$23,0),COMBIN($J$3,A8)*$L$3^A8*(1-$L$3)^($J$3-A8)) | F8: =IF($B$23>0,B8/$B$23,0) | G8: =E8-F8 | H8: =D8*E8 | I8: =I7+E8
A9: 2 | B9: 161637 | C9: 0 | D9: =C9/$H$3 | E9: =IF($J$3="",IF($B$23>0,B9/$B$23,0),COMBIN($J$3,A9)*$L$3^A9*(1-$L$3)^($J$3-A9)) | F9: =IF($B$23>0,B9/$B$23,0) | G9: =E9-F9 | H9: =D9*E9 | I9: =I8+E9
A10: 3 | B10: 1164107 | C10: 0 | D10: =C10/$H$3 | E10: =IF($J$3="",IF($B$23>0,B10/$B$23,0),COMBIN($J$3,A10)*$L$3^A10*(1-$L$3)^($J$3-A10)) | F10: =IF($B$23>0,B10/$B$23,0) | G10: =E10-F10 | H10: =D10*E10 | I10: =I9+E10
A11: 4 | B11: 5763908 | C11: 0 | D11: =C11/$H$3 | E11: =IF($J$3="",IF($B$23>0,B11/$B$23,0),COMBIN($J$3,A11)*$L$3^A11*(1-$L$3)^($J$3-A11)) | F11: =IF($B$23>0,B11/$B$23,0) | G11: =E11-F11 | H11: =D11*E11 | I11: =I10+E11
A12: 5 | B12: 20755752 | C12: 0 | D12: =C12/$H$3 | E12: =IF($J$3="",IF($B$23>0,B12/$B$23,0),COMBIN($J$3,A12)*$L$3^A12*(1-$L$3)^($J$3-A12)) | F12: =IF($B$23>0,B12/$B$23,0) | G12: =E12-F12 | H12: =D12*E12 | I12: =I11+E12
A13: 6 | B13: 56055877 | C13: 0 | D13: =C13/$H$3 | E13: =IF($J$3="",IF($B$23>0,B13/$B$23,0),COMBIN($J$3,A13)*$L$3^A13*(1-$L$3)^($J$3-A13)) | F13: =IF($B$23>0,B13/$B$23,0) | G13: =E13-F13 | H13: =D13*E13 | I13: =I12+E13
A14: 7 | B14: 115346524 | C14: 0 | D14: =C14/$H$3 | E14: =IF($J$3="",IF($B$23>0,B14/$B$23,0),COMBIN($J$3,A14)*$L$3^A14*(1-$L$3)^($J$3-A14)) | F14: =IF($B$23>0,B14/$B$23,0) | G14: =E14-F14 | H14: =D14*E14 | I14: =I13+E14
A15: 8 | B15: 181720522 | C15: 0 | D15: =C15/$H$3 | E15: =IF($J$3="",IF($B$23>0,B15/$B$23,0),COMBIN($J$3,A15)*$L$3^A15*(1-$L$3)^($J$3-A15)) | F15: =IF($B$23>0,B15/$B$23,0) | G15: =E15-F15 | H15: =D15*E15 | I15: =I14+E15
A16: 9 | B16: 218124339 | C16: 0 | D16: =C16/$H$3 | E16: =IF($J$3="",IF($B$23>0,B16/$B$23,0),COMBIN($J$3,A16)*$L$3^A16*(1-$L$3)^($J$3-A16)) | F16: =IF($B$23>0,B16/$B$23,0) | G16: =E16-F16 | H16: =D16*E16 | I16: =I15+E16
A17: 10 | B17: 196365661 | C17: 0 | D17: =C17/$H$3 | E17: =IF($J$3="",IF($B$23>0,B17/$B$23,0),COMBIN($J$3,A17)*$L$3^A17*(1-$L$3)^($J$3-A17)) | F17: =IF($B$23>0,B17/$B$23,0) | G17: =E17-F17 | H17: =D17*E17 | I17: =I16+E17
A18: 11 | B18: 128565446 | C18: 10 | D18: =C18/$H$3 | E18: =IF($J$3="",IF($B$23>0,B18/$B$23,0),COMBIN($J$3,A18)*$L$3^A18*(1-$L$3)^($J$3-A18)) | F18: =IF($B$23>0,B18/$B$23,0) | G18: =E18-F18 | H18: =D18*E18 | I18: =I17+E18
A19: 12 | B19: 57870293 | C19: 746 | D19: =C19/$H$3 | E19: =IF($J$3="",IF($B$23>0,B19/$B$23,0),COMBIN($J$3,A19)*$L$3^A19*(1-$L$3)^($J$3-A19)) | F19: =IF($B$23>0,B19/$B$23,0) | G19: =E19-F19 | H19: =D19*E19 | I19: =I18+E19
... A21: 14 | B21: 2061566 | C21: 4158000 | D21: =C21/$H$3 | E21: =IF($J$3="",IF($B$23>0,B21/$B$23,0),COMBIN($J$3,A21)*$L$3^A21*(1-$L$3)^($J$3-A21)) | F21: =IF($B$23>0,B21/$B$23,0) | G21: =E21-F21 | H21: =D21*E21 | I21: =I20+E21
A23: CHECK_SUMS | B23: =SUM(B7:B21) | C23: payout_raw_sum | D23: =SUM(D7:D21) | E23: =SUM(E7:E21) | F23: =SUM(F7:F21) | G23: =MAX(ABS(G7:G21)) | H23: =SUM(H7:H21) | I23: =IF($B$3>0,H23/$B$3,0) | J23: =IF($D$3="","N/A",ABS(I23-$D$3)<=$F$3)
A24: rtp_drift | B24: =IF($D$3="","",I23-$D$3)
A25: prob_sum_check | B25: =ABS(E23-1)<=1E-9
A26: max_win_value | B26: =MAX(D7:D21)
A27: max_win_probability | B27: =SUMIFS(E7:E21,D7:D21,B26)
A28: outcome_rows | B28: =ROWS(A7:A21)
A29: unique_multipliers | B29: =SUMPRODUCT(1/COUNTIF(D7:D21,D7:D21))
A30: max_exposure_with_max_bet | B30: =B26*500.0

Sheet buy100_high_15
A1: buy100_high_15 Lookup Detail
A2: Derived from lookup rows
A3: Cost | B3: 99 | C3: Target RTP | D3: 0.9605 | E3: RTP Tol | F3: 0.01 | G3: Payout Scale | H3: 100 | I3: Rows (N) | J3: 15 | K3: p_right | L3: 0.63187238 | M3: p_left | N3: =IF(L3="","",1-L3)
A5: Rows
A6: sim_id | B6: weight | C6: payout_raw | D6: payout_scaled | E6: probability_binomial_exact | F6: probability_from_weight | G6: probability_diff | H6: weighted_payout | I6: cumulative_probability
A7: 0 | B7: 309 | C7: 0 | D7: =C7/$H$3 | E7: =IF($J$3="",IF($B$24>0,B7/$B$24,0),COMBIN($J$3,A7)*$L$3^A7*(1-$L$3)^($J$3-A7)) | F7: =IF($B$24>0,B7/$B$24,0) | G7: =E7-F7 | H7: =D7*E7 | I7: =E7
A8: 1 | B8: 7956 | C8: 0 | D8: =C8/$H$3 | E8: =IF($J$3="",IF($B$24>0,B8/$B$24,0),COMBIN($J$3,A8)*$L$3^A8*(1-$L$3)^($J$3-A8)) | F8: =IF($B$24>0,B8/$B$24,0) | G8: =E8-F8 | H8: =D8*E8 | I8: =I7+E8
A9: 2 | B9: 95593 | C9: 0 | D9: =C9/$H$3 | E9: =IF($J$3="",IF($B$24>0,B9/$B$24,0),COMBIN($J$3,A9)*$L$3^A9*(1-$L$3)^($J$3-A9)) | F9: =IF($B$24>0,B9/$B$24,0) | G9: =E9-F9 | H9: =D9*E9 | I9: =I8+E9
A10: 3 | B10: 711018 | C10: 0 | D10: =C10/$H$3 | E10: =IF($J$3="",IF($B$24>0,B10/$B$24,0),COMBIN($J$3,A10)*$L$3^A10*(1-$L$3)^($J$3-A10)) | F10: =IF($B$24>0,B10/$B$24,0) | G10: =E10-F10 | H10: =D10*E10 | I10: =I9+E10
A11: 4 | B11: 3661277 | C11: 0 | D11: =C11/$H$3 | E11: =IF($J$3="",IF($B$24>0,B11/$B$24,0),COMBIN($J$3,A11)*$L$3^A11*(1-$L$3)^($J$3-A11)) | F11: =IF($B$24>0,B11/$B$24,0) | G11: =E11-F11 | H11: =D11*E11 | I11: =I10+E11
A12: 5 | B12: 13825671 | C12: 0 | D12: =C12/$H$3 | E12: =IF($J$3="",IF($B$24>0,B12/$B$24,0),COMBIN($J$3,A12)*$L$3^A12*(1-$L$3)^($J$3-A12)) | F12: =IF($B$24>0,B12/$B$24,0) | G12: =E12-F12 | H12: =D12*E12 | I12: =I11+E12
A13: 6 | B13: 39551771 | C13: 0 | D13: =C13/$H$3 | E13: =IF($J$3="",IF($B$24>0,B13/$B$24,0),COMBIN($J$3,A13)*$L$3^A13*(1-$L$3)^($J$3-A13)) | F13: =IF($B$24>0,B13/$B$24,0) | G13: =E13-F13 | H13: =D13*E13 | I13: =I12+E13
A14: 7 | B14: 87285354 | C14: 0 | D14: =C14/$H$3 | E14: =IF($J$3="",IF($B$24>0,B14/$B$24,0),COMBIN($J$3,A14)*$L$3^A14*(1-$L$3)^($J$3-A14)) | F14: =IF($B$24>0,B14/$B$24,0) | G14: =E14-F14 | H14: =D14*E14 | I14: =I13+E14
A15: 8 | B15: 149820881 | C15: 0 | D15: =C15/$H$3 | E15: =IF($J$3="",IF($B$24>0,B15/$B$24,0),COMBIN($J$3,A15)*$L$3^A15*(1-$L$3)^($J$3-A15)) | F15: =IF($B$24>0,B15/$B$24,0) | G15: =E15-F15 | H15: =D15*E15 | I15: =I14+E15
A16: 9 | B16: 200013288 | C16: 0 | D16: =C16/$H$3 | E16: =IF($J$3="",IF($B$24>0,B16/$B$24,0),COMBIN($J$3,A16)*$L$3^A16*(1-$L$3)^($J$3-A16)) | F16: =IF($B$24>0,B16/$B$24,0) | G16: =E16-F16 | H16: =D16*E16 | I16: =I15+E16
A17: 10 | B17: 205987596 | C17: 2 | D17: =C17/$H$3 | E17: =IF($J$3="",IF($B$24>0,B17/$B$24,0),COMBIN($J$3,A17)*$L$3^A17*(1-$L$3)^($J$3-A17)) | F17: =IF($B$24>0,B17/$B$24,0) | G17: =E17-F17 | H17: =D17*E17 | I17: =I16+E17
A18: 11 | B18: 160712390 | C18: 33 | D18: =C18/$H$3 | E18: =IF($J$3="",IF($B$24>0,B18/$B$24,0),COMBIN($J$3,A18)*$L$3^A18*(1-$L$3)^($J$3-A18)) | F18: =IF($B$24>0,B18/$B$24,0) | G18: =E18-F18 | H18: =D18*E18 | I18: =I17+E18
A19: 12 | B19: 91951555 | C19: 690 | D19: =C19/$H$3 | E19: =IF($J$3="",IF($B$24>0,B19/$B$24,0),COMBIN($J$3,A19)*$L$3^A19*(1-$L$3)^($J$3-A19)) | F19: =IF($B$24>0,B19/$B$24,0) | G19: =E19-F19 | H19: =D19*E19 | I19: =I18+E19
... A22: 15 | B22: 1021977 | C22: 6138000 | D22: =C22/$H$3 | E22: =IF($J$3="",IF($B$24>0,B22/$B$24,0),COMBIN($J$3,A22)*$L$3^A22*(1-$L$3)^($J$3-A22)) | F22: =IF($B$24>0,B22/$B$24,0) | G22: =E22-F22 | H22: =D22*E22 | I22: =I21+E22
A24: CHECK_SUMS | B24: =SUM(B7:B22) | C24: payout_raw_sum | D24: =SUM(D7:D22) | E24: =SUM(E7:E22) | F24: =SUM(F7:F22) | G24: =MAX(ABS(G7:G22)) | H24: =SUM(H7:H22) | I24: =IF($B$3>0,H24/$B$3,0) | J24: =IF($D$3="","N/A",ABS(I24-$D$3)<=$F$3)
A25: rtp_drift | B25: =IF($D$3="","",I24-$D$3)
A26: prob_sum_check | B26: =ABS(E24-1)<=1E-9
A27: max_win_value | B27: =MAX(D7:D22)
A28: max_win_probability | B28: =SUMIFS(E7:E22,D7:D22,B27)
A29: outcome_rows | B29: =ROWS(A7:A22)
A30: unique_multipliers | B30: =SUMPRODUCT(1/COUNTIF(D7:D22,D7:D22))
A31: max_exposure_with_max_bet | B31: =B27*500.0

Sheet buy100_high_16
A1: buy100_high_16 Lookup Detail
A2: Derived from lookup rows
A3: Cost | B3: 99 | C3: Target RTP | D3: 0.9605 | E3: RTP Tol | F3: 0.01 | G3: Payout Scale | H3: 100 | I3: Rows (N) | J3: 16 | K3: p_right | L3: 0.60959782 | M3: p_left | N3: =IF(L3="","",1-L3)
A5: Rows
A6: sim_id | B6: weight | C6: payout_raw | D6: payout_scaled | E6: probability_binomial_exact | F6: probability_from_weight | G6: probability_diff | H6: weighted_payout | I6: cumulative_probability
A7: 0 | B7: 291 | C7: 0 | D7: =C7/$H$3 | E7: =IF($J$3="",IF($B$25>0,B7/$B$25,0),COMBIN($J$3,A7)*$L$3^A7*(1-$L$3)^($J$3-A7)) | F7: =IF($B$25>0,B7/$B$25,0) | G7: =E7-F7 | H7: =D7*E7 | I7: =E7
A8: 1 | B8: 7275 | C8: 0 | D8: =C8/$H$3 | E8: =IF($J$3="",IF($B$25>0,B8/$B$25,0),COMBIN($J$3,A8)*$L$3^A8*(1-$L$3)^($J$3-A8)) | F8: =IF($B$25>0,B8/$B$25,0) | G8: =E8-F8 | H8: =D8*E8 | I8: =I7+E8
A9: 2 | B9: 85200 | C9: 0 | D9: =C9/$H$3 | E9: =IF($J$3="",IF($B$25>0,B9/$B$25,0),COMBIN($J$3,A9)*$L$3^A9*(1-$L$3)^($J$3-A9)) | F9: =IF($B$25>0,B9/$B$25,0) | G9: =E9-F9 | H9: =D9*E9 | I9: =I8+E9
A10: 3 | B10: 620837 | C10: 0 | D10: =C10/$H$3 | E10: =IF($J$3="",IF($B$25>0,B10/$B$25,0),COMBIN($J$3,A10)*$L$3^A10*(1-$L$3)^($J$3-A10)) | F10: =IF($B$25>0,B10/$B$25,0) | G10: =E10-F10 | H10: =D10*E10 | I10: =I9+E10
A11: 4 | B11: 3150589 | C11: 0 | D11: =C11/$H$3 | E11: =IF($J$3="",IF($B$25>0,B11/$B$25,0),COMBIN($J$3,A11)*$L$3^A11*(1-$L$3)^($J$3-A11)) | F11: =IF($B$25>0,B11/$B$25,0) | G11: =E11-F11 | H11: =D11*E11 | I11: =I10+E11
A12: 5 | B12: 11806855 | C12: 0 | D12: =C12/$H$3 | E12: =IF($J$3="",IF($B$25>0,B12/$B$25,0),COMBIN($J$3,A12)*$L$3^A12*(1-$L$3)^($J$3-A12)) | F12: =IF($B$25>0,B12/$B$25,0) | G12: =E12-F12 | H12: =D12*E12 | I12: =I11+E12
A13: 6 | B13: 33799231 | C13: 0 | D13: =C13/$H$3 | E13: =IF($J$3="",IF($B$25>0,B13/$B$25,0),COMBIN($J$3,A13)*$L$3^A13*(1-$L$3)^($J$3-A13)) | F13: =IF($B$25>0,B13/$B$25,0) | G13: =E13-F13 | H13: =D13*E13 | I13: =I12+E13
A14: 7 | B14: 75394551 | C14: 0 | D14: =C14/$H$3 | E14: =IF($J$3="",IF($B$25>0,B14/$B$25,0),COMBIN($J$3,A14)*$L$3^A14*(1-$L$3)^($J$3-A14)) | F14: =IF($B$25>0,B14/$B$25,0) | G14: =E14-F14 | H14: =D14*E14 | I14: =I13+E14
A15: 8 | B15: 132441367 | C15: 0 | D15: =C15/$H$3 | E15: =IF($J$3="",IF($B$25>0,B15/$B$25,0),COMBIN($J$3,A15)*$L$3^A15*(1-$L$3)^($J$3-A15)) | F15: =IF($B$25>0,B15/$B$25,0) | G15: =E15-F15 | H15: =D15*E15 | I15: =I14+E15
A16: 9 | B16: 183824040 | C16: 1 | D16: =C16/$H$3 | E16: =IF($J$3="",IF($B$25>0,B16/$B$25,0),COMBIN($J$3,A16)*$L$3^A16*(1-$L$3)^($J$3-A16)) | F16: =IF($B$25>0,B16/$B$25,0) | G16: =E16-F16 | H16: =D16*E16 | I16: =I15+E16
A17: 10 | B17: 200923864 | C17: 9 | D17: =C17/$H$3 | E17: =IF($J$3="",IF($B$25>0,B17/$B$25,0),COMBIN($J$3,A17)*$L$3^A17*(1-$L$3)^($J$3-A17)) | F17: =IF($B$25>0,B17/$B$25,0) | G17: =E17-F17 | H17: =D17*E17 | I17: =I16+E17
A18: 11 | B18: 171128074 | C18: 88 | D18: =C18/$H$3 | E18: =IF($J$3="",IF($B$25>0,B18/$B$25,0),COMBIN($J$3,A18)*$L$3^A18*(1-$L$3)^($J$3-A18)) | F18: =IF($B$25>0,B18/$B$25,0) | G18: =E18-F18 | H18: =D18*E18 | I18: =I17+E18
A19: 12 | B19: 111337431 | C19: 903 | D19: =C19/$H$3 | E19: =IF($J$3="",IF($B$25>0,B19/$B$25,0),COMBIN($J$3,A19)*$L$3^A19*(1-$L$3)^($J$3-A19)) | F19: =IF($B$25>0,B19/$B$25,0) | G19: =E19-F19 | H19: =D19*E19 | I19: =I18+E19
... A23: 16 | B23: 363653 | C23: 9900000 | D23: =C23/$H$3 | E23: =IF($J$3="",IF($B$25>0,B23/$B$25,0),COMBIN($J$3,A23)*$L$3^A23*(1-$L$3)^($J$3-A23)) | F23: =IF($B$25>0,B23/$B$25,0) | G23: =E23-F23 | H23: =D23*E23 | I23: =I22+E23
A25: CHECK_SUMS | B25: =SUM(B7:B23) | C25: payout_raw_sum | D25: =SUM(D7:D23) | E25: =SUM(E7:E23) | F25: =SUM(F7:F23) | G25: =MAX(ABS(G7:G23)) | H25: =SUM(H7:H23) | I25: =IF($B$3>0,H25/$B$3,0) | J25: =IF($D$3="","N/A",ABS(I25-$D$3)<=$F$3)
A26: rtp_drift | B26: =IF($D$3="","",I25-$D$3)
A27: prob_sum_check | B27: =ABS(E25-1)<=1E-9
A28: max_win_value | B28: =MAX(D7:D23)
A29: max_win_probability | B29: =SUMIFS(E7:E23,D7:D23,B28)
A30: outcome_rows | B30: =ROWS(A7:A23)
A31: unique_multipliers | B31: =SUMPRODUCT(1/COUNTIF(D7:D23,D7:D23))
A32: max_exposure_with_max_bet | B32: =B28*500.0

Sheet buy100_high_8
A1: buy100_high_8 Lookup Detail
A2: Derived from lookup rows
A3: Cost | B3: 99 | C3: Target RTP | D3: 0.9605 | E3: RTP Tol | F3: 0.01 | G3: Payout Scale | H3: 100 | I3: Rows (N) | J3: 8 | K3: p_right | L3: 0.64492461 | M3: p_left | N3: =IF(L3="","",1-L3)
A5: Rows
A6: sim_id | B6: weight | C6: payout_raw | D6: payout_scaled | E6: probability_binomial_exact | F6: probability_from_weight | G6: probability_diff | H6: weighted_payout | I6: cumulative_probability
A7: 0 | B7: 252676 | C7: 0 | D7: =C7/$H$3 | E7: =IF($J$3="",IF($B$17>0,B7/$B$17,0),COMBIN($J$3,A7)*$L$3^A7*(1-$L$3)^($J$3-A7)) | F7: =IF($B$17>0,B7/$B$17,0) | G7: =E7-F7 | H7: =D7*E7 | I7: =E7
A8: 1 | B8: 3671495 | C8: 0 | D8: =C8/$H$3 | E8: =IF($J$3="",IF($B$17>0,B8/$B$17,0),COMBIN($J$3,A8)*$L$3^A8*(1-$L$3)^($J$3-A8)) | F8: =IF($B$17>0,B8/$B$17,0) | G8: =E8-F8 | H8: =D8*E8 | I8: =I7+E8
A9: 2 | B9: 23339919 | C9: 0 | D9: =C9/$H$3 | E9: =IF($J$3="",IF($B$17>0,B9/$B$17,0),COMBIN($J$3,A9)*$L$3^A9*(1-$L$3)^($J$3-A9)) | F9: =IF($B$17>0,B9/$B$17,0) | G9: =E9-F9 | H9: =D9*E9 | I9: =I8+E9
A10: 3 | B10: 84784746 | C10: 0 | D10: =C10/$H$3 | E10: =IF($J$3="",IF($B$17>0,B10/$B$17,0),COMBIN($J$3,A10)*$L$3^A10*(1-$L$3)^($J$3-A10)) | F10: =IF($B$17>0,B10/$B$17,0) | G10: =E10-F10 | H10: =D10*E10 | I10: =I9+E10
A11: 4 | B11: 192493523 | C11: 0 | D11: =C11/$H$3 | E11: =IF($J$3="",IF($B$17>0,B11/$B$17,0),COMBIN($J$3,A11)*$L$3^A11*(1-$L$3)^($J$3-A11)) | F11: =IF($B$17>0,B11/$B$17,0) | G11: =E11-F11 | H11: =D11*E11 | I11: =I10+E11
A12: 5 | B12: 279701305 | C12: 4 | D12: =C12/$H$3 | E12: =IF($J$3="",IF($B$17>0,B12/$B$17,0),COMBIN($J$3,A12)*$L$3^A12*(1-$L$3)^($J$3-A12)) | F12: =IF($B$17>0,B12/$B$17,0) | G12: =E12-F12 | H12: =D12*E12 | I12: =I11+E12
A13: 6 | B13: 254011209 | C13: 154 | D13: =C13/$H$3 | E13: =IF($J$3="",IF($B$17>0,B13/$B$17,0),COMBIN($J$3,A13)*$L$3^A13*(1-$L$3)^($J$3-A13)) | F13: =IF($B$17>0,B13/$B$17,0) | G13: =E13-F13 | H13: =D13*E13 | I13: =I12+E13
A14: 7 | B14: 131817546 | C14: 6650 | D14: =C14/$H$3 | E14: =IF($J$3="",IF($B$17>0,B14/$B$17,0),COMBIN($J$3,A14)*$L$3^A14*(1-$L$3)^($J$3-A14)) | F14: =IF($B$17>0,B14/$B$17,0) | G14: =E14-F14 | H14: =D14*E14 | I14: =I13+E14
A15: 8 | B15: 29927287 | C15: 287100 | D15: =C15/$H$3 | E15: =IF($J$3="",IF($B$17>0,B15/$B$17,0),COMBIN($J$3,A15)*$L$3^A15*(1-$L$3)^($J$3-A15)) | F15: =IF($B$17>0,B15/$B$17,0) | G15: =E15-F15 | H15: =D15*E15 | I15: =I14+E15
A17: CHECK_SUMS | B17: =SUM(B7:B15) | C17: payout_raw_sum | D17: =SUM(D7:D15) | E17: =SUM(E7:E15) | F17: =SUM(F7:F15) | G17: =MAX(ABS(G7:G15)) | H17: =SUM(H7:H15) | I17: =IF($B$3>0,H17/$B$3,0) | J17: =IF($D$3="","N/A",ABS(I17-$D$3)<=$F$3)
A18: rtp_drift | B18: =IF($D$3="","",I17-$D$3)
A19: prob_sum_check | B19: =ABS(E17-1)<=1E-9
A20: max_win_value | B20: =MAX(D7:D15)
A21: max_win_probability | B21: =SUMIFS(E7:E15,D7:D15,B20)
A22: outcome_rows | B22: =ROWS(A7:A15)
A23: unique_multipliers | B23: =SUMPRODUCT(1/COUNTIF(D7:D15,D7:D15))
A24: max_exposure_with_max_bet | B24: =B20*500.0

Sheet buy100_high_9
A1: buy100_high_9 Lookup Detail
A2: Derived from lookup rows
A3: Cost | B3: 99 | C3: Target RTP | D3: 0.9605 | E3: RTP Tol | F3: 0.01 | G3: Payout Scale | H3: 100 | I3: Rows (N) | J3: 9 | K3: p_right | L3: 0.64806741 | M3: p_left | N3: =IF(L3="","",1-L3)
A5: Rows
A6: sim_id | B6: weight | C6: payout_raw | D6: payout_scaled | E6: probability_binomial_exact | F6: probability_from_weight | G6: probability_diff | H6: weighted_payout | I6: cumulative_probability
A7: 0 | B7: 82820 | C7: 0 | D7: =C7/$H$3 | E7: =IF($J$3="",IF($B$18>0,B7/$B$18,0),COMBIN($J$3,A7)*$L$3^A7*(1-$L$3)^($J$3-A7)) | F7: =IF($B$18>0,B7/$B$18,0) | G7: =E7-F7 | H7: =D7*E7 | I7: =E7
A8: 1 | B8: 1372583 | C8: 0 | D8: =C8/$H$3 | E8: =IF($J$3="",IF($B$18>0,B8/$B$18,0),COMBIN($J$3,A8)*$L$3^A8*(1-$L$3)^($J$3-A8)) | F8: =IF($B$18>0,B8/$B$18,0) | G8: =E8-F8 | H8: =D8*E8 | I8: =I7+E8
A9: 2 | B9: 10110190 | C9: 0 | D9: =C9/$H$3 | E9: =IF($J$3="",IF($B$18>0,B9/$B$18,0),COMBIN($J$3,A9)*$L$3^A9*(1-$L$3)^($J$3-A9)) | F9: =IF($B$18>0,B9/$B$18,0) | G9: =E9-F9 | H9: =D9*E9 | I9: =I8+E9
A10: 3 | B10: 43440696 | C10: 0 | D10: =C10/$H$3 | E10: =IF($J$3="",IF($B$18>0,B10/$B$18,0),COMBIN($J$3,A10)*$L$3^A10*(1-$L$3)^($J$3-A10)) | F10: =IF($B$18>0,B10/$B$18,0) | G10: =E10-F10 | H10: =D10*E10 | I10: =I9+E10
A11: 4 | B11: 119991013 | C11: 0 | D11: =C11/$H$3 | E11: =IF($J$3="",IF($B$18>0,B11/$B$18,0),COMBIN($J$3,A11)*$L$3^A11*(1-$L$3)^($J$3-A11)) | F11: =IF($B$18>0,B11/$B$18,0) | G11: =E11-F11 | H11: =D11*E11 | I11: =I10+E11
A12: 5 | B12: 220957835 | C12: 0 | D12: =C12/$H$3 | E12: =IF($J$3="",IF($B$18>0,B12/$B$18,0),COMBIN($J$3,A12)*$L$3^A12*(1-$L$3)^($J$3-A12)) | F12: =IF($B$18>0,B12/$B$18,0) | G12: =E12-F12 | H12: =D12*E12 | I12: =I11+E12
A13: 6 | B13: 271255676 | C13: 4 | D13: =C13/$H$3 | E13: =IF($J$3="",IF($B$18>0,B13/$B$18,0),COMBIN($J$3,A13)*$L$3^A13*(1-$L$3)^($J$3-A13)) | F13: =IF($B$18>0,B13/$B$18,0) | G13: =E13-F13 | H13: =D13*E13 | I13: =I12+E13
A14: 7 | B14: 214073415 | C14: 189 | D14: =C14/$H$3 | E14: =IF($J$3="",IF($B$18>0,B14/$B$18,0),COMBIN($J$3,A14)*$L$3^A14*(1-$L$3)^($J$3-A14)) | F14: =IF($B$18>0,B14/$B$18,0) | G14: =E14-F14 | H14: =D14*E14 | I14: =I13+E14
A15: 8 | B15: 98551544 | C15: 8965 | D15: =C15/$H$3 | E15: =IF($J$3="",IF($B$18>0,B15/$B$18,0),COMBIN($J$3,A15)*$L$3^A15*(1-$L$3)^($J$3-A15)) | F15: =IF($B$18>0,B15/$B$18,0) | G15: =E15-F15 | H15: =D15*E15 | I15: =I14+E15
A16: 9 | B16: 20164177 | C16: 425700 | D16: =C16/$H$3 | E16: =IF($J$3="",IF($B$18>0,B16/$B$18,0),COMBIN($J$3,A16)*$L$3^A16*(1-$L$3)^($J$3-A16)) | F16: =IF($B$18>0,B16/$B$18,0) | G16: =E16-F16 | H16: =D16*E16 | I16: =I15+E16
A18: CHECK_SUMS | B18: =SUM(B7:B16) | C18: payout_raw_sum | D18: =SUM(D7:D16) | E18: =SUM(E7:E16) | F18: =SUM(F7:F16) | G18: =MAX(ABS(G7:G16)) | H18: =SUM(H7:H16) | I18: =IF($B$3>0,H18/$B$3,0) | J18: =IF($D$3="","N/A",ABS(I18-$D$3)<=$F$3)
A19: rtp_drift | B19: =IF($D$3="","",I18-$D$3)
A20: prob_sum_check | B20: =ABS(E18-1)<=1E-9
A21: max_win_value | B21: =MAX(D7:D16)
A22: max_win_probability | B22: =SUMIFS(E7:E16,D7:D16,B21)
A23: outcome_rows | B23: =ROWS(A7:A16)
A24: unique_multipliers | B24: =SUMPRODUCT(1/COUNTIF(D7:D16,D7:D16))
A25: max_exposure_with_max_bet | B25: =B21*500.0

Sheet buy100_low_10
A1: buy100_low_10 Lookup Detail
A2: Derived from lookup rows
A3: Cost | B3: 99 | C3: Target RTP | D3: 0.9605 | E3: RTP Tol | F3: 0.01 | G3: Payout Scale | H3: 100 | I3: Rows (N) | J3: 10 | K3: p_right | L3: 0.67888882 | M3: p_left | N3: =IF(L3="","",1-L3)
A5: Rows
A6: sim_id | B6: weight | C6: payout_raw | D6: payout_scaled | E6: probability_binomial_exact | F6: probability_from_weight | G6: probability_diff | H6: weighted_payout | I6: cumulative_probability
A7: 0 | B7: 11656 | C7: 5 | D7: =C7/$H$3 | E7: =IF($J$3="",IF($B$19>0,B7/$B$19,0),COMBIN($J$3,A7)*$L$3^A7*(1-$L$3)^($J$3-A7)) | F7: =IF($B$19>0,B7/$B$19,0) | G7: =E7-F7 | H7: =D7*E7 | I7: =E7
A8: 1 | B8: 246432 | C8: 14 | D8: =C8/$H$3 | E8: =IF($J$3="",IF($B$19>0,B8/$B$19,0),COMBIN($J$3,A8)*$L$3^A8*(1-$L$3)^($J$3-A8)) | F8: =IF($B$19>0,B8/$B$19,0) | G8: =E8-F8 | H8: =D8*E8 | I8: =I7+E8
A9: 2 | B9: 2344516 | C9: 37 | D9: =C9/$H$3 | E9: =IF($J$3="",IF($B$19>0,B9/$B$19,0),COMBIN($J$3,A9)*$L$3^A9*(1-$L$3)^($J$3-A9)) | F9: =IF($B$19>0,B9/$B$19,0) | G9: =E9-F9 | H9: =D9*E9 | I9: =I8+E9
A10: 3 | B10: 13217984 | C10: 98 | D10: =C10/$H$3 | E10: =IF($J$3="",IF($B$19>0,B10/$B$19,0),COMBIN($J$3,A10)*$L$3^A10*(1-$L$3)^($J$3-A10)) | F10: =IF($B$19>0,B10/$B$19,0) | G10: =E10-F10 | H10: =D10*E10 | I10: =I9+E10
A11: 4 | B11: 48904239 | C11: 259 | D11: =C11/$H$3 | E11: =IF($J$3="",IF($B$19>0,B11/$B$19,0),COMBIN($J$3,A11)*$L$3^A11*(1-$L$3)^($J$3-A11)) | F11: =IF($B$19>0,B11/$B$19,0) | G11: =E11-F11 | H11: =D11*E11 | I11: =I10+E11
A12: 5 | B12: 124071197 | C12: 684 | D12: =C12/$H$3 | E12: =IF($J$3="",IF($B$19>0,B12/$B$19,0),COMBIN($J$3,A12)*$L$3^A12*(1-$L$3)^($J$3-A12)) | F12: =IF($B$19>0,B12/$B$19,0) | G12: =E12-F12 | H12: =D12*E12 | I12: =I11+E12
A13: 6 | B13: 218591337 | C13: 1807 | D13: =C13/$H$3 | E13: =IF($J$3="",IF($B$19>0,B13/$B$19,0),COMBIN($J$3,A13)*$L$3^A13*(1-$L$3)^($J$3-A13)) | F13: =IF($B$19>0,B13/$B$19,0) | G13: =E13-F13 | H13: =D13*E13 | I13: =I12+E13
A14: 7 | B14: 264081587 | C14: 4775 | D14: =C14/$H$3 | E14: =IF($J$3="",IF($B$19>0,B14/$B$19,0),COMBIN($J$3,A14)*$L$3^A14*(1-$L$3)^($J$3-A14)) | F14: =IF($B$19>0,B14/$B$19,0) | G14: =E14-F14 | H14: =D14*E14 | I14: =I13+E14
A15: 8 | B15: 209369112 | C15: 12618 | D15: =C15/$H$3 | E15: =IF($J$3="",IF($B$19>0,B15/$B$19,0),COMBIN($J$3,A15)*$L$3^A15*(1-$L$3)^($J$3-A15)) | F15: =IF($B$19>0,B15/$B$19,0) | G15: =E15-F15 | H15: =D15*E15 | I15: =I14+E15
A16: 9 | B16: 98365617 | C16: 33343 | D16: =C16/$H$3 | E16: =IF($J$3="",IF($B$19>0,B16/$B$19,0),COMBIN($J$3,A16)*$L$3^A16*(1-$L$3)^($J$3-A16)) | F16: =IF($B$19>0,B16/$B$19,0) | G16: =E16-F16 | H16: =D16*E16 | I16: =I15+E16
A17: 10 | B17: 20797101 | C17: 88110 | D17: =C17/$H$3 | E17: =IF($J$3="",IF($B$19>0,B17/$B$19,0),COMBIN($J$3,A17)*$L$3^A17*(1-$L$3)^($J$3-A17)) | F17: =IF($B$19>0,B17/$B$19,0) | G17: =E17-F17 | H17: =D17*E17 | I17: =I16+E17
A19: CHECK_SUMS | B19: =SUM(B7:B17) | C19: payout_raw_sum | D19: =SUM(D7:D17) | E19: =SUM(E7:E17) | F19: =SUM(F7:F17) | G19: =MAX(ABS(G7:G17)) | H19: =SUM(H7:H17) | I19: =IF($B$3>0,H19/$B$3,0) | J19: =IF($D$3="","N/A",ABS(I19-$D$3)<=$F$3)
A20: rtp_drift | B20: =IF($D$3="","",I19-$D$3)
A21: prob_sum_check | B21: =ABS(E19-1)<=1E-9
A22: max_win_value | B22: =MAX(D7:D17)
A23: max_win_probability | B23: =SUMIFS(E7:E17,D7:D17,B22)
A24: outcome_rows | B24: =ROWS(A7:A17)
A25: unique_multipliers | B25: =SUMPRODUCT(1/COUNTIF(D7:D17,D7:D17))
A26: max_exposure_with_max_bet | B26: =B22*500.0

Sheet buy100_low_11
A1: buy100_low_11 Lookup Detail
A2: Derived from lookup rows
A3: Cost | B3: 99 | C3: Target RTP | D3: 0.9605 | E3: RTP Tol | F3: 0.01 | G3: Payout Scale | H3: 100 | I3: Rows (N) | J3: 11 | K3: p_right | L3: 0.71448555 | M3: p_left | N3: =IF(L3="","",1-L3)
A5: Rows
A6: sim_id | B6: weight | C6: payout_raw | D6: payout_scaled | E6: probability_binomial_exact | F6: probability_from_weight | G6: probability_diff | H6: weighted_payout | I6: cumulative_probability
A7: 0 | B7: 1028 | C7: 2 | D7: =C7/$H$3 | E7: =IF($J$3="",IF($B$20>0,B7/$B$20,0),COMBIN($J$3,A7)*$L$3^A7*(1-$L$3)^($J$3-A7)) | F7: =IF($B$20>0,B7/$B$20,0) | G7: =E7-F7 | H7: =D7*E7 | I7: =E7
A8: 1 | B8: 28292 | C8: 4 | D8: =C8/$H$3 | E8: =IF($J$3="",IF($B$20>0,B8/$B$20,0),COMBIN($J$3,A8)*$L$3^A8*(1-$L$3)^($J$3-A8)) | F8: =IF($B$20>0,B8/$B$20,0) | G8: =E8-F8 | H8: =D8*E8 | I8: =I7+E8
A9: 2 | B9: 353999 | C9: 12 | D9: =C9/$H$3 | E9: =IF($J$3="",IF($B$20>0,B9/$B$20,0),COMBIN($J$3,A9)*$L$3^A9*(1-$L$3)^($J$3-A9)) | F9: =IF($B$20>0,B9/$B$20,0) | G9: =E9-F9 | H9: =D9*E9 | I9: =I8+E9
A10: 3 | B10: 2657597 | C10: 31 | D10: =C10/$H$3 | E10: =IF($J$3="",IF($B$20>0,B10/$B$20,0),COMBIN($J$3,A10)*$L$3^A10*(1-$L$3)^($J$3-A10)) | F10: =IF($B$20>0,B10/$B$20,0) | G10: =E10-F10 | H10: =D10*E10 | I10: =I9+E10
A11: 4 | B11: 13301004 | C11: 84 | D11: =C11/$H$3 | E11: =IF($J$3="",IF($B$20>0,B11/$B$20,0),COMBIN($J$3,A11)*$L$3^A11*(1-$L$3)^($J$3-A11)) | F11: =IF($B$20>0,B11/$B$20,0) | G11: =E11-F11 | H11: =D11*E11 | I11: =I10+E11
A12: 5 | B12: 46599130 | C12: 225 | D12: =C12/$H$3 | E12: =IF($J$3="",IF($B$20>0,B12/$B$20,0),COMBIN($J$3,A12)*$L$3^A12*(1-$L$3)^($J$3-A12)) | F12: =IF($B$20>0,B12/$B$20,0) | G12: =E12-F12 | H12: =D12*E12 | I12: =I11+E12
A13: 6 | B13: 116611977 | C13: 603 | D13: =C13/$H$3 | E13: =IF($J$3="",IF($B$20>0,B13/$B$20,0),COMBIN($J$3,A13)*$L$3^A13*(1-$L$3)^($J$3-A13)) | F13: =IF($B$20>0,B13/$B$20,0) | G13: =E13-F13 | H13: =D13*E13 | I13: =I12+E13
A14: 7 | B14: 208439715 | C14: 1615 | D14: =C14/$H$3 | E14: =IF($J$3="",IF($B$20>0,B14/$B$20,0),COMBIN($J$3,A14)*$L$3^A14*(1-$L$3)^($J$3-A14)) | F14: =IF($B$20>0,B14/$B$20,0) | G14: =E14-F14 | H14: =D14*E14 | I14: =I13+E14
A15: 8 | B15: 260804945 | C15: 4327 | D15: =C15/$H$3 | E15: =IF($J$3="",IF($B$20>0,B15/$B$20,0),COMBIN($J$3,A15)*$L$3^A15*(1-$L$3)^($J$3-A15)) | F15: =IF($B$20>0,B15/$B$20,0) | G15: =E15-F15 | H15: =D15*E15 | I15: =I14+E15
A16: 9 | B16: 217550413 | C16: 11590 | D16: =C16/$H$3 | E16: =IF($J$3="",IF($B$20>0,B16/$B$20,0),COMBIN($J$3,A16)*$L$3^A16*(1-$L$3)^($J$3-A16)) | F16: =IF($B$20>0,B16/$B$20,0) | G16: =E16-F16 | H16: =D16*E16 | I16: =I15+E16
A17: 10 | B17: 108881791 | C17: 31046 | D17: =C17/$H$3 | E17: =IF($J$3="",IF($B$20>0,B17/$B$20,0),COMBIN($J$3,A17)*$L$3^A17*(1-$L$3)^($J$3-A17)) | F17: =IF($B$20>0,B17/$B$20,0) | G17: =E17-F17 | H17: =D17*E17 | I17: =I16+E17
A18: 11 | B18: 24772490 | C18: 83160 | D18: =C18/$H$3 | E18: =IF($J$3="",IF($B$20>0,B18/$B$20,0),COMBIN($J$3,A18)*$L$3^A18*(1-$L$3)^($J$3-A18)) | F18: =IF($B$20>0,B18/$B$20,0) | G18: =E18-F18 | H18: =D18*E18 | I18: =I17+E18
A20: CHECK_SUMS | B20: =SUM(B7:B18) | C20: payout_raw_sum | D20: =SUM(D7:D18) | E20: =SUM(E7:E18) | F20: =SUM(F7:F18) | G20: =MAX(ABS(G7:G18)) | H20: =SUM(H7:H18) | I20: =IF($B$3>0,H20/$B$3,0) | J20: =IF($D$3="","N/A",ABS(I20-$D$3)<=$F$3)
A21: rtp_drift | B21: =IF($D$3="","",I20-$D$3)
A22: prob_sum_check | B22: =ABS(E20-1)<=1E-9
A23: max_win_value | B23: =MAX(D7:D18)
A24: max_win_probability | B24: =SUMIFS(E7:E18,D7:D18,B23)
A25: outcome_rows | B25: =ROWS(A7:A18)
A26: unique_multipliers | B26: =SUMPRODUCT(1/COUNTIF(D7:D18,D7:D18))
A27: max_exposure_with_max_bet | B27: =B23*500.0

Sheet buy100_low_12
A1: buy100_low_12 Lookup Detail
A2: Derived from lookup rows
A3: Cost | B3: 99 | C3: Target RTP | D3: 0.9605 | E3: RTP Tol | F3: 0.01 | G3: Payout Scale | H3: 100 | I3: Rows (N) | J3: 12 | K3: p_right | L3: 0.69989846 | M3: p_left | N3: =IF(L3="","",1-L3)
A5: Rows
A6: sim_id | B6: weight | C6: payout_raw | D6: payout_scaled | E6: probability_binomial_exact | F6: probability_from_weight | G6: probability_diff | H6: weighted_payout | I6: cumulative_probability
A7: 0 | B7: 534 | C7: 2 | D7: =C7/$H$3 | E7: =IF($J$3="",IF($B$21>0,B7/$B$21,0),COMBIN($J$3,A7)*$L$3^A7*(1-$L$3)^($J$3-A7)) | F7: =IF($B$21>0,B7/$B$21,0) | G7: =E7-F7 | H7: =D7*E7 | I7: =E7
A8: 1 | B8: 14934 | C8: 5 | D8: =C8/$H$3 | E8: =IF($J$3="",IF($B$21>0,B8/$B$21,0),COMBIN($J$3,A8)*$L$3^A8*(1-$L$3)^($J$3-A8)) | F8: =IF($B$21>0,B8/$B$21,0) | G8: =E8-F8 | H8: =D8*E8 | I8: =I7+E8
A9: 2 | B9: 191556 | C9: 13 | D9: =C9/$H$3 | E9: =IF($J$3="",IF($B$21>0,B9/$B$21,0),COMBIN($J$3,A9)*$L$3^A9*(1-$L$3)^($J$3-A9)) | F9: =IF($B$21>0,B9/$B$21,0) | G9: =E9-F9 | H9: =D9*E9 | I9: =I8+E9
A10: 3 | B10: 1489162 | C10: 32 | D10: =C10/$H$3 | E10: =IF($J$3="",IF($B$21>0,B10/$B$21,0),COMBIN($J$3,A10)*$L$3^A10*(1-$L$3)^($J$3-A10)) | F10: =IF($B$21>0,B10/$B$21,0) | G10: =E10-F10 | H10: =D10*E10 | I10: =I9+E10
A11: 4 | B11: 7814319 | C11: 78 | D11: =C11/$H$3 | E11: =IF($J$3="",IF($B$21>0,B11/$B$21,0),COMBIN($J$3,A11)*$L$3^A11*(1-$L$3)^($J$3-A11)) | F11: =IF($B$21>0,B11/$B$21,0) | G11: =E11-F11 | H11: =D11*E11 | I11: =I10+E11
A12: 5 | B12: 29159357 | C12: 190 | D12: =C12/$H$3 | E12: =IF($J$3="",IF($B$21>0,B12/$B$21,0),COMBIN($J$3,A12)*$L$3^A12*(1-$L$3)^($J$3-A12)) | F12: =IF($B$21>0,B12/$B$21,0) | G12: =E12-F12 | H12: =D12*E12 | I12: =I11+E12
A13: 6 | B13: 79339882 | C13: 463 | D13: =C13/$H$3 | E13: =IF($J$3="",IF($B$21>0,B13/$B$21,0),COMBIN($J$3,A13)*$L$3^A13*(1-$L$3)^($J$3-A13)) | F13: =IF($B$21>0,B13/$B$21,0) | G13: =E13-F13 | H13: =D13*E13 | I13: =I12+E13
A14: 7 | B14: 158603063 | C14: 1133 | D14: =C14/$H$3 | E14: =IF($J$3="",IF($B$21>0,B14/$B$21,0),COMBIN($J$3,A14)*$L$3^A14*(1-$L$3)^($J$3-A14)) | F14: =IF($B$21>0,B14/$B$21,0) | G14: =E14-F14 | H14: =D14*E14 | I14: =I13+E14
A15: 8 | B15: 231184333 | C15: 2770 | D15: =C15/$H$3 | E15: =IF($J$3="",IF($B$21>0,B15/$B$21,0),COMBIN($J$3,A15)*$L$3^A15*(1-$L$3)^($J$3-A15)) | F15: =IF($B$21>0,B15/$B$21,0) | G15: =E15-F15 | H15: =D15*E15 | I15: =I14+E15
A16: 9 | B16: 239630830 | C16: 6773 | D16: =C16/$H$3 | E16: =IF($J$3="",IF($B$21>0,B16/$B$21,0),COMBIN($J$3,A16)*$L$3^A16*(1-$L$3)^($J$3-A16)) | F16: =IF($B$21>0,B16/$B$21,0) | G16: =E16-F16 | H16: =D16*E16 | I16: =I15+E16
A17: 10 | B17: 167660500 | C17: 16560 | D17: =C17/$H$3 | E17: =IF($J$3="",IF($B$21>0,B17/$B$21,0),COMBIN($J$3,A17)*$L$3^A17*(1-$L$3)^($J$3-A17)) | F17: =IF($B$21>0,B17/$B$21,0) | G17: =E17-F17 | H17: =D17*E17 | I17: =I16+E17
A18: 11 | B18: 71094316 | C18: 40490 | D18: =C18/$H$3 | E18: =IF($J$3="",IF($B$21>0,B18/$B$21,0),COMBIN($J$3,A18)*$L$3^A18*(1-$L$3)^($J$3-A18)) | F18: =IF($B$21>0,B18/$B$21,0) | G18: =E18-F18 | H18: =D18*E18 | I18: =I17+E18
A19: 12 | B19: 13816624 | C19: 99000 | D19: =C19/$H$3 | E19: =IF($J$3="",IF($B$21>0,B19/$B$21,0),COMBIN($J$3,A19)*$L$3^A19*(1-$L$3)^($J$3-A19)) | F19: =IF($B$21>0,B19/$B$21,0) | G19: =E19-F19 | H19: =D19*E19 | I19: =I18+E19
A21: CHECK_SUMS | B21: =SUM(B7:B19) | C21: payout_raw_sum | D21: =SUM(D7:D19) | E21: =SUM(E7:E19) | F21: =SUM(F7:F19) | G21: =MAX(ABS(G7:G19)) | H21: =SUM(H7:H19) | I21: =IF($B$3>0,H21/$B$3,0) | J21: =IF($D$3="","N/A",ABS(I21-$D$3)<=$F$3)
A22: rtp_drift | B22: =IF($D$3="","",I21-$D$3)
A23: prob_sum_check | B23: =ABS(E21-1)<=1E-9
A24: max_win_value | B24: =MAX(D7:D19)
A25: max_win_probability | B25: =SUMIFS(E7:E19,D7:D19,B24)
A26: outcome_rows | B26: =ROWS(A7:A19)
A27: unique_multipliers | B27: =SUMPRODUCT(1/COUNTIF(D7:D19,D7:D19))
A28: max_exposure_with_max_bet | B28: =B24*500.0

Sheet buy100_low_13
A1: buy100_low_13 Lookup Detail
A2: Derived from lookup rows
A3: Cost | B3: 99 | C3: Target RTP | D3: 0.9605 | E3: RTP Tol | F3: 0.01 | G3: Payout Scale | H3: 100 | I3: Rows (N) | J3: 13 | K3: p_right | L3: 0.75831917 | M3: p_left | N3: =IF(L3="","",1-L3)
A5: Rows
A6: sim_id | B6: weight | C6: payout_raw | D6: payout_scaled | E6: probability_binomial_exact | F6: probability_from_weight | G6: probability_diff | H6: weighted_payout | I6: cumulative_probability
A7: 0 | B7: 10 | C7: 0 | D7: =C7/$H$3 | E7: =IF($J$3="",IF($B$22>0,B7/$B$22,0),COMBIN($J$3,A7)*$L$3^A7*(1-$L$3)^($J$3-A7)) | F7: =IF($B$22>0,B7/$B$22,0) | G7: =E7-F7 | H7: =D7*E7 | I7: =E7
A8: 1 | B8: 391 | C8: 1 | D8: =C8/$H$3 | E8: =IF($J$3="",IF($B$22>0,B8/$B$22,0),COMBIN($J$3,A8)*$L$3^A8*(1-$L$3)^($J$3-A8)) | F8: =IF($B$22>0,B8/$B$22,0) | G8: =E8-F8 | H8: =D8*E8 | I8: =I7+E8
A9: 2 | B9: 7370 | C9: 2 | D9: =C9/$H$3 | E9: =IF($J$3="",IF($B$22>0,B9/$B$22,0),COMBIN($J$3,A9)*$L$3^A9*(1-$L$3)^($J$3-A9)) | F9: =IF($B$22>0,B9/$B$22,0) | G9: =E9-F9 | H9: =D9*E9 | I9: =I8+E9
A10: 3 | B10: 84790 | C10: 4 | D10: =C10/$H$3 | E10: =IF($J$3="",IF($B$22>0,B10/$B$22,0),COMBIN($J$3,A10)*$L$3^A10*(1-$L$3)^($J$3-A10)) | F10: =IF($B$22>0,B10/$B$22,0) | G10: =E10-F10 | H10: =D10*E10 | I10: =I9+E10
A11: 4 | B11: 665111 | C11: 12 | D11: =C11/$H$3 | E11: =IF($J$3="",IF($B$22>0,B11/$B$22,0),COMBIN($J$3,A11)*$L$3^A11*(1-$L$3)^($J$3-A11)) | F11: =IF($B$22>0,B11/$B$22,0) | G11: =E11-F11 | H11: =D11*E11 | I11: =I10+E11
A12: 5 | B12: 3756439 | C12: 31 | D12: =C12/$H$3 | E12: =IF($J$3="",IF($B$22>0,B12/$B$22,0),COMBIN($J$3,A12)*$L$3^A12*(1-$L$3)^($J$3-A12)) | F12: =IF($B$22>0,B12/$B$22,0) | G12: =E12-F12 | H12: =D12*E12 | I12: =I11+E12
A13: 6 | B13: 15715380 | C13: 82 | D13: =C13/$H$3 | E13: =IF($J$3="",IF($B$22>0,B13/$B$22,0),COMBIN($J$3,A13)*$L$3^A13*(1-$L$3)^($J$3-A13)) | F13: =IF($B$22>0,B13/$B$22,0) | G13: =E13-F13 | H13: =D13*E13 | I13: =I12+E13
A14: 7 | B14: 49309968 | C14: 220 | D14: =C14/$H$3 | E14: =IF($J$3="",IF($B$22>0,B14/$B$22,0),COMBIN($J$3,A14)*$L$3^A14*(1-$L$3)^($J$3-A14)) | F14: =IF($B$22>0,B14/$B$22,0) | G14: =E14-F14 | H14: =D14*E14 | I14: =I13+E14
A15: 8 | B15: 116039494 | C15: 588 | D15: =C15/$H$3 | E15: =IF($J$3="",IF($B$22>0,B15/$B$22,0),COMBIN($J$3,A15)*$L$3^A15*(1-$L$3)^($J$3-A15)) | F15: =IF($B$22>0,B15/$B$22,0) | G15: =E15-F15 | H15: =D15*E15 | I15: =I14+E15
A16: 9 | B16: 202275444 | C16: 1571 | D16: =C16/$H$3 | E16: =IF($J$3="",IF($B$22>0,B16/$B$22,0),COMBIN($J$3,A16)*$L$3^A16*(1-$L$3)^($J$3-A16)) | F16: =IF($B$22>0,B16/$B$22,0) | G16: =E16-F16 | H16: =D16*E16 | I16: =I15+E16
A17: 10 | B17: 253870942 | C17: 4198 | D17: =C17/$H$3 | E17: =IF($J$3="",IF($B$22>0,B17/$B$22,0),COMBIN($J$3,A17)*$L$3^A17*(1-$L$3)^($J$3-A17)) | F17: =IF($B$22>0,B17/$B$22,0) | G17: =E17-F17 | H17: =D17*E17 | I17: =I16+E17
A18: 11 | B18: 217245808 | C18: 11222 | D18: =C18/$H$3 | E18: =IF($J$3="",IF($B$22>0,B18/$B$22,0),COMBIN($J$3,A18)*$L$3^A18*(1-$L$3)^($J$3-A18)) | F18: =IF($B$22>0,B18/$B$22,0) | G18: =E18-F18 | H18: =D18*E18 | I18: =I17+E18
A19: 12 | B19: 113608283 | C19: 29999 | D19: =C19/$H$3 | E19: =IF($J$3="",IF($B$22>0,B19/$B$22,0),COMBIN($J$3,A19)*$L$3^A19*(1-$L$3)^($J$3-A19)) | F19: =IF($B$22>0,B19/$B$22,0) | G19: =E19-F19 | H19: =D19*E19 | I19: =I18+E19
A20: 13 | B20: 27420702 | C20: 80190 | D20: =C20/$H$3 | E20: =IF($J$3="",IF($B$22>0,B20/$B$22,0),COMBIN($J$3,A20)*$L$3^A20*(1-$L$3)^($J$3-A20)) | F20: =IF($B$22>0,B20/$B$22,0) | G20: =E20-F20 | H20: =D20*E20 | I20: =I19+E20
A22: CHECK_SUMS | B22: =SUM(B7:B20) | C22: payout_raw_sum | D22: =SUM(D7:D20) | E22: =SUM(E7:E20) | F22: =SUM(F7:F20) | G22: =MAX(ABS(G7:G20)) | H22: =SUM(H7:H20) | I22: =IF($B$3>0,H22/$B$3,0) | J22: =IF($D$3="","N/A",ABS(I22-$D$3)<=$F$3)
A23: rtp_drift | B23: =IF($D$3="","",I22-$D$3)
A24: prob_sum_check | B24: =ABS(E22-1)<=1E-9
A25: max_win_value | B25: =MAX(D7:D20)
A26: max_win_probability | B26: =SUMIFS(E7:E20,D7:D20,B25)
A27: outcome_rows | B27: =ROWS(A7:A20)
A28: unique_multipliers | B28: =SUMPRODUCT(1/COUNTIF(D7:D20,D7:D20))
A29: max_exposure_with_max_bet | B29: =B25*500.0

Sheet buy100_low_14
A1: buy100_low_14 Lookup Detail
A2: Derived from lookup rows
A3: Cost | B3: 99 | C3: Target RTP | D3: 0.9605 | E3: RTP Tol | F3: 0.01 | G3: Payout Scale | H3: 100 | I3: Rows (N) | J3: 14 | K3: p_right | L3: 0.79631213 | M3: p_left | N3: =IF(L3="","",1-L3)
A5: Rows
A6: sim_id | B6: weight | C6: payout_raw | D6: payout_scaled | E6: probability_binomial_exact | F6: probability_from_weight | G6: probability_diff | H6: weighted_payout | I6: cumulative_probability
A7: 0 | B7: 0 | C7: 0 | D7: =C7/$H$3 | E7: =IF($J$3="",IF($B$23>0,B7/$B$23,0),COMBIN($J$3,A7)*$L$3^A7*(1-$L$3)^($J$3-A7)) | F7: =IF($B$23>0,B7/$B$23,0) | G7: =E7-F7 | H7: =D7*E7 | I7: =E7
A8: 1 | B8: 12 | C8: 0 | D8: =C8/$H$3 | E8: =IF($J$3="",IF($B$23>0,B8/$B$23,0),COMBIN($J$3,A8)*$L$3^A8*(1-$L$3)^($J$3-A8)) | F8: =IF($B$23>0,B8/$B$23,0) | G8: =E8-F8 | H8: =D8*E8 | I8: =I7+E8
A9: 2 | B9: 294 | C9: 0 | D9: =C9/$H$3 | E9: =IF($J$3="",IF($B$23>0,B9/$B$23,0),COMBIN($J$3,A9)*$L$3^A9*(1-$L$3)^($J$3-A9)) | F9: =IF($B$23>0,B9/$B$23,0) | G9: =E9-F9 | H9: =D9*E9 | I9: =I8+E9
A10: 3 | B10: 4602 | C10: 1 | D10: =C10/$H$3 | E10: =IF($J$3="",IF($B$23>0,B10/$B$23,0),COMBIN($J$3,A10)*$L$3^A10*(1-$L$3)^($J$3-A10)) | F10: =IF($B$23>0,B10/$B$23,0) | G10: =E10-F10 | H10: =D10*E10 | I10: =I9+E10
A11: 4 | B11: 49479 | C11: 2 | D11: =C11/$H$3 | E11: =IF($J$3="",IF($B$23>0,B11/$B$23,0),COMBIN($J$3,A11)*$L$3^A11*(1-$L$3)^($J$3-A11)) | F11: =IF($B$23>0,B11/$B$23,0) | G11: =E11-F11 | H11: =D11*E11 | I11: =I10+E11
A12: 5 | B12: 386872 | C12: 5 | D12: =C12/$H$3 | E12: =IF($J$3="",IF($B$23>0,B12/$B$23,0),COMBIN($J$3,A12)*$L$3^A12*(1-$L$3)^($J$3-A12)) | F12: =IF($B$23>0,B12/$B$23,0) | G12: =E12-F12 | H12: =D12*E12 | I12: =I11+E12
A13: 6 | B13: 2268698 | C13: 15 | D13: =C13/$H$3 | E13: =IF($J$3="",IF($B$23>0,B13/$B$23,0),COMBIN($J$3,A13)*$L$3^A13*(1-$L$3)^($J$3-A13)) | F13: =IF($B$23>0,B13/$B$23,0) | G13: =E13-F13 | H13: =D13*E13 | I13: =I12+E13
A14: 7 | B14: 10136471 | C14: 42 | D14: =C14/$H$3 | E14: =IF($J$3="",IF($B$23>0,B14/$B$23,0),COMBIN($J$3,A14)*$L$3^A14*(1-$L$3)^($J$3-A14)) | F14: =IF($B$23>0,B14/$B$23,0) | G14: =E14-F14 | H14: =D14*E14 | I14: =I13+E14
A15: 8 | B15: 34674721 | C15: 121 | D15: =C15/$H$3 | E15: =IF($J$3="",IF($B$23>0,B15/$B$23,0),COMBIN($J$3,A15)*$L$3^A15*(1-$L$3)^($J$3-A15)) | F15: =IF($B$23>0,B15/$B$23,0) | G15: =E15-F15 | H15: =D15*E15 | I15: =I14+E15
A16: 9 | B16: 90373247 | C16: 350 | D16: =C16/$H$3 | E16: =IF($J$3="",IF($B$23>0,B16/$B$23,0),COMBIN($J$3,A16)*$L$3^A16*(1-$L$3)^($J$3-A16)) | F16: =IF($B$23>0,B16/$B$23,0) | G16: =E16-F16 | H16: =D16*E16 | I16: =I15+E16
A17: 10 | B17: 176655863 | C17: 1011 | D17: =C17/$H$3 | E17: =IF($J$3="",IF($B$23>0,B17/$B$23,0),COMBIN($J$3,A17)*$L$3^A17*(1-$L$3)^($J$3-A17)) | F17: =IF($B$23>0,B17/$B$23,0) | G17: =E17-F17 | H17: =D17*E17 | I17: =I16+E17
A18: 11 | B18: 251138634 | C18: 2920 | D18: =C18/$H$3 | E18: =IF($J$3="",IF($B$23>0,B18/$B$23,0),COMBIN($J$3,A18)*$L$3^A18*(1-$L$3)^($J$3-A18)) | F18: =IF($B$23>0,B18/$B$23,0) | G18: =E18-F18 | H18: =D18*E18 | I18: =I17+E18
A19: 12 | B19: 245454897 | C19: 8430 | D19: =C19/$H$3 | E19: =IF($J$3="",IF($B$23>0,B19/$B$23,0),COMBIN($J$3,A19)*$L$3^A19*(1-$L$3)^($J$3-A19)) | F19: =IF($B$23>0,B19/$B$23,0) | G19: =E19-F19 | H19: =D19*E19 | I19: =I18+E19
... A21: 14 | B21: 41226149 | C21: 70290 | D21: =C21/$H$3 | E21: =IF($J$3="",IF($B$23>0,B21/$B$23,0),COMBIN($J$3,A21)*$L$3^A21*(1-$L$3)^($J$3-A21)) | F21: =IF($B$23>0,B21/$B$23,0) | G21: =E21-F21 | H21: =D21*E21 | I21: =I20+E21
A23: CHECK_SUMS | B23: =SUM(B7:B21) | C23: payout_raw_sum | D23: =SUM(D7:D21) | E23: =SUM(E7:E21) | F23: =SUM(F7:F21) | G23: =MAX(ABS(G7:G21)) | H23: =SUM(H7:H21) | I23: =IF($B$3>0,H23/$B$3,0) | J23: =IF($D$3="","N/A",ABS(I23-$D$3)<=$F$3)
A24: rtp_drift | B24: =IF($D$3="","",I23-$D$3)
A25: prob_sum_check | B25: =ABS(E23-1)<=1E-9
A26: max_win_value | B26: =MAX(D7:D21)
A27: max_win_probability | B27: =SUMIFS(E7:E21,D7:D21,B26)
A28: outcome_rows | B28: =ROWS(A7:A21)
A29: unique_multipliers | B29: =SUMPRODUCT(1/COUNTIF(D7:D21,D7:D21))
A30: max_exposure_with_max_bet | B30: =B26*500.0

Sheet buy100_low_15
A1: buy100_low_15 Lookup Detail
A2: Derived from lookup rows
A3: Cost | B3: 99 | C3: Target RTP | D3: 0.9605 | E3: RTP Tol | F3: 0.01 | G3: Payout Scale | H3: 100 | I3: Rows (N) | J3: 15 | K3: p_right | L3: 0.67975952 | M3: p_left | N3: =IF(L3="","",1-L3)
A5: Rows
A6: sim_id | B6: weight | C6: payout_raw | D6: payout_scaled | E6: probability_binomial_exact | F6: probability_from_weight | G6: probability_diff | H6: weighted_payout | I6: cumulative_probability
A7: 0 | B7: 38 | C7: 2 | D7: =C7/$H$3 | E7: =IF($J$3="",IF($B$24>0,B7/$B$24,0),COMBIN($J$3,A7)*$L$3^A7*(1-$L$3)^($J$3-A7)) | F7: =IF($B$24>0,B7/$B$24,0) | G7: =E7-F7 | H7: =D7*E7 | I7: =E7
A8: 1 | B8: 1217 | C8: 5 | D8: =C8/$H$3 | E8: =IF($J$3="",IF($B$24>0,B8/$B$24,0),COMBIN($J$3,A8)*$L$3^A8*(1-$L$3)^($J$3-A8)) | F8: =IF($B$24>0,B8/$B$24,0) | G8: =E8-F8 | H8: =D8*E8 | I8: =I7+E8
A9: 2 | B9: 18076 | C9: 10 | D9: =C9/$H$3 | E9: =IF($J$3="",IF($B$24>0,B9/$B$24,0),COMBIN($J$3,A9)*$L$3^A9*(1-$L$3)^($J$3-A9)) | F9: =IF($B$24>0,B9/$B$24,0) | G9: =E9-F9 | H9: =D9*E9 | I9: =I8+E9
A10: 3 | B10: 166262 | C10: 21 | D10: =C10/$H$3 | E10: =IF($J$3="",IF($B$24>0,B10/$B$24,0),COMBIN($J$3,A10)*$L$3^A10*(1-$L$3)^($J$3-A10)) | F10: =IF($B$24>0,B10/$B$24,0) | G10: =E10-F10 | H10: =D10*E10 | I10: =I9+E10
A11: 4 | B11: 1058748 | C11: 43 | D11: =C11/$H$3 | E11: =IF($J$3="",IF($B$24>0,B11/$B$24,0),COMBIN($J$3,A11)*$L$3^A11*(1-$L$3)^($J$3-A11)) | F11: =IF($B$24>0,B11/$B$24,0) | G11: =E11-F11 | H11: =D11*E11 | I11: =I10+E11
A12: 5 | B12: 4944179 | C12: 91 | D12: =C12/$H$3 | E12: =IF($J$3="",IF($B$24>0,B12/$B$24,0),COMBIN($J$3,A12)*$L$3^A12*(1-$L$3)^($J$3-A12)) | F12: =IF($B$24>0,B12/$B$24,0) | G12: =E12-F12 | H12: =D12*E12 | I12: =I11+E12
A13: 6 | B13: 17491295 | C13: 191 | D13: =C13/$H$3 | E13: =IF($J$3="",IF($B$24>0,B13/$B$24,0),COMBIN($J$3,A13)*$L$3^A13*(1-$L$3)^($J$3-A13)) | F13: =IF($B$24>0,B13/$B$24,0) | G13: =E13-F13 | H13: =D13*E13 | I13: =I12+E13
A14: 7 | B14: 47735942 | C14: 399 | D14: =C14/$H$3 | E14: =IF($J$3="",IF($B$24>0,B14/$B$24,0),COMBIN($J$3,A14)*$L$3^A14*(1-$L$3)^($J$3-A14)) | F14: =IF($B$24>0,B14/$B$24,0) | G14: =E14-F14 | H14: =D14*E14 | I14: =I13+E14
A15: 8 | B15: 101326854 | C15: 837 | D15: =C15/$H$3 | E15: =IF($J$3="",IF($B$24>0,B15/$B$24,0),COMBIN($J$3,A15)*$L$3^A15*(1-$L$3)^($J$3-A15)) | F15: =IF($B$24>0,B15/$B$24,0) | G15: =E15-F15 | H15: =D15*E15 | I15: =I14+E15
A16: 9 | B16: 167285828 | C16: 1754 | D16: =C16/$H$3 | E16: =IF($J$3="",IF($B$24>0,B16/$B$24,0),COMBIN($J$3,A16)*$L$3^A16*(1-$L$3)^($J$3-A16)) | F16: =IF($B$24>0,B16/$B$24,0) | G16: =E16-F16 | H16: =D16*E16 | I16: =I15+E16
A17: 10 | B17: 213053886 | C17: 3675 | D17: =C17/$H$3 | E17: =IF($J$3="",IF($B$24>0,B17/$B$24,0),COMBIN($J$3,A17)*$L$3^A17*(1-$L$3)^($J$3-A17)) | F17: =IF($B$24>0,B17/$B$24,0) | G17: =E17-F17 | H17: =D17*E17 | I17: =I16+E17
A18: 11 | B18: 205563423 | C18: 7701 | D18: =C18/$H$3 | E18: =IF($J$3="",IF($B$24>0,B18/$B$24,0),COMBIN($J$3,A18)*$L$3^A18*(1-$L$3)^($J$3-A18)) | F18: =IF($B$24>0,B18/$B$24,0) | G18: =E18-F18 | H18: =D18*E18 | I18: =I17+E18
A19: 12 | B19: 145446624 | C19: 16138 | D19: =C19/$H$3 | E19: =IF($J$3="",IF($B$24>0,B19/$B$24,0),COMBIN($J$3,A19)*$L$3^A19*(1-$L$3)^($J$3-A19)) | F19: =IF($B$24>0,B19/$B$24,0) | G19: =E19-F19 | H19: =D19*E19 | I19: =I18+E19
... A22: 15 | B22: 3058575 | C22: 148500 | D22: =C22/$H$3 | E22: =IF($J$3="",IF($B$24>0,B22/$B$24,0),COMBIN($J$3,A22)*$L$3^A22*(1-$L$3)^($J$3-A22)) | F22: =IF($B$24>0,B22/$B$24,0) | G22: =E22-F22 | H22: =D22*E22 | I22: =I21+E22
A24: CHECK_SUMS | B24: =SUM(B7:B22) | C24: payout_raw_sum | D24: =SUM(D7:D22) | E24: =SUM(E7:E22) | F24: =SUM(F7:F22) | G24: =MAX(ABS(G7:G22)) | H24: =SUM(H7:H22) | I24: =IF($B$3>0,H24/$B$3,0) | J24: =IF($D$3="","N/A",ABS(I24-$D$3)<=$F$3)
A25: rtp_drift | B25: =IF($D$3="","",I24-$D$3)
A26: prob_sum_check | B26: =ABS(E24-1)<=1E-9
A27: max_win_value | B27: =MAX(D7:D22)
A28: max_win_probability | B28: =SUMIFS(E7:E22,D7:D22,B27)
A29: outcome_rows | B29: =ROWS(A7:A22)
A30: unique_multipliers | B30: =SUMPRODUCT(1/COUNTIF(D7:D22,D7:D22))
A31: max_exposure_with_max_bet | B31: =B27*500.0

Sheet buy100_low_16
A1: buy100_low_16 Lookup Detail
A2: Derived from lookup rows
A3: Cost | B3: 99 | C3: Target RTP | D3: 0.9605 | E3: RTP Tol | F3: 0.01 | G3: Payout Scale | H3: 100 | I3: Rows (N) | J3: 16 | K3: p_right | L3: 0.68477751 | M3: p_left | N3: =IF(L3="","",1-L3)
A5: Rows
A6: sim_id | B6: weight | C6: payout_raw | D6: payout_scaled | E6: probability_binomial_exact | F6: probability_from_weight | G6: probability_diff | H6: weighted_payout | I6: cumulative_probability
A7: 0 | B7: 10 | C7: 2 | D7: =C7/$H$3 | E7: =IF($J$3="",IF($B$25>0,B7/$B$25,0),COMBIN($J$3,A7)*$L$3^A7*(1-$L$3)^($J$3-A7)) | F7: =IF($B$25>0,B7/$B$25,0) | G7: =E7-F7 | H7: =D7*E7 | I7: =E7
A8: 1 | B8: 330 | C8: 3 | D8: =C8/$H$3 | E8: =IF($J$3="",IF($B$25>0,B8/$B$25,0),COMBIN($J$3,A8)*$L$3^A8*(1-$L$3)^($J$3-A8)) | F8: =IF($B$25>0,B8/$B$25,0) | G8: =E8-F8 | H8: =D8*E8 | I8: =I7+E8
A9: 2 | B9: 5382 | C9: 7 | D9: =C9/$H$3 | E9: =IF($J$3="",IF($B$25>0,B9/$B$25,0),COMBIN($J$3,A9)*$L$3^A9*(1-$L$3)^($J$3-A9)) | F9: =IF($B$25>0,B9/$B$25,0) | G9: =E9-F9 | H9: =D9*E9 | I9: =I8+E9
A10: 3 | B10: 54558 | C10: 14 | D10: =C10/$H$3 | E10: =IF($J$3="",IF($B$25>0,B10/$B$25,0),COMBIN($J$3,A10)*$L$3^A10*(1-$L$3)^($J$3-A10)) | F10: =IF($B$25>0,B10/$B$25,0) | G10: =E10-F10 | H10: =D10*E10 | I10: =I9+E10
A11: 4 | B11: 385191 | C11: 29 | D11: =C11/$H$3 | E11: =IF($J$3="",IF($B$25>0,B11/$B$25,0),COMBIN($J$3,A11)*$L$3^A11*(1-$L$3)^($J$3-A11)) | F11: =IF($B$25>0,B11/$B$25,0) | G11: =E11-F11 | H11: =D11*E11 | I11: =I10+E11
A12: 5 | B12: 2008257 | C12: 60 | D12: =C12/$H$3 | E12: =IF($J$3="",IF($B$25>0,B12/$B$25,0),COMBIN($J$3,A12)*$L$3^A12*(1-$L$3)^($J$3-A12)) | F12: =IF($B$25>0,B12/$B$25,0) | G12: =E12-F12 | H12: =D12*E12 | I12: =I11+E12
A13: 6 | B13: 7998213 | C13: 123 | D13: =C13/$H$3 | E13: =IF($J$3="",IF($B$25>0,B13/$B$25,0),COMBIN($J$3,A13)*$L$3^A13*(1-$L$3)^($J$3-A13)) | F13: =IF($B$25>0,B13/$B$25,0) | G13: =E13-F13 | H13: =D13*E13 | I13: =I12+E13
A14: 7 | B14: 24821454 | C14: 251 | D14: =C14/$H$3 | E14: =IF($J$3="",IF($B$25>0,B14/$B$25,0),COMBIN($J$3,A14)*$L$3^A14*(1-$L$3)^($J$3-A14)) | F14: =IF($B$25>0,B14/$B$25,0) | G14: =E14-F14 | H14: =D14*E14 | I14: =I13+E14
A15: 8 | B15: 60661344 | C15: 514 | D15: =C15/$H$3 | E15: =IF($J$3="",IF($B$25>0,B15/$B$25,0),COMBIN($J$3,A15)*$L$3^A15*(1-$L$3)^($J$3-A15)) | F15: =IF($B$25>0,B15/$B$25,0) | G15: =E15-F15 | H15: =D15*E15 | I15: =I14+E15
A16: 9 | B16: 117136379 | C16: 1052 | D16: =C16/$H$3 | E16: =IF($J$3="",IF($B$25>0,B16/$B$25,0),COMBIN($J$3,A16)*$L$3^A16*(1-$L$3)^($J$3-A16)) | F16: =IF($B$25>0,B16/$B$25,0) | G16: =E16-F16 | H16: =D16*E16 | I16: =I15+E16
A17: 10 | B17: 178123871 | C17: 2154 | D17: =C17/$H$3 | E17: =IF($J$3="",IF($B$25>0,B17/$B$25,0),COMBIN($J$3,A17)*$L$3^A17*(1-$L$3)^($J$3-A17)) | F17: =IF($B$25>0,B17/$B$25,0) | G17: =E17-F17 | H17: =D17*E17 | I17: =I16+E17
A18: 11 | B18: 211063424 | C18: 4409 | D18: =C18/$H$3 | E18: =IF($J$3="",IF($B$25>0,B18/$B$25,0),COMBIN($J$3,A18)*$L$3^A18*(1-$L$3)^($J$3-A18)) | F18: =IF($B$25>0,B18/$B$25,0) | G18: =E18-F18 | H18: =D18*E18 | I18: =I17+E18
A19: 12 | B19: 191044275 | C19: 9024 | D19: =C19/$H$3 | E19: =IF($J$3="",IF($B$25>0,B19/$B$25,0),COMBIN($J$3,A19)*$L$3^A19*(1-$L$3)^($J$3-A19)) | F19: =IF($B$25>0,B19/$B$25,0) | G19: =E19-F19 | H19: =D19*E19 | I19: =I18+E19
... A23: 16 | B23: 2338098 | C23: 158400 | D23: =C23/$H$3 | E23: =IF($J$3="",IF($B$25>0,B23/$B$25,0),COMBIN($J$3,A23)*$L$3^A23*(1-$L$3)^($J$3-A23)) | F23: =IF($B$25>0,B23/$B$25,0) | G23: =E23-F23 | H23: =D23*E23 | I23: =I22+E23
A25: CHECK_SUMS | B25: =SUM(B7:B23) | C25: payout_raw_sum | D25: =SUM(D7:D23) | E25: =SUM(E7:E23) | F25: =SUM(F7:F23) | G25: =MAX(ABS(G7:G23)) | H25: =SUM(H7:H23) | I25: =IF($B$3>0,H25/$B$3,0) | J25: =IF($D$3="","N/A",ABS(I25-$D$3)<=$F$3)
A26: rtp_drift | B26: =IF($D$3="","",I25-$D$3)
A27: prob_sum_check | B27: =ABS(E25-1)<=1E-9
A28: max_win_value | B28: =MAX(D7:D23)
A29: max_win_probability | B29: =SUMIFS(E7:E23,D7:D23,B28)
A30: outcome_rows | B30: =ROWS(A7:A23)
A31: unique_multipliers | B31: =SUMPRODUCT(1/COUNTIF(D7:D23,D7:D23))
A32: max_exposure_with_max_bet | B32: =B28*500.0

Sheet buy100_low_8
A1: buy100_low_8 Lookup Detail
A2: Derived from lookup rows
A3: Cost | B3: 99 | C3: Target RTP | D3: 0.9605 | E3: RTP Tol | F3: 0.01 | G3: Payout Scale | H3: 100 | I3: Rows (N) | J3: 8 | K3: p_right | L3: 0.73307423 | M3: p_left | N3: =IF(L3="","",1-L3)
A5: Rows
A6: sim_id | B6: weight | C6: payout_raw | D6: payout_scaled | E6: probability_binomial_exact | F6: probability_from_weight | G6: probability_diff | H6: weighted_payout | I6: cumulative_probability
A7: 0 | B7: 25771 | C7: 1 | D7: =C7/$H$3 | E7: =IF($J$3="",IF($B$17>0,B7/$B$17,0),COMBIN($J$3,A7)*$L$3^A7*(1-$L$3)^($J$3-A7)) | F7: =IF($B$17>0,B7/$B$17,0) | G7: =E7-F7 | H7: =D7*E7 | I7: =E7
A8: 1 | B8: 566202 | C8: 4 | D8: =C8/$H$3 | E8: =IF($J$3="",IF($B$17>0,B8/$B$17,0),COMBIN($J$3,A8)*$L$3^A8*(1-$L$3)^($J$3-A8)) | F8: =IF($B$17>0,B8/$B$17,0) | G8: =E8-F8 | H8: =D8*E8 | I8: =I7+E8
A9: 2 | B9: 5442482 | C9: 17 | D9: =C9/$H$3 | E9: =IF($J$3="",IF($B$17>0,B9/$B$17,0),COMBIN($J$3,A9)*$L$3^A9*(1-$L$3)^($J$3-A9)) | F9: =IF($B$17>0,B9/$B$17,0) | G9: =E9-F9 | H9: =D9*E9 | I9: =I8+E9
A10: 3 | B10: 29894026 | C10: 65 | D10: =C10/$H$3 | E10: =IF($J$3="",IF($B$17>0,B10/$B$17,0),COMBIN($J$3,A10)*$L$3^A10*(1-$L$3)^($J$3-A10)) | F10: =IF($B$17>0,B10/$B$17,0) | G10: =E10-F10 | H10: =D10*E10 | I10: =I9+E10
A11: 4 | B11: 102624692 | C11: 250 | D11: =C11/$H$3 | E11: =IF($J$3="",IF($B$17>0,B11/$B$17,0),COMBIN($J$3,A11)*$L$3^A11*(1-$L$3)^($J$3-A11)) | F11: =IF($B$17>0,B11/$B$17,0) | G11: =E11-F11 | H11: =D11*E11 | I11: =I10+E11
A12: 5 | B12: 225475472 | C12: 963 | D12: =C12/$H$3 | E12: =IF($J$3="",IF($B$17>0,B12/$B$17,0),COMBIN($J$3,A12)*$L$3^A12*(1-$L$3)^($J$3-A12)) | F12: =IF($B$17>0,B12/$B$17,0) | G12: =E12-F12 | H12: =D12*E12 | I12: =I11+E12
A13: 6 | B13: 309618396 | C13: 3719 | D13: =C13/$H$3 | E13: =IF($J$3="",IF($B$17>0,B13/$B$17,0),COMBIN($J$3,A13)*$L$3^A13*(1-$L$3)^($J$3-A13)) | F13: =IF($B$17>0,B13/$B$17,0) | G13: =E13-F13 | H13: =D13*E13 | I13: =I12+E13
A14: 7 | B14: 242949585 | C14: 14360 | D14: =C14/$H$3 | E14: =IF($J$3="",IF($B$17>0,B14/$B$17,0),COMBIN($J$3,A14)*$L$3^A14*(1-$L$3)^($J$3-A14)) | F14: =IF($B$17>0,B14/$B$17,0) | G14: =E14-F14 | H14: =D14*E14 | I14: =I13+E14
A15: 8 | B15: 83403659 | C15: 55440 | D15: =C15/$H$3 | E15: =IF($J$3="",IF($B$17>0,B15/$B$17,0),COMBIN($J$3,A15)*$L$3^A15*(1-$L$3)^($J$3-A15)) | F15: =IF($B$17>0,B15/$B$17,0) | G15: =E15-F15 | H15: =D15*E15 | I15: =I14+E15
A17: CHECK_SUMS | B17: =SUM(B7:B15) | C17: payout_raw_sum | D17: =SUM(D7:D15) | E17: =SUM(E7:E15) | F17: =SUM(F7:F15) | G17: =MAX(ABS(G7:G15)) | H17: =SUM(H7:H15) | I17: =IF($B$3>0,H17/$B$3,0) | J17: =IF($D$3="","N/A",ABS(I17-$D$3)<=$F$3)
A18: rtp_drift | B18: =IF($D$3="","",I17-$D$3)
A19: prob_sum_check | B19: =ABS(E17-1)<=1E-9
A20: max_win_value | B20: =MAX(D7:D15)
A21: max_win_probability | B21: =SUMIFS(E7:E15,D7:D15,B20)
A22: outcome_rows | B22: =ROWS(A7:A15)
A23: unique_multipliers | B23: =SUMPRODUCT(1/COUNTIF(D7:D15,D7:D15))
A24: max_exposure_with_max_bet | B24: =B20*500.0

Sheet buy100_low_9
A1: buy100_low_9 Lookup Detail
A2: Derived from lookup rows
A3: Cost | B3: 99 | C3: Target RTP | D3: 0.9605 | E3: RTP Tol | F3: 0.01 | G3: Payout Scale | H3: 100 | I3: Rows (N) | J3: 9 | K3: p_right | L3: 0.75852495 | M3: p_left | N3: =IF(L3="","",1-L3)
A5: Rows
A6: sim_id | B6: weight | C6: payout_raw | D6: payout_scaled | E6: probability_binomial_exact | F6: probability_from_weight | G6: probability_diff | H6: weighted_payout | I6: cumulative_probability
A7: 0 | B7: 2792 | C7: 0 | D7: =C7/$H$3 | E7: =IF($J$3="",IF($B$18>0,B7/$B$18,0),COMBIN($J$3,A7)*$L$3^A7*(1-$L$3)^($J$3-A7)) | F7: =IF($B$18>0,B7/$B$18,0) | G7: =E7-F7 | H7: =D7*E7 | I7: =E7
A8: 1 | B8: 78921 | C8: 1 | D8: =C8/$H$3 | E8: =IF($J$3="",IF($B$18>0,B8/$B$18,0),COMBIN($J$3,A8)*$L$3^A8*(1-$L$3)^($J$3-A8)) | F8: =IF($B$18>0,B8/$B$18,0) | G8: =E8-F8 | H8: =D8*E8 | I8: =I7+E8
A9: 2 | B9: 991626 | C9: 5 | D9: =C9/$H$3 | E9: =IF($J$3="",IF($B$18>0,B9/$B$18,0),COMBIN($J$3,A9)*$L$3^A9*(1-$L$3)^($J$3-A9)) | F9: =IF($B$18>0,B9/$B$18,0) | G9: =E9-F9 | H9: =D9*E9 | I9: =I8+E9
A10: 3 | B10: 7268127 | C10: 18 | D10: =C10/$H$3 | E10: =IF($J$3="",IF($B$18>0,B10/$B$18,0),COMBIN($J$3,A10)*$L$3^A10*(1-$L$3)^($J$3-A10)) | F10: =IF($B$18>0,B10/$B$18,0) | G10: =E10-F10 | H10: =D10*E10 | I10: =I9+E10
A11: 4 | B11: 34246118 | C11: 70 | D11: =C11/$H$3 | E11: =IF($J$3="",IF($B$18>0,B11/$B$18,0),COMBIN($J$3,A11)*$L$3^A11*(1-$L$3)^($J$3-A11)) | F11: =IF($B$18>0,B11/$B$18,0) | G11: =E11-F11 | H11: =D11*E11 | I11: =I10+E11
A12: 5 | B12: 107574405 | C12: 266 | D12: =C12/$H$3 | E12: =IF($J$3="",IF($B$18>0,B12/$B$18,0),COMBIN($J$3,A12)*$L$3^A12*(1-$L$3)^($J$3-A12)) | F12: =IF($B$18>0,B12/$B$18,0) | G12: =E12-F12 | H12: =D12*E12 | I12: =I11+E12
A13: 6 | B13: 225276195 | C13: 1012 | D13: =C13/$H$3 | E13: =IF($J$3="",IF($B$18>0,B13/$B$18,0),COMBIN($J$3,A13)*$L$3^A13*(1-$L$3)^($J$3-A13)) | F13: =IF($B$18>0,B13/$B$18,0) | G13: =E13-F13 | H13: =D13*E13 | I13: =I12+E13
A14: 7 | B14: 303274660 | C14: 3843 | D14: =C14/$H$3 | E14: =IF($J$3="",IF($B$18>0,B14/$B$18,0),COMBIN($J$3,A14)*$L$3^A14*(1-$L$3)^($J$3-A14)) | F14: =IF($B$18>0,B14/$B$18,0) | G14: =E14-F14 | H14: =D14*E14 | I14: =I13+E14
A15: 8 | B15: 238162697 | C15: 14596 | D15: =C15/$H$3 | E15: =IF($J$3="",IF($B$18>0,B15/$B$18,0),COMBIN($J$3,A15)*$L$3^A15*(1-$L$3)^($J$3-A15)) | F15: =IF($B$18>0,B15/$B$18,0) | G15: =E15-F15 | H15: =D15*E15 | I15: =I14+E15
A16: 9 | B16: 83117826 | C16: 55440 | D16: =C16/$H$3 | E16: =IF($J$3="",IF($B$18>0,B16/$B$18,0),COMBIN($J$3,A16)*$L$3^A16*(1-$L$3)^($J$3-A16)) | F16: =IF($B$18>0,B16/$B$18,0) | G16: =E16-F16 | H16: =D16*E16 | I16: =I15+E16
A18: CHECK_SUMS | B18: =SUM(B7:B16) | C18: payout_raw_sum | D18: =SUM(D7:D16) | E18: =SUM(E7:E16) | F18: =SUM(F7:F16) | G18: =MAX(ABS(G7:G16)) | H18: =SUM(H7:H16) | I18: =IF($B$3>0,H18/$B$3,0) | J18: =IF($D$3="","N/A",ABS(I18-$D$3)<=$F$3)
A19: rtp_drift | B19: =IF($D$3="","",I18-$D$3)
A20: prob_sum_check | B20: =ABS(E18-1)<=1E-9
A21: max_win_value | B21: =MAX(D7:D16)
A22: max_win_probability | B22: =SUMIFS(E7:E16,D7:D16,B21)
A23: outcome_rows | B23: =ROWS(A7:A16)
A24: unique_multipliers | B24: =SUMPRODUCT(1/COUNTIF(D7:D16,D7:D16))
A25: max_exposure_with_max_bet | B25: =B21*500.0

Sheet buy100_medium_10
A1: buy100_medium_10 Lookup Detail
A2: Derived from lookup rows
A3: Cost | B3: 99 | C3: Target RTP | D3: 0.9605 | E3: RTP Tol | F3: 0.01 | G3: Payout Scale | H3: 100 | I3: Rows (N) | J3: 10 | K3: p_right | L3: 0.7238362 | M3: p_left | N3: =IF(L3="","",1-L3)
A5: Rows
A6: sim_id | B6: weight | C6: payout_raw | D6: payout_scaled | E6: probability_binomial_exact | F6: probability_from_weight | G6: probability_diff | H6: weighted_payout | I6: cumulative_probability
A7: 0 | B7: 2580 | C7: 0 | D7: =C7/$H$3 | E7: =IF($J$3="",IF($B$19>0,B7/$B$19,0),COMBIN($J$3,A7)*$L$3^A7*(1-$L$3)^($J$3-A7)) | F7: =IF($B$19>0,B7/$B$19,0) | G7: =E7-F7 | H7: =D7*E7 | I7: =E7
A8: 1 | B8: 67630 | C8: 0 | D8: =C8/$H$3 | E8: =IF($J$3="",IF($B$19>0,B8/$B$19,0),COMBIN($J$3,A8)*$L$3^A8*(1-$L$3)^($J$3-A8)) | F8: =IF($B$19>0,B8/$B$19,0) | G8: =E8-F8 | H8: =D8*E8 | I8: =I7+E8
A9: 2 | B9: 797677 | C9: 0 | D9: =C9/$H$3 | E9: =IF($J$3="",IF($B$19>0,B9/$B$19,0),COMBIN($J$3,A9)*$L$3^A9*(1-$L$3)^($J$3-A9)) | F9: =IF($B$19>0,B9/$B$19,0) | G9: =E9-F9 | H9: =D9*E9 | I9: =I8+E9
A10: 3 | B10: 5575315 | C10: 0 | D10: =C10/$H$3 | E10: =IF($J$3="",IF($B$19>0,B10/$B$19,0),COMBIN($J$3,A10)*$L$3^A10*(1-$L$3)^($J$3-A10)) | F10: =IF($B$19>0,B10/$B$19,0) | G10: =E10-F10 | H10: =D10*E10 | I10: =I9+E10
A11: 4 | B11: 25572961 | C11: 0 | D11: =C11/$H$3 | E11: =IF($J$3="",IF($B$19>0,B11/$B$19,0),COMBIN($J$3,A11)*$L$3^A11*(1-$L$3)^($J$3-A11)) | F11: =IF($B$19>0,B11/$B$19,0) | G11: =E11-F11 | H11: =D11*E11 | I11: =I10+E11
A12: 5 | B12: 80433285 | C12: 0 | D12: =C12/$H$3 | E12: =IF($J$3="",IF($B$19>0,B12/$B$19,0),COMBIN($J$3,A12)*$L$3^A12*(1-$L$3)^($J$3-A12)) | F12: =IF($B$19>0,B12/$B$19,0) | G12: =E12-F12 | H12: =D12*E12 | I12: =I11+E12
A13: 6 | B13: 175682337 | C13: 0 | D13: =C13/$H$3 | E13: =IF($J$3="",IF($B$19>0,B13/$B$19,0),COMBIN($J$3,A13)*$L$3^A13*(1-$L$3)^($J$3-A13)) | F13: =IF($B$19>0,B13/$B$19,0) | G13: =E13-F13 | H13: =D13*E13 | I13: =I12+E13
A14: 7 | B14: 263125895 | C14: 4 | D14: =C14/$H$3 | E14: =IF($J$3="",IF($B$19>0,B14/$B$19,0),COMBIN($J$3,A14)*$L$3^A14*(1-$L$3)^($J$3-A14)) | F14: =IF($B$19>0,B14/$B$19,0) | G14: =E14-F14 | H14: =D14*E14 | I14: =I13+E14
A15: 8 | B15: 258623746 | C15: 153 | D15: =C15/$H$3 | E15: =IF($J$3="",IF($B$19>0,B15/$B$19,0),COMBIN($J$3,A15)*$L$3^A15*(1-$L$3)^($J$3-A15)) | F15: =IF($B$19>0,B15/$B$19,0) | G15: =E15-F15 | H15: =D15*E15 | I15: =I14+E15
A16: 9 | B16: 150636226 | C16: 5769 | D16: =C16/$H$3 | E16: =IF($J$3="",IF($B$19>0,B16/$B$19,0),COMBIN($J$3,A16)*$L$3^A16*(1-$L$3)^($J$3-A16)) | F16: =IF($B$19>0,B16/$B$19,0) | G16: =E16-F16 | H16: =D16*E16 | I16: =I15+E16
A17: 10 | B17: 39482599 | C17: 217800 | D17: =C17/$H$3 | E17: =IF($J$3="",IF($B$19>0,B17/$B$19,0),COMBIN($J$3,A17)*$L$3^A17*(1-$L$3)^($J$3-A17)) | F17: =IF($B$19>0,B17/$B$19,0) | G17: =E17-F17 | H17: =D17*E17 | I17: =I16+E17
A19: CHECK_SUMS | B19: =SUM(B7:B17) | C19: payout_raw_sum | D19: =SUM(D7:D17) | E19: =SUM(E7:E17) | F19: =SUM(F7:F17) | G19: =MAX(ABS(G7:G17)) | H19: =SUM(H7:H17) | I19: =IF($B$3>0,H19/$B$3,0) | J19: =IF($D$3="","N/A",ABS(I19-$D$3)<=$F$3)
A20: rtp_drift | B20: =IF($D$3="","",I19-$D$3)
A21: prob_sum_check | B21: =ABS(E19-1)<=1E-9
A22: max_win_value | B22: =MAX(D7:D17)
A23: max_win_probability | B23: =SUMIFS(E7:E17,D7:D17,B22)
A24: outcome_rows | B24: =ROWS(A7:A17)
A25: unique_multipliers | B25: =SUMPRODUCT(1/COUNTIF(D7:D17,D7:D17))
A26: max_exposure_with_max_bet | B26: =B22*500.0

Sheet buy100_medium_11
A1: buy100_medium_11 Lookup Detail
A2: Derived from lookup rows
A3: Cost | B3: 99 | C3: Target RTP | D3: 0.9605 | E3: RTP Tol | F3: 0.01 | G3: Payout Scale | H3: 100 | I3: Rows (N) | J3: 11 | K3: p_right | L3: 0.73952088 | M3: p_left | N3: =IF(L3="","",1-L3)
A5: Rows
A6: sim_id | B6: weight | C6: payout_raw | D6: payout_scaled | E6: probability_binomial_exact | F6: probability_from_weight | G6: probability_diff | H6: weighted_payout | I6: cumulative_probability
A7: 0 | B7: 375 | C7: 0 | D7: =C7/$H$3 | E7: =IF($J$3="",IF($B$20>0,B7/$B$20,0),COMBIN($J$3,A7)*$L$3^A7*(1-$L$3)^($J$3-A7)) | F7: =IF($B$20>0,B7/$B$20,0) | G7: =E7-F7 | H7: =D7*E7 | I7: =E7
A8: 1 | B8: 11697 | C8: 0 | D8: =C8/$H$3 | E8: =IF($J$3="",IF($B$20>0,B8/$B$20,0),COMBIN($J$3,A8)*$L$3^A8*(1-$L$3)^($J$3-A8)) | F8: =IF($B$20>0,B8/$B$20,0) | G8: =E8-F8 | H8: =D8*E8 | I8: =I7+E8
A9: 2 | B9: 166043 | C9: 0 | D9: =C9/$H$3 | E9: =IF($J$3="",IF($B$20>0,B9/$B$20,0),COMBIN($J$3,A9)*$L$3^A9*(1-$L$3)^($J$3-A9)) | F9: =IF($B$20>0,B9/$B$20,0) | G9: =E9-F9 | H9: =D9*E9 | I9: =I8+E9
A10: 3 | B10: 1414225 | C10: 0 | D10: =C10/$H$3 | E10: =IF($J$3="",IF($B$20>0,B10/$B$20,0),COMBIN($J$3,A10)*$L$3^A10*(1-$L$3)^($J$3-A10)) | F10: =IF($B$20>0,B10/$B$20,0) | G10: =E10-F10 | H10: =D10*E10 | I10: =I9+E10
A11: 4 | B11: 8030195 | C11: 0 | D11: =C11/$H$3 | E11: =IF($J$3="",IF($B$20>0,B11/$B$20,0),COMBIN($J$3,A11)*$L$3^A11*(1-$L$3)^($J$3-A11)) | F11: =IF($B$20>0,B11/$B$20,0) | G11: =E11-F11 | H11: =D11*E11 | I11: =I10+E11
A12: 5 | B12: 31917705 | C12: 0 | D12: =C12/$H$3 | E12: =IF($J$3="",IF($B$20>0,B12/$B$20,0),COMBIN($J$3,A12)*$L$3^A12*(1-$L$3)^($J$3-A12)) | F12: =IF($B$20>0,B12/$B$20,0) | G12: =E12-F12 | H12: =D12*E12 | I12: =I11+E12
A13: 6 | B13: 90616897 | C13: 0 | D13: =C13/$H$3 | E13: =IF($J$3="",IF($B$20>0,B13/$B$20,0),COMBIN($J$3,A13)*$L$3^A13*(1-$L$3)^($J$3-A13)) | F13: =IF($B$20>0,B13/$B$20,0) | G13: =E13-F13 | H13: =D13*E13 | I13: =I12+E13
A14: 7 | B14: 183763258 | C14: 0 | D14: =C14/$H$3 | E14: =IF($J$3="",IF($B$20>0,B14/$B$20,0),COMBIN($J$3,A14)*$L$3^A14*(1-$L$3)^($J$3-A14)) | F14: =IF($B$20>0,B14/$B$20,0) | G14: =E14-F14 | H14: =D14*E14 | I14: =I13+E14
A15: 8 | B15: 260859235 | C15: 4 | D15: =C15/$H$3 | E15: =IF($J$3="",IF($B$20>0,B15/$B$20,0),COMBIN($J$3,A15)*$L$3^A15*(1-$L$3)^($J$3-A15)) | F15: =IF($B$20>0,B15/$B$20,0) | G15: =E15-F15 | H15: =D15*E15 | I15: =I14+E15
A16: 9 | B16: 246866688 | C16: 163 | D16: =C16/$H$3 | E16: =IF($J$3="",IF($B$20>0,B16/$B$20,0),COMBIN($J$3,A16)*$L$3^A16*(1-$L$3)^($J$3-A16)) | F16: =IF($B$20>0,B16/$B$20,0) | G16: =E16-F16 | H16: =D16*E16 | I16: =I15+E16
A17: 10 | B17: 140174823 | C17: 6218 | D17: =C17/$H$3 | E17: =IF($J$3="",IF($B$20>0,B17/$B$20,0),COMBIN($J$3,A17)*$L$3^A17*(1-$L$3)^($J$3-A17)) | F17: =IF($B$20>0,B17/$B$20,0) | G17: =E17-F17 | H17: =D17*E17 | I17: =I16+E17
A18: 11 | B18: 36178698 | C18: 237600 | D18: =C18/$H$3 | E18: =IF($J$3="",IF($B$20>0,B18/$B$20,0),COMBIN($J$3,A18)*$L$3^A18*(1-$L$3)^($J$3-A18)) | F18: =IF($B$20>0,B18/$B$20,0) | G18: =E18-F18 | H18: =D18*E18 | I18: =I17+E18
A20: CHECK_SUMS | B20: =SUM(B7:B18) | C20: payout_raw_sum | D20: =SUM(D7:D18) | E20: =SUM(E7:E18) | F20: =SUM(F7:F18) | G20: =MAX(ABS(G7:G18)) | H20: =SUM(H7:H18) | I20: =IF($B$3>0,H20/$B$3,0) | J20: =IF($D$3="","N/A",ABS(I20-$D$3)<=$F$3)
A21: rtp_drift | B21: =IF($D$3="","",I20-$D$3)
A22: prob_sum_check | B22: =ABS(E20-1)<=1E-9
A23: max_win_value | B23: =MAX(D7:D18)
A24: max_win_probability | B24: =SUMIFS(E7:E18,D7:D18,B23)
A25: outcome_rows | B25: =ROWS(A7:A18)
A26: unique_multipliers | B26: =SUMPRODUCT(1/COUNTIF(D7:D18,D7:D18))
A27: max_exposure_with_max_bet | B27: =B23*500.0

Sheet buy100_medium_12
A1: buy100_medium_12 Lookup Detail
A2: Derived from lookup rows
A3: Cost | B3: 99 | C3: Target RTP | D3: 0.9605 | E3: RTP Tol | F3: 0.01 | G3: Payout Scale | H3: 100 | I3: Rows (N) | J3: 12 | K3: p_right | L3: 0.7384317 | M3: p_left | N3: =IF(L3="","",1-L3)
A5: Rows
A6: sim_id | B6: weight | C6: payout_raw | D6: payout_scaled | E6: probability_binomial_exact | F6: probability_from_weight | G6: probability_diff | H6: weighted_payout | I6: cumulative_probability
A7: 0 | B7: 103 | C7: 0 | D7: =C7/$H$3 | E7: =IF($J$3="",IF($B$21>0,B7/$B$21,0),COMBIN($J$3,A7)*$L$3^A7*(1-$L$3)^($J$3-A7)) | F7: =IF($B$21>0,B7/$B$21,0) | G7: =E7-F7 | H7: =D7*E7 | I7: =E7
A8: 1 | B8: 3475 | C8: 0 | D8: =C8/$H$3 | E8: =IF($J$3="",IF($B$21>0,B8/$B$21,0),COMBIN($J$3,A8)*$L$3^A8*(1-$L$3)^($J$3-A8)) | F8: =IF($B$21>0,B8/$B$21,0) | G8: =E8-F8 | H8: =D8*E8 | I8: =I7+E8
A9: 2 | B9: 53953 | C9: 0 | D9: =C9/$H$3 | E9: =IF($J$3="",IF($B$21>0,B9/$B$21,0),COMBIN($J$3,A9)*$L$3^A9*(1-$L$3)^($J$3-A9)) | F9: =IF($B$21>0,B9/$B$21,0) | G9: =E9-F9 | H9: =D9*E9 | I9: =I8+E9
A10: 3 | B10: 507715 | C10: 0 | D10: =C10/$H$3 | E10: =IF($J$3="",IF($B$21>0,B10/$B$21,0),COMBIN($J$3,A10)*$L$3^A10*(1-$L$3)^($J$3-A10)) | F10: =IF($B$21>0,B10/$B$21,0) | G10: =E10-F10 | H10: =D10*E10 | I10: =I9+E10
A11: 4 | B11: 3224982 | C11: 0 | D11: =C11/$H$3 | E11: =IF($J$3="",IF($B$21>0,B11/$B$21,0),COMBIN($J$3,A11)*$L$3^A11*(1-$L$3)^($J$3-A11)) | F11: =IF($B$21>0,B11/$B$21,0) | G11: =E11-F11 | H11: =D11*E11 | I11: =I10+E11
A12: 5 | B12: 14567082 | C12: 0 | D12: =C12/$H$3 | E12: =IF($J$3="",IF($B$21>0,B12/$B$21,0),COMBIN($J$3,A12)*$L$3^A12*(1-$L$3)^($J$3-A12)) | F12: =IF($B$21>0,B12/$B$21,0) | G12: =E12-F12 | H12: =D12*E12 | I12: =I11+E12
A13: 6 | B13: 47978271 | C13: 0 | D13: =C13/$H$3 | E13: =IF($J$3="",IF($B$21>0,B13/$B$21,0),COMBIN($J$3,A13)*$L$3^A13*(1-$L$3)^($J$3-A13)) | F13: =IF($B$21>0,B13/$B$21,0) | G13: =E13-F13 | H13: =D13*E13 | I13: =I12+E13
A14: 7 | B14: 116097545 | C14: 0 | D14: =C14/$H$3 | E14: =IF($J$3="",IF($B$21>0,B14/$B$21,0),COMBIN($J$3,A14)*$L$3^A14*(1-$L$3)^($J$3-A14)) | F14: =IF($B$21>0,B14/$B$21,0) | G14: =E14-F14 | H14: =D14*E14 | I14: =I13+E14
A15: 8 | B15: 204846376 | C15: 0 | D15: =C15/$H$3 | E15: =IF($J$3="",IF($B$21>0,B15/$B$21,0),COMBIN($J$3,A15)*$L$3^A15*(1-$L$3)^($J$3-A15)) | F15: =IF($B$21>0,B15/$B$21,0) | G15: =E15-F15 | H15: =D15*E15 | I15: =I14+E15
A16: 9 | B16: 257022416 | C16: 5 | D16: =C16/$H$3 | E16: =IF($J$3="",IF($B$21>0,B16/$B$21,0),COMBIN($J$3,A16)*$L$3^A16*(1-$L$3)^($J$3-A16)) | F16: =IF($B$21>0,B16/$B$21,0) | G16: =E16-F16 | H16: =D16*E16 | I16: =I15+E16
A17: 10 | B17: 217679479 | C17: 189 | D17: =C17/$H$3 | E17: =IF($J$3="",IF($B$21>0,B17/$B$21,0),COMBIN($J$3,A17)*$L$3^A17*(1-$L$3)^($J$3-A17)) | F17: =IF($B$21>0,B17/$B$21,0) | G17: =E17-F17 | H17: =D17*E17 | I17: =I16+E17
A18: 11 | B18: 111732633 | C18: 7866 | D18: =C18/$H$3 | E18: =IF($J$3="",IF($B$21>0,B18/$B$21,0),COMBIN($J$3,A18)*$L$3^A18*(1-$L$3)^($J$3-A18)) | F18: =IF($B$21>0,B18/$B$21,0) | G18: =E18-F18 | H18: =D18*E18 | I18: =I17+E18
A19: 12 | B19: 26285996 | C19: 326700 | D19: =C19/$H$3 | E19: =IF($J$3="",IF($B$21>0,B19/$B$21,0),COMBIN($J$3,A19)*$L$3^A19*(1-$L$3)^($J$3-A19)) | F19: =IF($B$21>0,B19/$B$21,0) | G19: =E19-F19 | H19: =D19*E19 | I19: =I18+E19
A21: CHECK_SUMS | B21: =SUM(B7:B19) | C21: payout_raw_sum | D21: =SUM(D7:D19) | E21: =SUM(E7:E19) | F21: =SUM(F7:F19) | G21: =MAX(ABS(G7:G19)) | H21: =SUM(H7:H19) | I21: =IF($B$3>0,H21/$B$3,0) | J21: =IF($D$3="","N/A",ABS(I21-$D$3)<=$F$3)
A22: rtp_drift | B22: =IF($D$3="","",I21-$D$3)
A23: prob_sum_check | B23: =ABS(E21-1)<=1E-9
A24: max_win_value | B24: =MAX(D7:D19)
A25: max_win_probability | B25: =SUMIFS(E7:E19,D7:D19,B24)
A26: outcome_rows | B26: =ROWS(A7:A19)
A27: unique_multipliers | B27: =SUMPRODUCT(1/COUNTIF(D7:D19,D7:D19))
A28: max_exposure_with_max_bet | B28: =B24*500.0

Sheet buy100_medium_13
A1: buy100_medium_13 Lookup Detail
A2: Derived from lookup rows
A3: Cost | B3: 99 | C3: Target RTP | D3: 0.9605 | E3: RTP Tol | F3: 0.01 | G3: Payout Scale | H3: 100 | I3: Rows (N) | J3: 13 | K3: p_right | L3: 0.73987876 | M3: p_left | N3: =IF(L3="","",1-L3)
A5: Rows
A6: sim_id | B6: weight | C6: payout_raw | D6: payout_scaled | E6: probability_binomial_exact | F6: probability_from_weight | G6: probability_diff | H6: weighted_payout | I6: cumulative_probability
A7: 0 | B7: 25 | C7: 0 | D7: =C7/$H$3 | E7: =IF($J$3="",IF($B$22>0,B7/$B$22,0),COMBIN($J$3,A7)*$L$3^A7*(1-$L$3)^($J$3-A7)) | F7: =IF($B$22>0,B7/$B$22,0) | G7: =E7-F7 | H7: =D7*E7 | I7: =E7
A8: 1 | B8: 923 | C8: 0 | D8: =C8/$H$3 | E8: =IF($J$3="",IF($B$22>0,B8/$B$22,0),COMBIN($J$3,A8)*$L$3^A8*(1-$L$3)^($J$3-A8)) | F8: =IF($B$22>0,B8/$B$22,0) | G8: =E8-F8 | H8: =D8*E8 | I8: =I7+E8
A9: 2 | B9: 15753 | C9: 0 | D9: =C9/$H$3 | E9: =IF($J$3="",IF($B$22>0,B9/$B$22,0),COMBIN($J$3,A9)*$L$3^A9*(1-$L$3)^($J$3-A9)) | F9: =IF($B$22>0,B9/$B$22,0) | G9: =E9-F9 | H9: =D9*E9 | I9: =I8+E9
A10: 3 | B10: 164288 | C10: 0 | D10: =C10/$H$3 | E10: =IF($J$3="",IF($B$22>0,B10/$B$22,0),COMBIN($J$3,A10)*$L$3^A10*(1-$L$3)^($J$3-A10)) | F10: =IF($B$22>0,B10/$B$22,0) | G10: =E10-F10 | H10: =D10*E10 | I10: =I9+E10
A11: 4 | B11: 1168236 | C11: 0 | D11: =C11/$H$3 | E11: =IF($J$3="",IF($B$22>0,B11/$B$22,0),COMBIN($J$3,A11)*$L$3^A11*(1-$L$3)^($J$3-A11)) | F11: =IF($B$22>0,B11/$B$22,0) | G11: =E11-F11 | H11: =D11*E11 | I11: =I10+E11
A12: 5 | B12: 5981193 | C12: 0 | D12: =C12/$H$3 | E12: =IF($J$3="",IF($B$22>0,B12/$B$22,0),COMBIN($J$3,A12)*$L$3^A12*(1-$L$3)^($J$3-A12)) | F12: =IF($B$22>0,B12/$B$22,0) | G12: =E12-F12 | H12: =D12*E12 | I12: =I11+E12
A13: 6 | B13: 22683566 | C13: 0 | D13: =C13/$H$3 | E13: =IF($J$3="",IF($B$22>0,B13/$B$22,0),COMBIN($J$3,A13)*$L$3^A13*(1-$L$3)^($J$3-A13)) | F13: =IF($B$22>0,B13/$B$22,0) | G13: =E13-F13 | H13: =D13*E13 | I13: =I12+E13
A14: 7 | B14: 64520255 | C14: 0 | D14: =C14/$H$3 | E14: =IF($J$3="",IF($B$22>0,B14/$B$22,0),COMBIN($J$3,A14)*$L$3^A14*(1-$L$3)^($J$3-A14)) | F14: =IF($B$22>0,B14/$B$22,0) | G14: =E14-F14 | H14: =D14*E14 | I14: =I13+E14
A15: 8 | B15: 137639185 | C15: 0 | D15: =C15/$H$3 | E15: =IF($J$3="",IF($B$22>0,B15/$B$22,0),COMBIN($J$3,A15)*$L$3^A15*(1-$L$3)^($J$3-A15)) | F15: =IF($B$22>0,B15/$B$22,0) | G15: =E15-F15 | H15: =D15*E15 | I15: =I14+E15
A16: 9 | B16: 217497535 | C16: 0 | D16: =C16/$H$3 | E16: =IF($J$3="",IF($B$22>0,B16/$B$22,0),COMBIN($J$3,A16)*$L$3^A16*(1-$L$3)^($J$3-A16)) | F16: =IF($B$22>0,B16/$B$22,0) | G16: =E16-F16 | H16: =D16*E16 | I16: =I15+E16
A17: 10 | B17: 247456624 | C17: 7 | D17: =C17/$H$3 | E17: =IF($J$3="",IF($B$22>0,B17/$B$22,0),COMBIN($J$3,A17)*$L$3^A17*(1-$L$3)^($J$3-A17)) | F17: =IF($B$22>0,B17/$B$22,0) | G17: =E17-F17 | H17: =D17*E17 | I17: =I16+E17
A18: 11 | B18: 191960736 | C18: 272 | D18: =C18/$H$3 | E18: =IF($J$3="",IF($B$22>0,B18/$B$22,0),COMBIN($J$3,A18)*$L$3^A18*(1-$L$3)^($J$3-A18)) | F18: =IF($B$22>0,B18/$B$22,0) | G18: =E18-F18 | H18: =D18*E18 | I18: =I17+E18
A19: 12 | B19: 91000946 | C19: 10758 | D19: =C19/$H$3 | E19: =IF($J$3="",IF($B$22>0,B19/$B$22,0),COMBIN($J$3,A19)*$L$3^A19*(1-$L$3)^($J$3-A19)) | F19: =IF($B$22>0,B19/$B$22,0) | G19: =E19-F19 | H19: =D19*E19 | I19: =I18+E19
A20: 13 | B20: 19910774 | C20: 425700 | D20: =C20/$H$3 | E20: =IF($J$3="",IF($B$22>0,B20/$B$22,0),COMBIN($J$3,A20)*$L$3^A20*(1-$L$3)^($J$3-A20)) | F20: =IF($B$22>0,B20/$B$22,0) | G20: =E20-F20 | H20: =D20*E20 | I20: =I19+E20
A22: CHECK_SUMS | B22: =SUM(B7:B20) | C22: payout_raw_sum | D22: =SUM(D7:D20) | E22: =SUM(E7:E20) | F22: =SUM(F7:F20) | G22: =MAX(ABS(G7:G20)) | H22: =SUM(H7:H20) | I22: =IF($B$3>0,H22/$B$3,0) | J22: =IF($D$3="","N/A",ABS(I22-$D$3)<=$F$3)
A23: rtp_drift | B23: =IF($D$3="","",I22-$D$3)
A24: prob_sum_check | B24: =ABS(E22-1)<=1E-9
A25: max_win_value | B25: =MAX(D7:D20)
A26: max_win_probability | B26: =SUMIFS(E7:E20,D7:D20,B25)
A27: outcome_rows | B27: =ROWS(A7:A20)
A28: unique_multipliers | B28: =SUMPRODUCT(1/COUNTIF(D7:D20,D7:D20))
A29: max_exposure_with_max_bet | B29: =B25*500.0

Sheet buy100_medium_14
A1: buy100_medium_14 Lookup Detail
A2: Derived from lookup rows
A3: Cost | B3: 99 | C3: Target RTP | D3: 0.9605 | E3: RTP Tol | F3: 0.01 | G3: Payout Scale | H3: 100 | I3: Rows (N) | J3: 14 | K3: p_right | L3: 0.71916921 | M3: p_left | N3: =IF(L3="","",1-L3)
A5: Rows
A6: sim_id | B6: weight | C6: payout_raw | D6: payout_scaled | E6: probability_binomial_exact | F6: probability_from_weight | G6: probability_diff | H6: weighted_payout | I6: cumulative_probability
A7: 0 | B7: 19 | C7: 0 | D7: =C7/$H$3 | E7: =IF($J$3="",IF($B$23>0,B7/$B$23,0),COMBIN($J$3,A7)*$L$3^A7*(1-$L$3)^($J$3-A7)) | F7: =IF($B$23>0,B7/$B$23,0) | G7: =E7-F7 | H7: =D7*E7 | I7: =E7
A8: 1 | B8: 680 | C8: 0 | D8: =C8/$H$3 | E8: =IF($J$3="",IF($B$23>0,B8/$B$23,0),COMBIN($J$3,A8)*$L$3^A8*(1-$L$3)^($J$3-A8)) | F8: =IF($B$23>0,B8/$B$23,0) | G8: =E8-F8 | H8: =D8*E8 | I8: =I7+E8
A9: 2 | B9: 11325 | C9: 0 | D9: =C9/$H$3 | E9: =IF($J$3="",IF($B$23>0,B9/$B$23,0),COMBIN($J$3,A9)*$L$3^A9*(1-$L$3)^($J$3-A9)) | F9: =IF($B$23>0,B9/$B$23,0) | G9: =E9-F9 | H9: =D9*E9 | I9: =I8+E9
A10: 3 | B10: 116008 | C10: 0 | D10: =C10/$H$3 | E10: =IF($J$3="",IF($B$23>0,B10/$B$23,0),COMBIN($J$3,A10)*$L$3^A10*(1-$L$3)^($J$3-A10)) | F10: =IF($B$23>0,B10/$B$23,0) | G10: =E10-F10 | H10: =D10*E10 | I10: =I9+E10
A11: 4 | B11: 816969 | C11: 0 | D11: =C11/$H$3 | E11: =IF($J$3="",IF($B$23>0,B11/$B$23,0),COMBIN($J$3,A11)*$L$3^A11*(1-$L$3)^($J$3-A11)) | F11: =IF($B$23>0,B11/$B$23,0) | G11: =E11-F11 | H11: =D11*E11 | I11: =I10+E11
A12: 5 | B12: 4184292 | C12: 0 | D12: =C12/$H$3 | E12: =IF($J$3="",IF($B$23>0,B12/$B$23,0),COMBIN($J$3,A12)*$L$3^A12*(1-$L$3)^($J$3-A12)) | F12: =IF($B$23>0,B12/$B$23,0) | G12: =E12-F12 | H12: =D12*E12 | I12: =I11+E12
A13: 6 | B13: 16073099 | C13: 0 | D13: =C13/$H$3 | E13: =IF($J$3="",IF($B$23>0,B13/$B$23,0),COMBIN($J$3,A13)*$L$3^A13*(1-$L$3)^($J$3-A13)) | F13: =IF($B$23>0,B13/$B$23,0) | G13: =E13-F13 | H13: =D13*E13 | I13: =I12+E13
A14: 7 | B14: 47041150 | C14: 0 | D14: =C14/$H$3 | E14: =IF($J$3="",IF($B$23>0,B14/$B$23,0),COMBIN($J$3,A14)*$L$3^A14*(1-$L$3)^($J$3-A14)) | F14: =IF($B$23>0,B14/$B$23,0) | G14: =E14-F14 | H14: =D14*E14 | I14: =I13+E14
A15: 8 | B15: 105407703 | C15: 0 | D15: =C15/$H$3 | E15: =IF($J$3="",IF($B$23>0,B15/$B$23,0),COMBIN($J$3,A15)*$L$3^A15*(1-$L$3)^($J$3-A15)) | F15: =IF($B$23>0,B15/$B$23,0) | G15: =E15-F15 | H15: =D15*E15 | I15: =I14+E15
A16: 9 | B16: 179956465 | C16: 5 | D16: =C16/$H$3 | E16: =IF($J$3="",IF($B$23>0,B16/$B$23,0),COMBIN($J$3,A16)*$L$3^A16*(1-$L$3)^($J$3-A16)) | F16: =IF($B$23>0,B16/$B$23,0) | G16: =E16-F16 | H16: =D16*E16 | I16: =I15+E16
A17: 10 | B17: 230421935 | C17: 48 | D17: =C17/$H$3 | E17: =IF($J$3="",IF($B$23>0,B17/$B$23,0),COMBIN($J$3,A17)*$L$3^A17*(1-$L$3)^($J$3-A17)) | F17: =IF($B$23>0,B17/$B$23,0) | G17: =E17-F17 | H17: =D17*E17 | I17: =I16+E17
A18: 11 | B18: 214574194 | C18: 506 | D18: =C18/$H$3 | E18: =IF($J$3="",IF($B$23>0,B18/$B$23,0),COMBIN($J$3,A18)*$L$3^A18*(1-$L$3)^($J$3-A18)) | F18: =IF($B$23>0,B18/$B$23,0) | G18: =E18-F18 | H18: =D18*E18 | I18: =I17+E18
A19: 12 | B19: 137373784 | C19: 5276 | D19: =C19/$H$3 | E19: =IF($J$3="",IF($B$23>0,B19/$B$23,0),COMBIN($J$3,A19)*$L$3^A19*(1-$L$3)^($J$3-A19)) | F19: =IF($B$23>0,B19/$B$23,0) | G19: =E19-F19 | H19: =D19*E19 | I19: =I18+E19
... A21: 14 | B21: 9900084 | C21: 574200 | D21: =C21/$H$3 | E21: =IF($J$3="",IF($B$23>0,B21/$B$23,0),COMBIN($J$3,A21)*$L$3^A21*(1-$L$3)^($J$3-A21)) | F21: =IF($B$23>0,B21/$B$23,0) | G21: =E21-F21 | H21: =D21*E21 | I21: =I20+E21
A23: CHECK_SUMS | B23: =SUM(B7:B21) | C23: payout_raw_sum | D23: =SUM(D7:D21) | E23: =SUM(E7:E21) | F23: =SUM(F7:F21) | G23: =MAX(ABS(G7:G21)) | H23: =SUM(H7:H21) | I23: =IF($B$3>0,H23/$B$3,0) | J23: =IF($D$3="","N/A",ABS(I23-$D$3)<=$F$3)
A24: rtp_drift | B24: =IF($D$3="","",I23-$D$3)
A25: prob_sum_check | B25: =ABS(E23-1)<=1E-9
A26: max_win_value | B26: =MAX(D7:D21)
A27: max_win_probability | B27: =SUMIFS(E7:E21,D7:D21,B26)
A28: outcome_rows | B28: =ROWS(A7:A21)
A29: unique_multipliers | B29: =SUMPRODUCT(1/COUNTIF(D7:D21,D7:D21))
A30: max_exposure_with_max_bet | B30: =B26*500.0

Sheet buy100_medium_15
A1: buy100_medium_15 Lookup Detail
A2: Derived from lookup rows
A3: Cost | B3: 99 | C3: Target RTP | D3: 0.9605 | E3: RTP Tol | F3: 0.01 | G3: Payout Scale | H3: 100 | I3: Rows (N) | J3: 15 | K3: p_right | L3: 0.69302792 | M3: p_left | N3: =IF(L3="","",1-L3)
A5: Rows
A6: sim_id | B6: weight | C6: payout_raw | D6: payout_scaled | E6: probability_binomial_exact | F6: probability_from_weight | G6: probability_diff | H6: weighted_payout | I6: cumulative_probability
A7: 0 | B7: 20 | C7: 0 | D7: =C7/$H$3 | E7: =IF($J$3="",IF($B$24>0,B7/$B$24,0),COMBIN($J$3,A7)*$L$3^A7*(1-$L$3)^($J$3-A7)) | F7: =IF($B$24>0,B7/$B$24,0) | G7: =E7-F7 | H7: =D7*E7 | I7: =E7
A8: 1 | B8: 686 | C8: 0 | D8: =C8/$H$3 | E8: =IF($J$3="",IF($B$24>0,B8/$B$24,0),COMBIN($J$3,A8)*$L$3^A8*(1-$L$3)^($J$3-A8)) | F8: =IF($B$24>0,B8/$B$24,0) | G8: =E8-F8 | H8: =D8*E8 | I8: =I7+E8
A9: 2 | B9: 10839 | C9: 0 | D9: =C9/$H$3 | E9: =IF($J$3="",IF($B$24>0,B9/$B$24,0),COMBIN($J$3,A9)*$L$3^A9*(1-$L$3)^($J$3-A9)) | F9: =IF($B$24>0,B9/$B$24,0) | G9: =E9-F9 | H9: =D9*E9 | I9: =I8+E9
A10: 3 | B10: 106035 | C10: 0 | D10: =C10/$H$3 | E10: =IF($J$3="",IF($B$24>0,B10/$B$24,0),COMBIN($J$3,A10)*$L$3^A10*(1-$L$3)^($J$3-A10)) | F10: =IF($B$24>0,B10/$B$24,0) | G10: =E10-F10 | H10: =D10*E10 | I10: =I9+E10
A11: 4 | B11: 718163 | C11: 0 | D11: =C11/$H$3 | E11: =IF($J$3="",IF($B$24>0,B11/$B$24,0),COMBIN($J$3,A11)*$L$3^A11*(1-$L$3)^($J$3-A11)) | F11: =IF($B$24>0,B11/$B$24,0) | G11: =E11-F11 | H11: =D11*E11 | I11: =I10+E11
A12: 5 | B12: 3566956 | C12: 0 | D12: =C12/$H$3 | E12: =IF($J$3="",IF($B$24>0,B12/$B$24,0),COMBIN($J$3,A12)*$L$3^A12*(1-$L$3)^($J$3-A12)) | F12: =IF($B$24>0,B12/$B$24,0) | G12: =E12-F12 | H12: =D12*E12 | I12: =I11+E12
A13: 6 | B13: 13421416 | C13: 0 | D13: =C13/$H$3 | E13: =IF($J$3="",IF($B$24>0,B13/$B$24,0),COMBIN($J$3,A13)*$L$3^A13*(1-$L$3)^($J$3-A13)) | F13: =IF($B$24>0,B13/$B$24,0) | G13: =E13-F13 | H13: =D13*E13 | I13: =I12+E13
A14: 7 | B14: 38957823 | C14: 0 | D14: =C14/$H$3 | E14: =IF($J$3="",IF($B$24>0,B14/$B$24,0),COMBIN($J$3,A14)*$L$3^A14*(1-$L$3)^($J$3-A14)) | F14: =IF($B$24>0,B14/$B$24,0) | G14: =E14-F14 | H14: =D14*E14 | I14: =I13+E14
A15: 8 | B15: 87952165 | C15: 2 | D15: =C15/$H$3 | E15: =IF($J$3="",IF($B$24>0,B15/$B$24,0),COMBIN($J$3,A15)*$L$3^A15*(1-$L$3)^($J$3-A15)) | F15: =IF($B$24>0,B15/$B$24,0) | G15: =E15-F15 | H15: =D15*E15 | I15: =I14+E15
A16: 9 | B16: 154437912 | C16: 11 | D16: =C16/$H$3 | E16: =IF($J$3="",IF($B$24>0,B16/$B$24,0),COMBIN($J$3,A16)*$L$3^A16*(1-$L$3)^($J$3-A16)) | F16: =IF($B$24>0,B16/$B$24,0) | G16: =E16-F16 | H16: =D16*E16 | I16: =I15+E16
A17: 10 | B17: 209197760 | C17: 73 | D17: =C17/$H$3 | E17: =IF($J$3="",IF($B$24>0,B17/$B$24,0),COMBIN($J$3,A17)*$L$3^A17*(1-$L$3)^($J$3-A17)) | F17: =IF($B$24>0,B17/$B$24,0) | G17: =E17-F17 | H17: =D17*E17 | I17: =I16+E17
A18: 11 | B18: 214677340 | C18: 475 | D18: =C18/$H$3 | E18: =IF($J$3="",IF($B$24>0,B18/$B$24,0),COMBIN($J$3,A18)*$L$3^A18*(1-$L$3)^($J$3-A18)) | F18: =IF($B$24>0,B18/$B$24,0) | G18: =E18-F18 | H18: =D18*E18 | I18: =I17+E18
A19: 12 | B19: 161553663 | C19: 3111 | D19: =C19/$H$3 | E19: =IF($J$3="",IF($B$24>0,B19/$B$24,0),COMBIN($J$3,A19)*$L$3^A19*(1-$L$3)^($J$3-A19)) | F19: =IF($B$24>0,B19/$B$24,0) | G19: =E19-F19 | H19: =D19*E19 | I19: =I18+E19
... A22: 15 | B22: 4085690 | C22: 871200 | D22: =C22/$H$3 | E22: =IF($J$3="",IF($B$24>0,B22/$B$24,0),COMBIN($J$3,A22)*$L$3^A22*(1-$L$3)^($J$3-A22)) | F22: =IF($B$24>0,B22/$B$24,0) | G22: =E22-F22 | H22: =D22*E22 | I22: =I21+E22
A24: CHECK_SUMS | B24: =SUM(B7:B22) | C24: payout_raw_sum | D24: =SUM(D7:D22) | E24: =SUM(E7:E22) | F24: =SUM(F7:F22) | G24: =MAX(ABS(G7:G22)) | H24: =SUM(H7:H22) | I24: =IF($B$3>0,H24/$B$3,0) | J24: =IF($D$3="","N/A",ABS(I24-$D$3)<=$F$3)
A25: rtp_drift | B25: =IF($D$3="","",I24-$D$3)
A26: prob_sum_check | B26: =ABS(E24-1)<=1E-9
A27: max_win_value | B27: =MAX(D7:D22)
A28: max_win_probability | B28: =SUMIFS(E7:E22,D7:D22,B27)
A29: outcome_rows | B29: =ROWS(A7:A22)
A30: unique_multipliers | B30: =SUMPRODUCT(1/COUNTIF(D7:D22,D7:D22))
A31: max_exposure_with_max_bet | B31: =B27*500.0

Sheet buy100_medium_16
A1: buy100_medium_16 Lookup Detail
A2: Derived from lookup rows
A3: Cost | B3: 99 | C3: Target RTP | D3: 0.9605 | E3: RTP Tol | F3: 0.01 | G3: Payout Scale | H3: 100 | I3: Rows (N) | J3: 16 | K3: p_right | L3: 0.68558416 | M3: p_left | N3: =IF(L3="","",1-L3)
A5: Rows
A6: sim_id | B6: weight | C6: payout_raw | D6: payout_scaled | E6: probability_binomial_exact | F6: probability_from_weight | G6: probability_diff | H6: weighted_payout | I6: cumulative_probability
A7: 0 | B7: 9 | C7: 0 | D7: =C7/$H$3 | E7: =IF($J$3="",IF($B$25>0,B7/$B$25,0),COMBIN($J$3,A7)*$L$3^A7*(1-$L$3)^($J$3-A7)) | F7: =IF($B$25>0,B7/$B$25,0) | G7: =E7-F7 | H7: =D7*E7 | I7: =E7
A8: 1 | B8: 318 | C8: 0 | D8: =C8/$H$3 | E8: =IF($J$3="",IF($B$25>0,B8/$B$25,0),COMBIN($J$3,A8)*$L$3^A8*(1-$L$3)^($J$3-A8)) | F8: =IF($B$25>0,B8/$B$25,0) | G8: =E8-F8 | H8: =D8*E8 | I8: =I7+E8
A9: 2 | B9: 5204 | C9: 0 | D9: =C9/$H$3 | E9: =IF($J$3="",IF($B$25>0,B9/$B$25,0),COMBIN($J$3,A9)*$L$3^A9*(1-$L$3)^($J$3-A9)) | F9: =IF($B$25>0,B9/$B$25,0) | G9: =E9-F9 | H9: =D9*E9 | I9: =I8+E9
A10: 3 | B10: 52958 | C10: 0 | D10: =C10/$H$3 | E10: =IF($J$3="",IF($B$25>0,B10/$B$25,0),COMBIN($J$3,A10)*$L$3^A10*(1-$L$3)^($J$3-A10)) | F10: =IF($B$25>0,B10/$B$25,0) | G10: =E10-F10 | H10: =D10*E10 | I10: =I9+E10
A11: 4 | B11: 375290 | C11: 0 | D11: =C11/$H$3 | E11: =IF($J$3="",IF($B$25>0,B11/$B$25,0),COMBIN($J$3,A11)*$L$3^A11*(1-$L$3)^($J$3-A11)) | F11: =IF($B$25>0,B11/$B$25,0) | G11: =E11-F11 | H11: =D11*E11 | I11: =I10+E11
A12: 5 | B12: 1963971 | C12: 0 | D12: =C12/$H$3 | E12: =IF($J$3="",IF($B$25>0,B12/$B$25,0),COMBIN($J$3,A12)*$L$3^A12*(1-$L$3)^($J$3-A12)) | F12: =IF($B$25>0,B12/$B$25,0) | G12: =E12-F12 | H12: =D12*E12 | I12: =I11+E12
A13: 6 | B13: 7851143 | C13: 0 | D13: =C13/$H$3 | E13: =IF($J$3="",IF($B$25>0,B13/$B$25,0),COMBIN($J$3,A13)*$L$3^A13*(1-$L$3)^($J$3-A13)) | F13: =IF($B$25>0,B13/$B$25,0) | G13: =E13-F13 | H13: =D13*E13 | I13: =I12+E13
A14: 7 | B14: 24456326 | C14: 0 | D14: =C14/$H$3 | E14: =IF($J$3="",IF($B$25>0,B14/$B$25,0),COMBIN($J$3,A14)*$L$3^A14*(1-$L$3)^($J$3-A14)) | F14: =IF($B$25>0,B14/$B$25,0) | G14: =E14-F14 | H14: =D14*E14 | I14: =I13+E14
A15: 8 | B15: 59992933 | C15: 1 | D15: =C15/$H$3 | E15: =IF($J$3="",IF($B$25>0,B15/$B$25,0),COMBIN($J$3,A15)*$L$3^A15*(1-$L$3)^($J$3-A15)) | F15: =IF($B$25>0,B15/$B$25,0) | G15: =E15-F15 | H15: =D15*E15 | I15: =I14+E15
A16: 9 | B16: 116279706 | C16: 8 | D16: =C16/$H$3 | E16: =IF($J$3="",IF($B$25>0,B16/$B$25,0),COMBIN($J$3,A16)*$L$3^A16*(1-$L$3)^($J$3-A16)) | F16: =IF($B$25>0,B16/$B$25,0) | G16: =E16-F16 | H16: =D16*E16 | I16: =I15+E16
A17: 10 | B17: 177483637 | C17: 43 | D17: =C17/$H$3 | E17: =IF($J$3="",IF($B$25>0,B17/$B$25,0),COMBIN($J$3,A17)*$L$3^A17*(1-$L$3)^($J$3-A17)) | F17: =IF($B$25>0,B17/$B$25,0) | G17: =E17-F17 | H17: =D17*E17 | I17: =I16+E17
A18: 11 | B18: 211092712 | C18: 232 | D18: =C18/$H$3 | E18: =IF($J$3="",IF($B$25>0,B18/$B$25,0),COMBIN($J$3,A18)*$L$3^A18*(1-$L$3)^($J$3-A18)) | F18: =IF($B$25>0,B18/$B$25,0) | G18: =E18-F18 | H18: =D18*E18 | I18: =I17+E18
A19: 12 | B19: 191786641 | C19: 1259 | D19: =C19/$H$3 | E19: =IF($J$3="",IF($B$25>0,B19/$B$25,0),COMBIN($J$3,A19)*$L$3^A19*(1-$L$3)^($J$3-A19)) | F19: =IF($B$25>0,B19/$B$25,0) | G19: =E19-F19 | H19: =D19*E19 | I19: =I18+E19
... A23: 16 | B23: 2382311 | C23: 1089000 | D23: =C23/$H$3 | E23: =IF($J$3="",IF($B$25>0,B23/$B$25,0),COMBIN($J$3,A23)*$L$3^A23*(1-$L$3)^($J$3-A23)) | F23: =IF($B$25>0,B23/$B$25,0) | G23: =E23-F23 | H23: =D23*E23 | I23: =I22+E23
A25: CHECK_SUMS | B25: =SUM(B7:B23) | C25: payout_raw_sum | D25: =SUM(D7:D23) | E25: =SUM(E7:E23) | F25: =SUM(F7:F23) | G25: =MAX(ABS(G7:G23)) | H25: =SUM(H7:H23) | I25: =IF($B$3>0,H25/$B$3,0) | J25: =IF($D$3="","N/A",ABS(I25-$D$3)<=$F$3)
A26: rtp_drift | B26: =IF($D$3="","",I25-$D$3)
A27: prob_sum_check | B27: =ABS(E25-1)<=1E-9
A28: max_win_value | B28: =MAX(D7:D23)
A29: max_win_probability | B29: =SUMIFS(E7:E23,D7:D23,B28)
A30: outcome_rows | B30: =ROWS(A7:A23)
A31: unique_multipliers | B31: =SUMPRODUCT(1/COUNTIF(D7:D23,D7:D23))
A32: max_exposure_with_max_bet | B32: =B28*500.0

Sheet buy100_medium_8
A1: buy100_medium_8 Lookup Detail
A2: Derived from lookup rows
A3: Cost | B3: 99 | C3: Target RTP | D3: 0.9605 | E3: RTP Tol | F3: 0.01 | G3: Payout Scale | H3: 100 | I3: Rows (N) | J3: 8 | K3: p_right | L3: 0.71329448 | M3: p_left | N3: =IF(L3="","",1-L3)
A5: Rows
A6: sim_id | B6: weight | C6: payout_raw | D6: payout_scaled | E6: probability_binomial_exact | F6: probability_from_weight | G6: probability_diff | H6: weighted_payout | I6: cumulative_probability
A7: 0 | B7: 45655 | C7: 0 | D7: =C7/$H$3 | E7: =IF($J$3="",IF($B$17>0,B7/$B$17,0),COMBIN($J$3,A7)*$L$3^A7*(1-$L$3)^($J$3-A7)) | F7: =IF($B$17>0,B7/$B$17,0) | G7: =E7-F7 | H7: =D7*E7 | I7: =E7
A8: 1 | B8: 908681 | C8: 0 | D8: =C8/$H$3 | E8: =IF($J$3="",IF($B$17>0,B8/$B$17,0),COMBIN($J$3,A8)*$L$3^A8*(1-$L$3)^($J$3-A8)) | F8: =IF($B$17>0,B8/$B$17,0) | G8: =E8-F8 | H8: =D8*E8 | I8: =I7+E8
A9: 2 | B9: 7912470 | C9: 0 | D9: =C9/$H$3 | E9: =IF($J$3="",IF($B$17>0,B9/$B$17,0),COMBIN($J$3,A9)*$L$3^A9*(1-$L$3)^($J$3-A9)) | F9: =IF($B$17>0,B9/$B$17,0) | G9: =E9-F9 | H9: =D9*E9 | I9: =I8+E9
A10: 3 | B10: 39370859 | C10: 0 | D10: =C10/$H$3 | E10: =IF($J$3="",IF($B$17>0,B10/$B$17,0),COMBIN($J$3,A10)*$L$3^A10*(1-$L$3)^($J$3-A10)) | F10: =IF($B$17>0,B10/$B$17,0) | G10: =E10-F10 | H10: =D10*E10 | I10: =I9+E10
A11: 4 | B11: 122438419 | C11: 0 | D11: =C11/$H$3 | E11: =IF($J$3="",IF($B$17>0,B11/$B$17,0),COMBIN($J$3,A11)*$L$3^A11*(1-$L$3)^($J$3-A11)) | F11: =IF($B$17>0,B11/$B$17,0) | G11: =E11-F11 | H11: =D11*E11 | I11: =I10+E11
A12: 5 | B12: 243691571 | C12: 4 | D12: =C12/$H$3 | E12: =IF($J$3="",IF($B$17>0,B12/$B$17,0),COMBIN($J$3,A12)*$L$3^A12*(1-$L$3)^($J$3-A12)) | F12: =IF($B$17>0,B12/$B$17,0) | G12: =E12-F12 | H12: =D12*E12 | I12: =I11+E12
A13: 6 | B13: 303140051 | C13: 120 | D13: =C13/$H$3 | E13: =IF($J$3="",IF($B$17>0,B13/$B$17,0),COMBIN($J$3,A13)*$L$3^A13*(1-$L$3)^($J$3-A13)) | F13: =IF($B$17>0,B13/$B$17,0) | G13: =E13-F13 | H13: =D13*E13 | I13: =I12+E13
A14: 7 | B14: 215480553 | C14: 3932 | D14: =C14/$H$3 | E14: =IF($J$3="",IF($B$17>0,B14/$B$17,0),COMBIN($J$3,A14)*$L$3^A14*(1-$L$3)^($J$3-A14)) | F14: =IF($B$17>0,B14/$B$17,0) | G14: =E14-F14 | H14: =D14*E14 | I14: =I13+E14
A15: 8 | B15: 67011052 | C15: 128700 | D15: =C15/$H$3 | E15: =IF($J$3="",IF($B$17>0,B15/$B$17,0),COMBIN($J$3,A15)*$L$3^A15*(1-$L$3)^($J$3-A15)) | F15: =IF($B$17>0,B15/$B$17,0) | G15: =E15-F15 | H15: =D15*E15 | I15: =I14+E15
A17: CHECK_SUMS | B17: =SUM(B7:B15) | C17: payout_raw_sum | D17: =SUM(D7:D15) | E17: =SUM(E7:E15) | F17: =SUM(F7:F15) | G17: =MAX(ABS(G7:G15)) | H17: =SUM(H7:H15) | I17: =IF($B$3>0,H17/$B$3,0) | J17: =IF($D$3="","N/A",ABS(I17-$D$3)<=$F$3)
A18: rtp_drift | B18: =IF($D$3="","",I17-$D$3)
A19: prob_sum_check | B19: =ABS(E17-1)<=1E-9
A20: max_win_value | B20: =MAX(D7:D15)
A21: max_win_probability | B21: =SUMIFS(E7:E15,D7:D15,B20)
A22: outcome_rows | B22: =ROWS(A7:A15)
A23: unique_multipliers | B23: =SUMPRODUCT(1/COUNTIF(D7:D15,D7:D15))
A24: max_exposure_with_max_bet | B24: =B20*500.0

Sheet buy100_medium_9
A1: buy100_medium_9 Lookup Detail
A2: Derived from lookup rows
A3: Cost | B3: 99 | C3: Target RTP | D3: 0.9605 | E3: RTP Tol | F3: 0.01 | G3: Payout Scale | H3: 100 | I3: Rows (N) | J3: 9 | K3: p_right | L3: 0.71412333 | M3: p_left | N3: =IF(L3="","",1-L3)
A5: Rows
A6: sim_id | B6: weight | C6: payout_raw | D6: payout_scaled | E6: probability_binomial_exact | F6: probability_from_weight | G6: probability_diff | H6: weighted_payout | I6: cumulative_probability
A7: 0 | B7: 12753 | C7: 0 | D7: =C7/$H$3 | E7: =IF($J$3="",IF($B$18>0,B7/$B$18,0),COMBIN($J$3,A7)*$L$3^A7*(1-$L$3)^($J$3-A7)) | F7: =IF($B$18>0,B7/$B$18,0) | G7: =E7-F7 | H7: =D7*E7 | I7: =E7
A8: 1 | B8: 286712 | C8: 0 | D8: =C8/$H$3 | E8: =IF($J$3="",IF($B$18>0,B8/$B$18,0),COMBIN($J$3,A8)*$L$3^A8*(1-$L$3)^($J$3-A8)) | F8: =IF($B$18>0,B8/$B$18,0) | G8: =E8-F8 | H8: =D8*E8 | I8: =I7+E8
A9: 2 | B9: 2864837 | C9: 0 | D9: =C9/$H$3 | E9: =IF($J$3="",IF($B$18>0,B9/$B$18,0),COMBIN($J$3,A9)*$L$3^A9*(1-$L$3)^($J$3-A9)) | F9: =IF($B$18>0,B9/$B$18,0) | G9: =E9-F9 | H9: =D9*E9 | I9: =I8+E9
A10: 3 | B10: 16698260 | C10: 0 | D10: =C10/$H$3 | E10: =IF($J$3="",IF($B$18>0,B10/$B$18,0),COMBIN($J$3,A10)*$L$3^A10*(1-$L$3)^($J$3-A10)) | F10: =IF($B$18>0,B10/$B$18,0) | G10: =E10-F10 | H10: =D10*E10 | I10: =I9+E10
A11: 4 | B11: 62568680 | C11: 0 | D11: =C11/$H$3 | E11: =IF($J$3="",IF($B$18>0,B11/$B$18,0),COMBIN($J$3,A11)*$L$3^A11*(1-$L$3)^($J$3-A11)) | F11: =IF($B$18>0,B11/$B$18,0) | G11: =E11-F11 | H11: =D11*E11 | I11: =I10+E11
A12: 5 | B12: 156297311 | C12: 0 | D12: =C12/$H$3 | E12: =IF($J$3="",IF($B$18>0,B12/$B$18,0),COMBIN($J$3,A12)*$L$3^A12*(1-$L$3)^($J$3-A12)) | F12: =IF($B$18>0,B12/$B$18,0) | G12: =E12-F12 | H12: =D12*E12 | I12: =I11+E12
A13: 6 | B13: 260288366 | C13: 4 | D13: =C13/$H$3 | E13: =IF($J$3="",IF($B$18>0,B13/$B$18,0),COMBIN($J$3,A13)*$L$3^A13*(1-$L$3)^($J$3-A13)) | F13: =IF($B$18>0,B13/$B$18,0) | G13: =E13-F13 | H13: =D13*E13 | I13: =I12+E13
A14: 7 | B14: 278658620 | C14: 138 | D14: =C14/$H$3 | E14: =IF($J$3="",IF($B$18>0,B14/$B$18,0),COMBIN($J$3,A14)*$L$3^A14*(1-$L$3)^($J$3-A14)) | F14: =IF($B$18>0,B14/$B$18,0) | G14: =E14-F14 | H14: =D14*E14 | I14: =I13+E14
A15: 8 | B15: 174023141 | C15: 4955 | D15: =C15/$H$3 | E15: =IF($J$3="",IF($B$18>0,B15/$B$18,0),COMBIN($J$3,A15)*$L$3^A15*(1-$L$3)^($J$3-A15)) | F15: =IF($B$18>0,B15/$B$18,0) | G15: =E15-F15 | H15: =D15*E15 | I15: =I14+E15
A16: 9 | B16: 48300573 | C16: 178200 | D16: =C16/$H$3 | E16: =IF($J$3="",IF($B$18>0,B16/$B$18,0),COMBIN($J$3,A16)*$L$3^A16*(1-$L$3)^($J$3-A16)) | F16: =IF($B$18>0,B16/$B$18,0) | G16: =E16-F16 | H16: =D16*E16 | I16: =I15+E16
A18: CHECK_SUMS | B18: =SUM(B7:B16) | C18: payout_raw_sum | D18: =SUM(D7:D16) | E18: =SUM(E7:E16) | F18: =SUM(F7:F16) | G18: =MAX(ABS(G7:G16)) | H18: =SUM(H7:H16) | I18: =IF($B$3>0,H18/$B$3,0) | J18: =IF($D$3="","N/A",ABS(I18-$D$3)<=$F$3)
A19: rtp_drift | B19: =IF($D$3="","",I18-$D$3)
A20: prob_sum_check | B20: =ABS(E18-1)<=1E-9
A21: max_win_value | B21: =MAX(D7:D16)
A22: max_win_probability | B22: =SUMIFS(E7:E16,D7:D16,B21)
A23: outcome_rows | B23: =ROWS(A7:A16)
A24: unique_multipliers | B24: =SUMPRODUCT(1/COUNTIF(D7:D16,D7:D16))
A25: max_exposure_with_max_bet | B25: =B21*500.0

Sheet normal_expert_10
A1: normal_expert_10 Lookup Detail
A2: Derived from lookup rows
A3: Cost | B3: 1 | C3: Target RTP | D3: 0.9605 | E3: RTP Tol | F3: 0.01 | G3: Payout Scale | H3: 100 | I3: Rows (N) | J3: 10 | K3: p_right | L3: 0.46094971 | M3: p_left | N3: =IF(L3="","",1-L3)
A5: Rows
A6: sim_id | B6: weight | C6: payout_raw | D6: payout_scaled | E6: probability_binomial_exact | F6: probability_from_weight | G6: probability_diff | H6: weighted_payout | I6: cumulative_probability
A7: 0 | B7: 2071538 | C7: 0 | D7: =C7/$H$3 | E7: =IF($J$3="",IF($B$19>0,B7/$B$19,0),COMBIN($J$3,A7)*$L$3^A7*(1-$L$3)^($J$3-A7)) | F7: =IF($B$19>0,B7/$B$19,0) | G7: =E7-F7 | H7: =D7*E7 | I7: =E7
A8: 1 | B8: 17714018 | C8: 0 | D8: =C8/$H$3 | E8: =IF($J$3="",IF($B$19>0,B8/$B$19,0),COMBIN($J$3,A8)*$L$3^A8*(1-$L$3)^($J$3-A8)) | F8: =IF($B$19>0,B8/$B$19,0) | G8: =E8-F8 | H8: =D8*E8 | I8: =I7+E8
A9: 2 | B9: 68163811 | C9: 0 | D9: =C9/$H$3 | E9: =IF($J$3="",IF($B$19>0,B9/$B$19,0),COMBIN($J$3,A9)*$L$3^A9*(1-$L$3)^($J$3-A9)) | F9: =IF($B$19>0,B9/$B$19,0) | G9: =E9-F9 | H9: =D9*E9 | I9: =I8+E9
A10: 3 | B10: 155434301 | C10: 0 | D10: =C10/$H$3 | E10: =IF($J$3="",IF($B$19>0,B10/$B$19,0),COMBIN($J$3,A10)*$L$3^A10*(1-$L$3)^($J$3-A10)) | F10: =IF($B$19>0,B10/$B$19,0) | G10: =E10-F10 | H10: =D10*E10 | I10: =I9+E10
A11: 4 | B11: 232599716 | C11: 0 | D11: =C11/$H$3 | E11: =IF($J$3="",IF($B$19>0,B11/$B$19,0),COMBIN($J$3,A11)*$L$3^A11*(1-$L$3)^($J$3-A11)) | F11: =IF($B$19>0,B11/$B$19,0) | G11: =E11-F11 | H11: =D11*E11 | I11: =I10+E11
A12: 5 | B12: 238679266 | C12: 0 | D12: =C12/$H$3 | E12: =IF($J$3="",IF($B$19>0,B12/$B$19,0),COMBIN($J$3,A12)*$L$3^A12*(1-$L$3)^($J$3-A12)) | F12: =IF($B$19>0,B12/$B$19,0) | G12: =E12-F12 | H12: =D12*E12 | I12: =I11+E12
A13: 6 | B13: 170081749 | C13: 0 | D13: =C13/$H$3 | E13: =IF($J$3="",IF($B$19>0,B13/$B$19,0),COMBIN($J$3,A13)*$L$3^A13*(1-$L$3)^($J$3-A13)) | F13: =IF($B$19>0,B13/$B$19,0) | G13: =E13-F13 | H13: =D13*E13 | I13: =I12+E13
A14: 7 | B14: 83108211 | C14: 0 | D14: =C14/$H$3 | E14: =IF($J$3="",IF($B$19>0,B14/$B$19,0),COMBIN($J$3,A14)*$L$3^A14*(1-$L$3)^($J$3-A14)) | F14: =IF($B$19>0,B14/$B$19,0) | G14: =E14-F14 | H14: =D14*E14 | I14: =I13+E14
A15: 8 | B15: 26650138 | C15: 16 | D15: =C15/$H$3 | E15: =IF($J$3="",IF($B$19>0,B15/$B$19,0),COMBIN($J$3,A15)*$L$3^A15*(1-$L$3)^($J$3-A15)) | F15: =IF($B$19>0,B15/$B$19,0) | G15: =E15-F15 | H15: =D15*E15 | I15: =I14+E15
A16: 9 | B16: 5064204 | C16: 1779 | D16: =C16/$H$3 | E16: =IF($J$3="",IF($B$19>0,B16/$B$19,0),COMBIN($J$3,A16)*$L$3^A16*(1-$L$3)^($J$3-A16)) | F16: =IF($B$19>0,B16/$B$19,0) | G16: =E16-F16 | H16: =D16*E16 | I16: =I15+E16
A17: 10 | B17: 433072 | C17: 200000 | D17: =C17/$H$3 | E17: =IF($J$3="",IF($B$19>0,B17/$B$19,0),COMBIN($J$3,A17)*$L$3^A17*(1-$L$3)^($J$3-A17)) | F17: =IF($B$19>0,B17/$B$19,0) | G17: =E17-F17 | H17: =D17*E17 | I17: =I16+E17
A19: CHECK_SUMS | B19: =SUM(B7:B17) | C19: payout_raw_sum | D19: =SUM(D7:D17) | E19: =SUM(E7:E17) | F19: =SUM(F7:F17) | G19: =MAX(ABS(G7:G17)) | H19: =SUM(H7:H17) | I19: =IF($B$3>0,H19/$B$3,0) | J19: =IF($D$3="","N/A",ABS(I19-$D$3)<=$F$3)
A20: rtp_drift | B20: =IF($D$3="","",I19-$D$3)
A21: prob_sum_check | B21: =ABS(E19-1)<=1E-9
A22: max_win_value | B22: =MAX(D7:D17)
A23: max_win_probability | B23: =SUMIFS(E7:E17,D7:D17,B22)
A24: outcome_rows | B24: =ROWS(A7:A17)
A25: unique_multipliers | B25: =SUMPRODUCT(1/COUNTIF(D7:D17,D7:D17))
A26: max_exposure_with_max_bet | B26: =B22*500.0

Sheet normal_expert_11
A1: normal_expert_11 Lookup Detail
A2: Derived from lookup rows
A3: Cost | B3: 1 | C3: Target RTP | D3: 0.960499 | E3: RTP Tol | F3: 0.01 | G3: Payout Scale | H3: 100 | I3: Rows (N) | J3: 11 | K3: p_right | L3: 0.45994886 | M3: p_left | N3: =IF(L3="","",1-L3)
A5: Rows
A6: sim_id | B6: weight | C6: payout_raw | D6: payout_scaled | E6: probability_binomial_exact | F6: probability_from_weight | G6: probability_diff | H6: weighted_payout | I6: cumulative_probability
A7: 0 | B7: 1139682 | C7: 0 | D7: =C7/$H$3 | E7: =IF($J$3="",IF($B$20>0,B7/$B$20,0),COMBIN($J$3,A7)*$L$3^A7*(1-$L$3)^($J$3-A7)) | F7: =IF($B$20>0,B7/$B$20,0) | G7: =E7-F7 | H7: =D7*E7 | I7: =E7
A8: 1 | B8: 10677046 | C8: 0 | D8: =C8/$H$3 | E8: =IF($J$3="",IF($B$20>0,B8/$B$20,0),COMBIN($J$3,A8)*$L$3^A8*(1-$L$3)^($J$3-A8)) | F8: =IF($B$20>0,B8/$B$20,0) | G8: =E8-F8 | H8: =D8*E8 | I8: =I7+E8
A9: 2 | B9: 45466944 | C9: 0 | D9: =C9/$H$3 | E9: =IF($J$3="",IF($B$20>0,B9/$B$20,0),COMBIN($J$3,A9)*$L$3^A9*(1-$L$3)^($J$3-A9)) | F9: =IF($B$20>0,B9/$B$20,0) | G9: =E9-F9 | H9: =D9*E9 | I9: =I8+E9
A10: 3 | B10: 116169382 | C10: 0 | D10: =C10/$H$3 | E10: =IF($J$3="",IF($B$20>0,B10/$B$20,0),COMBIN($J$3,A10)*$L$3^A10*(1-$L$3)^($J$3-A10)) | F10: =IF($B$20>0,B10/$B$20,0) | G10: =E10-F10 | H10: =D10*E10 | I10: =I9+E10
A11: 4 | B11: 197877464 | C11: 0 | D11: =C11/$H$3 | E11: =IF($J$3="",IF($B$20>0,B11/$B$20,0),COMBIN($J$3,A11)*$L$3^A11*(1-$L$3)^($J$3-A11)) | F11: =IF($B$20>0,B11/$B$20,0) | G11: =E11-F11 | H11: =D11*E11 | I11: =I10+E11
A12: 5 | B12: 235938619 | C12: 0 | D12: =C12/$H$3 | E12: =IF($J$3="",IF($B$20>0,B12/$B$20,0),COMBIN($J$3,A12)*$L$3^A12*(1-$L$3)^($J$3-A12)) | F12: =IF($B$20>0,B12/$B$20,0) | G12: =E12-F12 | H12: =D12*E12 | I12: =I11+E12
A13: 6 | B13: 200943375 | C13: 0 | D13: =C13/$H$3 | E13: =IF($J$3="",IF($B$20>0,B13/$B$20,0),COMBIN($J$3,A13)*$L$3^A13*(1-$L$3)^($J$3-A13)) | F13: =IF($B$20>0,B13/$B$20,0) | G13: =E13-F13 | H13: =D13*E13 | I13: =I12+E13
A14: 7 | B14: 122241964 | C14: 0 | D14: =C14/$H$3 | E14: =IF($J$3="",IF($B$20>0,B14/$B$20,0),COMBIN($J$3,A14)*$L$3^A14*(1-$L$3)^($J$3-A14)) | F14: =IF($B$20>0,B14/$B$20,0) | G14: =E14-F14 | H14: =D14*E14 | I14: =I13+E14
A15: 8 | B15: 52055304 | C15: 13 | D15: =C15/$H$3 | E15: =IF($J$3="",IF($B$20>0,B15/$B$20,0),COMBIN($J$3,A15)*$L$3^A15*(1-$L$3)^($J$3-A15)) | F15: =IF($B$20>0,B15/$B$20,0) | G15: =E15-F15 | H15: =D15*E15 | I15: =I14+E15
A16: 9 | B16: 14778093 | C16: 372 | D16: =C16/$H$3 | E16: =IF($J$3="",IF($B$20>0,B16/$B$20,0),COMBIN($J$3,A16)*$L$3^A16*(1-$L$3)^($J$3-A16)) | F16: =IF($B$20>0,B16/$B$20,0) | G16: =E16-F16 | H16: =D16*E16 | I16: =I15+E16
A17: 10 | B17: 2517231 | C17: 10912 | D17: =C17/$H$3 | E17: =IF($J$3="",IF($B$20>0,B17/$B$20,0),COMBIN($J$3,A17)*$L$3^A17*(1-$L$3)^($J$3-A17)) | F17: =IF($B$20>0,B17/$B$20,0) | G17: =E17-F17 | H17: =D17*E17 | I17: =I16+E17
A18: 11 | B18: 195024 | C18: 320000 | D18: =C18/$H$3 | E18: =IF($J$3="",IF($B$20>0,B18/$B$20,0),COMBIN($J$3,A18)*$L$3^A18*(1-$L$3)^($J$3-A18)) | F18: =IF($B$20>0,B18/$B$20,0) | G18: =E18-F18 | H18: =D18*E18 | I18: =I17+E18
A20: CHECK_SUMS | B20: =SUM(B7:B18) | C20: payout_raw_sum | D20: =SUM(D7:D18) | E20: =SUM(E7:E18) | F20: =SUM(F7:F18) | G20: =MAX(ABS(G7:G18)) | H20: =SUM(H7:H18) | I20: =IF($B$3>0,H20/$B$3,0) | J20: =IF($D$3="","N/A",ABS(I20-$D$3)<=$F$3)
A21: rtp_drift | B21: =IF($D$3="","",I20-$D$3)
A22: prob_sum_check | B22: =ABS(E20-1)<=1E-9
A23: max_win_value | B23: =MAX(D7:D18)
A24: max_win_probability | B24: =SUMIFS(E7:E18,D7:D18,B23)
A25: outcome_rows | B25: =ROWS(A7:A18)
A26: unique_multipliers | B26: =SUMPRODUCT(1/COUNTIF(D7:D18,D7:D18))
A27: max_exposure_with_max_bet | B27: =B23*500.0

Sheet normal_expert_12
A1: normal_expert_12 Lookup Detail
A2: Derived from lookup rows
A3: Cost | B3: 1 | C3: Target RTP | D3: 0.960501 | E3: RTP Tol | F3: 0.01 | G3: Payout Scale | H3: 100 | I3: Rows (N) | J3: 12 | K3: p_right | L3: 0.43644835 | M3: p_left | N3: =IF(L3="","",1-L3)
A5: Rows
A6: sim_id | B6: weight | C6: payout_raw | D6: payout_scaled | E6: probability_binomial_exact | F6: probability_from_weight | G6: probability_diff | H6: weighted_payout | I6: cumulative_probability
A7: 0 | B7: 1026136 | C7: 0 | D7: =C7/$H$3 | E7: =IF($J$3="",IF($B$21>0,B7/$B$21,0),COMBIN($J$3,A7)*$L$3^A7*(1-$L$3)^($J$3-A7)) | F7: =IF($B$21>0,B7/$B$21,0) | G7: =E7-F7 | H7: =D7*E7 | I7: =E7
A8: 1 | B8: 9536414 | C8: 0 | D8: =C8/$H$3 | E8: =IF($J$3="",IF($B$21>0,B8/$B$21,0),COMBIN($J$3,A8)*$L$3^A8*(1-$L$3)^($J$3-A8)) | F8: =IF($B$21>0,B8/$B$21,0) | G8: =E8-F8 | H8: =D8*E8 | I8: =I7+E8
A9: 2 | B9: 40620655 | C9: 0 | D9: =C9/$H$3 | E9: =IF($J$3="",IF($B$21>0,B9/$B$21,0),COMBIN($J$3,A9)*$L$3^A9*(1-$L$3)^($J$3-A9)) | F9: =IF($B$21>0,B9/$B$21,0) | G9: =E9-F9 | H9: =D9*E9 | I9: =I8+E9
A10: 3 | B10: 104863608 | C10: 0 | D10: =C10/$H$3 | E10: =IF($J$3="",IF($B$21>0,B10/$B$21,0),COMBIN($J$3,A10)*$L$3^A10*(1-$L$3)^($J$3-A10)) | F10: =IF($B$21>0,B10/$B$21,0) | G10: =E10-F10 | H10: =D10*E10 | I10: =I9+E10
A11: 4 | B11: 182728562 | C11: 0 | D11: =C11/$H$3 | E11: =IF($J$3="",IF($B$21>0,B11/$B$21,0),COMBIN($J$3,A11)*$L$3^A11*(1-$L$3)^($J$3-A11)) | F11: =IF($B$21>0,B11/$B$21,0) | G11: =E11-F11 | H11: =D11*E11 | I11: =I10+E11
A12: 5 | B12: 226425608 | C12: 0 | D12: =C12/$H$3 | E12: =IF($J$3="",IF($B$21>0,B12/$B$21,0),COMBIN($J$3,A12)*$L$3^A12*(1-$L$3)^($J$3-A12)) | F12: =IF($B$21>0,B12/$B$21,0) | G12: =E12-F12 | H12: =D12*E12 | I12: =I11+E12
A13: 6 | B13: 204583901 | C13: 0 | D13: =C13/$H$3 | E13: =IF($J$3="",IF($B$21>0,B13/$B$21,0),COMBIN($J$3,A13)*$L$3^A13*(1-$L$3)^($J$3-A13)) | F13: =IF($B$21>0,B13/$B$21,0) | G13: =E13-F13 | H13: =D13*E13 | I13: =I12+E13
A14: 7 | B14: 135807511 | C14: 2 | D14: =C14/$H$3 | E14: =IF($J$3="",IF($B$21>0,B14/$B$21,0),COMBIN($J$3,A14)*$L$3^A14*(1-$L$3)^($J$3-A14)) | F14: =IF($B$21>0,B14/$B$21,0) | G14: =E14-F14 | H14: =D14*E14 | I14: =I13+E14
A15: 8 | B15: 65735948 | C15: 25 | D15: =C15/$H$3 | E15: =IF($J$3="",IF($B$21>0,B15/$B$21,0),COMBIN($J$3,A15)*$L$3^A15*(1-$L$3)^($J$3-A15)) | F15: =IF($B$21>0,B15/$B$21,0) | G15: =E15-F15 | H15: =D15*E15 | I15: =I14+E15
A16: 9 | B16: 22626612 | C16: 315 | D16: =C16/$H$3 | E16: =IF($J$3="",IF($B$21>0,B16/$B$21,0),COMBIN($J$3,A16)*$L$3^A16*(1-$L$3)^($J$3-A16)) | F16: =IF($B$21>0,B16/$B$21,0) | G16: =E16-F16 | H16: =D16*E16 | I16: =I15+E16
A17: 10 | B17: 5257023 | C17: 3945 | D17: =C17/$H$3 | E17: =IF($J$3="",IF($B$21>0,B17/$B$21,0),COMBIN($J$3,A17)*$L$3^A17*(1-$L$3)^($J$3-A17)) | F17: =IF($B$21>0,B17/$B$21,0) | G17: =E17-F17 | H17: =D17*E17 | I17: =I16+E17
A18: 11 | B18: 740246 | C18: 49458 | D18: =C18/$H$3 | E18: =IF($J$3="",IF($B$21>0,B18/$B$21,0),COMBIN($J$3,A18)*$L$3^A18*(1-$L$3)^($J$3-A18)) | F18: =IF($B$21>0,B18/$B$21,0) | G18: =E18-F18 | H18: =D18*E18 | I18: =I17+E18
A19: 12 | B19: 47835 | C19: 620000 | D19: =C19/$H$3 | E19: =IF($J$3="",IF($B$21>0,B19/$B$21,0),COMBIN($J$3,A19)*$L$3^A19*(1-$L$3)^($J$3-A19)) | F19: =IF($B$21>0,B19/$B$21,0) | G19: =E19-F19 | H19: =D19*E19 | I19: =I18+E19
A21: CHECK_SUMS | B21: =SUM(B7:B19) | C21: payout_raw_sum | D21: =SUM(D7:D19) | E21: =SUM(E7:E19) | F21: =SUM(F7:F19) | G21: =MAX(ABS(G7:G19)) | H21: =SUM(H7:H19) | I21: =IF($B$3>0,H21/$B$3,0) | J21: =IF($D$3="","N/A",ABS(I21-$D$3)<=$F$3)
A22: rtp_drift | B22: =IF($D$3="","",I21-$D$3)
A23: prob_sum_check | B23: =ABS(E21-1)<=1E-9
A24: max_win_value | B24: =MAX(D7:D19)
A25: max_win_probability | B25: =SUMIFS(E7:E19,D7:D19,B24)
A26: outcome_rows | B26: =ROWS(A7:A19)
A27: unique_multipliers | B27: =SUMPRODUCT(1/COUNTIF(D7:D19,D7:D19))
A28: max_exposure_with_max_bet | B28: =B24*500.0

Sheet normal_expert_13
A1: normal_expert_13 Lookup Detail
A2: Derived from lookup rows
A3: Cost | B3: 1 | C3: Target RTP | D3: 0.960498 | E3: RTP Tol | F3: 0.01 | G3: Payout Scale | H3: 100 | I3: Rows (N) | J3: 13 | K3: p_right | L3: 0.4287234 | M3: p_left | N3: =IF(L3="","",1-L3)
A5: Rows
A6: sim_id | B6: weight | C6: payout_raw | D6: payout_scaled | E6: probability_binomial_exact | F6: probability_from_weight | G6: probability_diff | H6: weighted_payout | I6: cumulative_probability
A7: 0 | B7: 690246 | C7: 0 | D7: =C7/$H$3 | E7: =IF($J$3="",IF($B$22>0,B7/$B$22,0),COMBIN($J$3,A7)*$L$3^A7*(1-$L$3)^($J$3-A7)) | F7: =IF($B$22>0,B7/$B$22,0) | G7: =E7-F7 | H7: =D7*E7 | I7: =E7
A8: 1 | B8: 6734072 | C8: 0 | D8: =C8/$H$3 | E8: =IF($J$3="",IF($B$22>0,B8/$B$22,0),COMBIN($J$3,A8)*$L$3^A8*(1-$L$3)^($J$3-A8)) | F8: =IF($B$22>0,B8/$B$22,0) | G8: =E8-F8 | H8: =D8*E8 | I8: =I7+E8
A9: 2 | B9: 30322134 | C9: 0 | D9: =C9/$H$3 | E9: =IF($J$3="",IF($B$22>0,B9/$B$22,0),COMBIN($J$3,A9)*$L$3^A9*(1-$L$3)^($J$3-A9)) | F9: =IF($B$22>0,B9/$B$22,0) | G9: =E9-F9 | H9: =D9*E9 | I9: =I8+E9
A10: 3 | B10: 83437628 | C10: 0 | D10: =C10/$H$3 | E10: =IF($J$3="",IF($B$22>0,B10/$B$22,0),COMBIN($J$3,A10)*$L$3^A10*(1-$L$3)^($J$3-A10)) | F10: =IF($B$22>0,B10/$B$22,0) | G10: =E10-F10 | H10: =D10*E10 | I10: =I9+E10
A11: 4 | B11: 156542660 | C11: 0 | D11: =C11/$H$3 | E11: =IF($J$3="",IF($B$22>0,B11/$B$22,0),COMBIN($J$3,A11)*$L$3^A11*(1-$L$3)^($J$3-A11)) | F11: =IF($B$22>0,B11/$B$22,0) | G11: =E11-F11 | H11: =D11*E11 | I11: =I10+E11
A12: 5 | B12: 211463770 | C12: 0 | D12: =C12/$H$3 | E12: =IF($J$3="",IF($B$22>0,B12/$B$22,0),COMBIN($J$3,A12)*$L$3^A12*(1-$L$3)^($J$3-A12)) | F12: =IF($B$22>0,B12/$B$22,0) | G12: =E12-F12 | H12: =D12*E12 | I12: =I11+E12
A13: 6 | B13: 211595029 | C13: 0 | D13: =C13/$H$3 | E13: =IF($J$3="",IF($B$22>0,B13/$B$22,0),COMBIN($J$3,A13)*$L$3^A13*(1-$L$3)^($J$3-A13)) | F13: =IF($B$22>0,B13/$B$22,0) | G13: =E13-F13 | H13: =D13*E13 | I13: =I12+E13
A14: 7 | B14: 158794778 | C14: 2 | D14: =C14/$H$3 | E14: =IF($J$3="",IF($B$22>0,B14/$B$22,0),COMBIN($J$3,A14)*$L$3^A14*(1-$L$3)^($J$3-A14)) | F14: =IF($B$22>0,B14/$B$22,0) | G14: =E14-F14 | H14: =D14*E14 | I14: =I13+E14
A15: 8 | B15: 89377506 | C15: 15 | D15: =C15/$H$3 | E15: =IF($J$3="",IF($B$22>0,B15/$B$22,0),COMBIN($J$3,A15)*$L$3^A15*(1-$L$3)^($J$3-A15)) | F15: =IF($B$22>0,B15/$B$22,0) | G15: =E15-F15 | H15: =D15*E15 | I15: =I14+E15
A16: 9 | B16: 37263744 | C16: 140 | D16: =C16/$H$3 | E16: =IF($J$3="",IF($B$22>0,B16/$B$22,0),COMBIN($J$3,A16)*$L$3^A16*(1-$L$3)^($J$3-A16)) | F16: =IF($B$22>0,B16/$B$22,0) | G16: =E16-F16 | H16: =D16*E16 | I16: =I15+E16
